clean_text,Language
nature broadest sense natural physical material world universe,English
nature refer phenomenon physical world life general,English
study nature large part science,English
although human part nature human activity often understood separate category natural phenomenon,English
word nature borrowed old french nature derived latin word natura essential quality innate disposition ancient time literally meant birth,English
ancient philosophy natura mostly used latin translation greek word physis φύσις originally related intrinsic characteristic plant animal feature world develop accord,English
concept nature whole physical universe one several expansion original notion began certain core application word φύσις pre socratic philosopher though word dynamic dimension especially heraclitus steadily gained currency ever since,English
advent modern scientific method last several century nature became passive reality organized moved divine law,English
industrial revolution nature increasingly became seen part reality deprived intentional intervention hence considered sacred tradition rousseau american transcendentalism mere decorum divine providence human history hegel marx,English
however vitalist vision nature closer presocratic one got reborn time especially charles darwin,English
within various us word today nature often refers geology wildlife,English
nature refer general realm living plant animal case process associated inanimate object way particular type thing exist change accord weather geology earth,English
often taken mean natural environment wilderness wild animal rock forest general thing substantially altered human intervention persist despite human intervention,English
example manufactured object human interaction generally considered part nature unless qualified example human nature whole nature,English
traditional concept natural thing still found today implies distinction natural artificial artificial understood brought human consciousness human mind,English
depending particular context term natural might distinguished unnatural supernatural,English
earth planet known support life natural feature subject many field scientific research,English
within solar system third closest sun largest terrestrial planet fifth largest overall,English
prominent climatic feature two large polar region two relatively narrow temperate zone wide equatorial tropical subtropical region,English
precipitation varies widely location several metre water per year less millimetre,English
percent earth surface covered salt water ocean,English
remainder consists continent island inhabited land northern hemisphere,English
earth evolved geological biological process left trace original condition,English
outer surface divided several gradually migrating tectonic plate,English
interior remains active thick layer plastic mantle iron filled core generates magnetic field,English
iron core composed solid inner phase fluid outer phase,English
convective motion core generates electric current dynamo action turn generate geomagnetic field,English
atmospheric condition significantly altered original condition presence life form create ecological balance stabilizes surface condition,English
despite wide regional variation climate latitude geographic factor long term average global climate quite stable interglacial period variation degree two average global temperature historically major effect ecological balance actual geography earth,English
geology science study solid liquid matter constitutes earth,English
field geology encompasses study composition structure physical property dynamic history earth material process formed moved changed,English
field major academic discipline important mineral hydrocarbon extraction knowledge mitigation natural hazard geotechnical engineering field understanding past climate environment,English
geology area evolves time rock unit deposited inserted deformational process change shape location,English
rock unit first emplaced either deposition onto surface intrude overlying rock,English
deposition occur sediment settle onto surface earth later lithify sedimentary rock volcanic material volcanic ash lava flow blanket surface,English
igneous intrusion batholith laccoliths dike sill push upwards overlying rock crystallize intrude,English
initial sequence rock deposited rock unit deformed metamorphosed,English
deformation typically occurs result horizontal shortening horizontal extension side side strike slip motion,English
structural regime broadly relate convergent boundary divergent boundary transform boundary respectively tectonic plate,English
earth estimated formed billion year ago solar nebula along sun planet,English
moon formed roughly million year later,English
initially molten outer layer earth cooled resulting solid crust,English
outgassing volcanic activity produced primordial atmosphere,English
condensing water vapor came ice delivered comet produced ocean water source,English
highly energetic chemistry believed produced self replicating molecule around billion year ago,English
continent formed broke reformed surface earth reshaped hundred million year occasionally combining make supercontinent,English
roughly 750 million year ago earliest known supercontinent rodinia began break apart,English
continent later recombined form pannotia broke apart 540 million year ago finally pangaea broke apart 180 million year ago,English
neoproterozoic era freezing temperature covered much earth glacier ice sheet,English
hypothesis termed snowball earth particular interest precedes cambrian explosion multicellular life form began proliferate 530 540 million year ago,English
since cambrian explosion five distinctly identifiable mass extinction,English
last mass extinction occurred million year ago meteorite collision probably triggered extinction non avian dinosaur large reptile spared small animal mammal,English
past million year mammalian life diversified,English
several million year ago specie small african ape gained ability stand upright,English
subsequent advent human life development agriculture civilization allowed human affect earth rapidly previous life form affecting nature quantity organism well global climate,English
comparison great oxygenation event produced proliferation algae siderian period required 300 million year culminate,English
present era classified part mass extinction event holocene extinction event fastest ever occurred,English
wilson harvard university predict human destruction biosphere could cause extinction one half specie next 100 year,English
extent current extinction event still researched debated calculated biologist,English
earth atmosphere key factor sustaining ecosystem,English
thin layer gas envelops earth held place gravity,English
air mostly nitrogen oxygen water vapor much smaller amount carbon dioxide argon etc,English
atmospheric pressure decline steadily altitude,English
ozone layer play important role depleting amount ultraviolet radiation reach surface,English
dna readily damaged light serf protect life surface,English
atmosphere retains heat night thereby reducing daily temperature extreme,English
terrestrial weather occurs almost exclusively lower part atmosphere serf convective system redistributing heat,English
ocean current another important factor determining climate particularly major underwater thermohaline circulation distributes heat energy equatorial ocean polar region,English
current help moderate difference temperature winter summer temperate zone,English
without redistribution heat energy ocean current atmosphere tropic would much hotter polar region much colder,English
weather beneficial harmful effect,English
extreme weather tornado hurricane cyclone expend large amount energy along path produce devastation,English
surface vegetation evolved dependence seasonal variation weather sudden change lasting year dramatic effect vegetation animal depend growth food,English
climate measure long term trend weather,English
various factor known influence climate including ocean current surface albedo greenhouse gas variation solar luminosity change earth orbit,English
based historical record earth known undergone drastic climate change past including ice age,English
climate region depends number factor especially latitude,English
latitudinal band surface similar climatic attribute form climate region,English
number region ranging tropical climate equator polar climate northern southern extreme,English
weather influenced season result earth axis tilted relative orbital plane,English
thus given time summer winter one part earth directly exposed ray sun,English
exposure alternate earth revolves orbit,English
given time regardless season northern southern hemisphere experience opposite season,English
weather chaotic system readily modified small change environment accurate weather forecasting limited day,English
overall two thing happening worldwide temperature increasing average regional climate undergoing noticeable change,English
water chemical substance composed hydrogen oxygen h2o vital known form life,English
typical usage water refers liquid form state substance solid state ice gaseous state water vapor steam,English
water cover earth surface,English
earth found mostly ocean large body water water ground aquifer 001 air vapor cloud precipitation,English
ocean hold surface water glacier polar ice cap land surface water river lake pond,English
additionally minute amount earth water contained within biological body manufactured product,English
ocean major body saline water principal component hydrosphere,English
approximately earth surface area 361 million square kilometer covered ocean continuous body water customarily divided several principal ocean smaller sea,English
half area 000 meter 800 foot deep,English
average oceanic salinity around part per thousand ppt nearly seawater salinity range ppt,English
though generally recognized several separate ocean water comprise one global interconnected body salt water often referred world ocean global ocean,English
concept global ocean continuous body water relatively free interchange among part fundamental importance oceanography,English
major oceanic division defined part continent various archipelago criterion division descending order size pacific ocean atlantic ocean indian ocean southern ocean arctic ocean,English
smaller region ocean called sea gulf bay name,English
salt lake smaller body landlocked saltwater interconnected world ocean,English
two notable example salt lake aral sea great salt lake,English
lake latin word lacus terrain feature physical feature body liquid surface world localized bottom basin another type landform terrain feature global move slowly move,English
earth body water considered lake inland part ocean larger deeper pond fed river,English
world earth known harbor lake titan saturn largest moon lake ethane likely mixed methane,English
known titan lake fed river though titan surface carved numerous river bed,English
natural lake earth generally found mountainous area rift zone area ongoing recent glaciation,English
lake found endorheic basin along course mature river,English
part world many lake chaotic drainage pattern left last ice age,English
lake temporary geologic time scale slowly fill sediment spill basin containing,English
pond body standing water either natural made usually smaller lake,English
wide variety made body water classified pond including water garden designed aesthetic ornamentation fish pond designed commercial fish breeding solar pond designed store thermal energy,English
pond lake distinguished stream via current speed,English
current stream easily observed pond lake possess thermally driven micro current moderate wind driven current,English
feature distinguish pond many aquatic terrain feature stream pool tide pool,English
river natural watercourse usually freshwater flowing towards ocean lake sea another river,English
case river simply flow ground dry completely reaching another body water,English
small river may called several name including stream creek brook rivulet rill general rule defines called river,English
many name small river specific geographic location one example burn scotland north east england,English
sometimes river said larger creek always case due vagueness language,English
river part hydrological cycle,English
water within river generally collected precipitation surface runoff groundwater recharge spring release stored water natural ice snowpacks glacier,English
stream flowing body water current confined within bed stream bank,English
united state stream classified watercourse less foot metre wide,English
stream important conduit water cycle instrument groundwater recharge serve corridor fish wildlife migration,English
biological habitat immediate vicinity stream called riparian zone,English
given status ongoing holocene extinction stream play important corridor role connecting fragmented habitat thus conserving biodiversity,English
study stream waterway general involves many branch inter disciplinary natural science engineering including hydrology fluvial geomorphology aquatic ecology fish biology riparian ecology others,English
ecosystem composed variety biotic abiotic component function interrelated way,English
structure composition determined various environmental factor interrelated,English
variation factor initiate dynamic modification ecosystem,English
important component soil atmosphere radiation sun water living organism,English
central ecosystem concept idea living organism interact every element local environment,English
eugene odum founder ecology stated unit includes organism community given area interacting physical environment flow energy lead clearly defined trophic structure biotic diversity material cycle,English
exchange material living nonliving part within system ecosystem,English
within ecosystem specie connected dependent upon one another food chain exchange energy matter well environment,English
human ecosystem concept based human nature dichotomy idea specie ecologically dependent well abiotic constituent biotope,English
smaller unit size called microecosystem,English
example microsystem stone life,English
macroecosystem might involve whole ecoregion drainage basin,English
wilderness generally defined area significantly modified human activity,English
wilderness area found preserve estate farm conservation preserve ranch national forest national park even urban area along river gulch otherwise undeveloped area,English
wilderness area protected park considered important survival certain specie ecological study conservation solitude,English
nature writer believe wilderness area vital human spirit creativity ecologist consider wilderness area integral part earth self sustaining natural ecosystem biosphere,English
may preserve historic genetic trait provide habitat wild flora fauna may difficult impossible recreate zoo arboretum laboratory,English
although universal agreement definition life scientist generally accept biological manifestation life characterized organization metabolism growth adaptation response stimulus reproduction,English
life may said simply characteristic state organism,English
property common terrestrial organism plant animal fungi protist archaea bacteria cellular carbon water based complex organization metabolism capacity grow respond stimulus reproduce,English
entity property generally considered life,English
however every definition life considers property essential,English
human made analog life may considered life,English
biosphere part earth outer shell including land surface rock water air atmosphere within life occurs biotic process turn alter transform,English
broadest geophysiological point view biosphere global ecological system integrating living being relationship including interaction element lithosphere rock hydrosphere water atmosphere air,English
entire earth contains billion ton 150 trillion pound 1013 kilogram biomass life life within various environment within biosphere,English
nine tenth total biomass earth plant life animal life depends heavily existence,English
million specie plant animal life identified date estimate actual number existing specie range several million well million,English
number individual specie life constantly degree flux new specie appearing others ceasing exist continual basis,English
total number specie rapid decline,English
origin life earth well understood known occurred least billion year ago hadean archean eon primordial earth substantially different environment found present,English
life form possessed basic trait self replication inheritable trait,English
life appeared process evolution natural selection resulted development ever diverse life form,English
specie unable adapt changing environment competition life form became extinct,English
however fossil record retains evidence many older specie,English
current fossil dna evidence show existing specie trace continual ancestry back first primitive life form,English
basic form plant life developed process photosynthesis sun energy could harvested create condition allowed complex life form,English
resultant oxygen accumulated atmosphere gave rise ozone layer,English
incorporation smaller cell within larger one resulted development yet complex cell called eukaryote,English
cell within colony became increasingly specialized resulting true multicellular organism,English
ozone layer absorbing harmful ultraviolet radiation life colonized surface earth,English
first form life develop earth microbe remained form life billion year ago multi cellular organism began appear,English
microorganism single celled organism generally microscopic smaller human eye see,English
include bacteria fungi archaea protista,English
life form found almost every location earth liquid water including earth interior,English
reproduction rapid profuse,English
combination high mutation rate horizontal gene transfer ability make highly adaptable able survive new environment including outer space,English
form essential part planetary ecosystem,English
however microorganism pathogenic post health risk organism,English
originally aristotle divided living thing plant generally move fast enough human notice animal,English
linnaeus system became kingdom vegetabilia later plantae animalia,English
since become clear plantae originally defined included several unrelated group fungi several group algae removed new kingdom,English
however still often considered plant many context,English
bacterial life sometimes included flora classification use term bacterial flora separately plant flora,English
among many way classifying plant regional flora depending purpose study include fossil flora remnant plant life previous era,English
people many region country take great pride individual array characteristic flora vary widely across globe due difference climate terrain,English
regional flora commonly divided category native flora agricultural garden flora lastly mentioned intentionally grown cultivated,English
type native flora actually introduced century ago people migrating one region continent another become integral part native natural flora place introduced,English
example human interaction nature blur boundary considered nature,English
another category plant historically carved weed,English
though term fallen disfavor among botanist formal way categorize useless plant informal use word weed describe plant deemed worthy elimination illustrative general tendency people society seek alter shape course nature,English
similarly animal often categorized way domestic farm animal wild animal pest etc,English
according relationship human life,English
animal category several characteristic generally set apart living thing,English
animal eukaryotic usually multicellular although see myxozoa separate bacteria archaea protist,English
heterotrophic generally digesting food internal chamber separate plant algae,English
distinguished plant algae fungi lacking cell wall,English
exception notably two phylum consisting sponge placozoans animal body differentiated tissue,English
include muscle able contract control locomotion nervous system sends process signal,English
typically internal digestive chamber,English
eukaryotic cell possessed animal surrounded characteristic extracellular matrix composed collagen elastic glycoprotein,English
may calcified form structure like shell bone spicule framework upon cell move reorganized development maturation support complex anatomy required mobility,English
although human comprise minuscule proportion total living biomass earth human effect nature disproportionately large,English
extent human influence boundary human regard nature made environment clear cut except extreme,English
even extreme amount natural environment free discernible human influence diminishing increasingly rapid pace,English
development technology human race allowed greater exploitation natural resource helped alleviate risk natural hazard,English
spite progress however fate human civilization remains closely linked change environment,English
exists highly complex feedback loop use advanced technology change environment slowly becoming understood,English
made threat earth natural environment include pollution deforestation disaster oil spill,English
human contributed extinction many plant animal,English
human employ nature leisure economic activity,English
acquisition natural resource industrial use remains sizable component world economic system,English
activity hunting fishing used sustenance leisure often different people,English
agriculture first adopted around 9th millennium bce,English
ranging food production energy nature influence economic wealth,English
although early human gathered uncultivated plant material food employed medicinal property vegetation healing modern human use plant agriculture,English
clearance large tract land crop growth led significant reduction amount available forestation wetland resulting loss habitat many plant animal specie well increased erosion,English
beauty nature historically prevalent theme art book filling large section library bookstore,English
nature depicted celebrated much art photography poetry literature show strength many people associate nature beauty,English
reason association exists association consists studied branch philosophy called aesthetic,English
beyond certain basic characteristic many philosopher agree explain seen beautiful opinion virtually endless,English
nature wildness important subject various era world history,English
early tradition landscape art began china tang dynasty 618 907,English
tradition representing nature became one aim chinese painting significant influence asian art,English
although natural wonder celebrated psalm book job wilderness portrayal art became prevalent 1800s especially work romantic movement,English
british artist john constable turner turned attention capturing beauty natural world painting,English
painting primarily religious scene human being,English
william wordsworth poetry described wonder natural world formerly viewed threatening place,English
increasingly valuing nature became aspect western culture,English
artistic movement coincided transcendentalist movement western world,English
common classical idea beautiful art involves word mimesis imitation nature,English
realm idea beauty nature perfect implied perfect mathematical form generally pattern nature,English
david rothenburg writes beautiful root science goal art highest possibility humanity ever hope see,English
281 field science see nature matter motion obeying certain law nature science seek understand,English
reason fundamental science generally understood physic name still recognizable meaning study nature,English
matter commonly defined substance physical object composed,English
constitutes observable universe,English
visible component universe believed compose percent total mass,English
remainder believed consist percent cold dark matter percent dark energy,English
exact arrangement component still unknown intensive investigation physicist,English
behaviour matter energy throughout observable universe appears follow well defined physical law,English
law employed produce cosmological model successfully explain structure evolution universe observe,English
mathematical expression law physic employ set twenty physical constant appear static across observable universe,English
value constant carefully measured reason specific value remains mystery,English
outer space simply called space refers relatively empty region universe outside atmosphere celestial body,English
outer space used distinguish airspace terrestrial location,English
discrete boundary earth atmosphere space atmosphere gradually attenuates increasing altitude,English
outer space within solar system called interplanetary space pass interstellar space known heliopause,English
outer space sparsely filled several dozen type organic molecule discovered date microwave spectroscopy blackbody radiation left big bang origin universe cosmic ray include ionized atomic nucleus various subatomic particle,English
gas plasma dust small meteor,English
additionally sign human life outer space today material left previous manned unmanned launch potential hazard spacecraft,English
debris enters atmosphere periodically,English
although earth body within solar system known support life evidence suggests distant past planet mar possessed body liquid water surface,English
brief period mar history may capable forming life,English
present though water remaining mar frozen,English
life exists mar likely located underground liquid water still exist,English
condition terrestrial planet mercury venus appear harsh support life know,English
conjectured europa fourth largest moon jupiter may possess sub surface ocean liquid water could potentially host life,English
astronomer started discover extrasolar earth analog planet lie habitable zone space surrounding star therefore could possibly host life know,English
medium organization philosophy wikipedia ˌwɪkɪˈpiːdiə listen wik pee dee ˌwɪki listen wik multilingual open collaborative online encyclopedia created maintained community volunteer editor using wiki based editing system,English
one popular website ranked alexa january 2021 economist newspaper placed 13th visited place web,English
featuring advertisement hosted wikimedia foundation american non profit organization funded primarily donation,English
wikipedia launched january 2001 jimmy wale larry sanger,English
sanger coined name portmanteau wiki encyclopedia,English
initially english language encyclopedia version language quickly developed,English
million article english wikipedia largest 317 wikipedia encyclopedia,English
overall wikipedia comprises million article attracting billion unique visitor per month,English
wikipedia criticized uneven accuracy exhibiting systemic bias including gender bias majority editor male,English
edit thons held encourage female editor increase coverage woman topic,English
2006 time magazine stated open door policy allowing anyone edit made wikipedia biggest possibly best encyclopedia world testament vision jimmy wale,English
project reputation improved 2010s increased effort improve quality reliability based unique structure curation absence commercial bias,English
2018 facebook youtube announced would help user detect fake news suggesting link related wikipedia article,English
collaborative online encyclopedia attempted wikipedia none successful,English
wikipedia began complementary project nupedia free online english language encyclopedia project whose article written expert reviewed formal process,English
founded march 2000 ownership bomis web portal company,English
main figure bomis ceo jimmy wale larry sanger editor chief nupedia later wikipedia,English
nupedia initially licensed nupedia open content license even wikipedia founded nupedia switched gnu free documentation license urging richard stallman,English
wale credited defining goal making publicly editable encyclopedia sanger credited strategy using wiki reach goal,English
january 2001 sanger proposed nupedia mailing list create wiki feeder project nupedia,English
domain wikipedia com wikipedia org registered january 2001 january 2001 respectively wikipedia launched january 2001 single english language edition announced sanger nupedia mailing list,English
wikipedia policy neutral point view codified first month,English
otherwise relatively rule initially wikipedia operated independently nupedia,English
originally bomis intended make wikipedia business profit,English
wikipedia gained early contributor nupedia slashdot posting web search engine indexing,English
language edition created total 161 end 2004,English
nupedia wikipedia coexisted former server taken permanently 2003 text incorporated wikipedia,English
english wikipedia passed mark two million article september 2007 making largest encyclopedia ever assembled surpassing yongle encyclopedia made ming dynasty 1408 held record almost 600 year,English
citing fear commercial advertising lack control wikipedia user spanish wikipedia forked wikipedia create enciclopedia libre february 2002,English
wale announced wikipedia would display advertisement changed wikipedia domain wikipedia com wikipedia org,English
though english wikipedia reached three million article august 2009 growth edition term number new article contributor appears peaked around early 2007,English
around 800 article added daily encyclopedia 2006 2013 average roughly 800,English
team palo alto research center attributed slowing growth project increasing exclusivity resistance change,English
others suggest growth flattening naturally article could called low hanging fruit topic clearly merit article already created built extensively,English
november 2009 researcher rey juan carlos university madrid found english wikipedia lost 000 editor first three month 2009 comparison project lost 900 editor period 2008,English
wall street journal cited array rule applied editing dispute related content among reason trend,English
wale disputed claim 2009 denying decline questioning methodology study,English
two year later 2011 wale acknowledged presence slight decline noting decrease little 000 writer june 2010 800 june 2011,English
interview wale claimed number editor stable sustainable,English
2013 article titled decline wikipedia technology review questioned claim,English
article revealed since 2007 wikipedia lost third volunteer editor still focused increasingly minutia,English
july 2012 atlantic reported number administrator decline,English
november 2013 issue new york magazine katherine ward stated wikipedia sixth used website facing internal crisis,English
january 2007 wikipedia entered first time top ten list popular website according comscore network,English
million unique visitor wikipedia ranked number surpassing new york time apple,English
marked significant increase january 2006 rank number wikipedia receiving around million unique visitor,English
march 2020 wikipedia rank among website term popularity according alexa internet,English
2014 received eight billion page view every month,English
february 2014 new york time reported wikipedia billion page view nearly 500 million unique visitor month according rating firm comscore,English
loveland reagle argue process wikipedia follows long tradition historical encyclopedia accumulated improvement piecemeal stigmergic accumulation,English
january 2012 english wikipedia participated series coordinated protest two proposed law united state congress stop online piracy act sopa protect act pipa blacking page hour,English
162 million people viewed blackout explanation page temporarily replaced wikipedia content,English
january 2014 subodh varma reporting economic time indicated wikipedia growth stalled lost nearly ten percent page view last year,English
decline two billion december 2012 december 2013,English
popular version leading slide page view english wikipedia declined twelve percent german version slid percent japanese version lost nine percent,English
varma added wikipedia manager think could due error counting expert feel google knowledge graph project launched last year may gobbling wikipedia user,English
contacted matter clay shirky associate professor new york university fellow harvard berkman klein center internet society indicated suspected much page view decline due knowledge graph stating get question answered search page need click,English
end december 2016 wikipedia ranked fifth popular website globally,English
january 2013 274301 wikipedia asteroid named wikipedia october 2014 wikipedia honored wikipedia monument july 2015 106 473 700 page volume wikipedia became available print wikipedia,English
april 2019 israeli lunar lander beresheet crash landed surface moon carrying copy nearly english wikipedia engraved thin nickel plate expert say plate likely survived crash,English
june 2019 scientist reported article text english wikipedia encoded synthetic dna,English
unlike traditional encyclopedia wikipedia follows procrastination principle regarding security content,English
started almost entirely open anyone could create article wikipedia article could edited reader even wikipedia account,English
modification article would published immediately,English
result article could contain inaccuracy error ideological bias nonsensical irrelevant text,English
due increasing popularity wikipedia edition including english version introduced editing restriction certain case,English
instance english wikipedia language edition registered user may create new article,English
english wikipedia among others particularly controversial sensitive vandalism prone page protected varying degree,English
frequently vandalized article semi protected extended confirmed protected meaning autoconfirmed extended confirmed editor able modify,English
particularly contentious article may locked administrator able make change,English
2021 article columbia journalism review identified wikipedia page protection policy erhaps important mean wikipedia disposal regulate market idea,English
certain case editor allowed submit modification review required editor depending certain condition,English
example german wikipedia maintains stable version article passed certain review,English
following protracted trial community discussion english wikipedia introduced pending change system december 2012,English
system new unregistered user edits certain controversial vandalism prone article reviewed established user published,English
although change systematically reviewed software power wikipedia provides tool allowing anyone review change made others,English
history page article link revision,English
article anyone undo others change clicking link article history page,English
anyone view latest change article anyone may maintain watchlist article interest notified change,English
new page patrol process whereby newly created article checked obvious problem,English
2003 economics student andrea ciffolilli argued low transaction cost participating wiki create catalyst collaborative development feature allowing easy access past version page favor creative construction creative destruction,English
change edit manipulates content way purposefully compromise integrity wikipedia considered vandalism,English
common obvious type vandalism include addition obscenity crude humor,English
vandalism include advertising type spam,English
sometimes editor commit vandalism removing content entirely blanking given page,English
less common type vandalism deliberate addition plausible false information article difficult detect,English
vandal introduce irrelevant formatting modify page semantics page title categorization manipulate underlying code article use image disruptively,English
obvious vandalism generally easy remove wikipedia article median time detect fix vandalism minute,English
however vandalism take much longer repair,English
seigenthaler biography incident anonymous editor introduced false information biography american political figure john seigenthaler may 2005,English
seigenthaler falsely presented suspect assassination john,English
kennedy,English
article remained uncorrected four month,English
seigenthaler founding editorial director usa today founder freedom forum first amendment center vanderbilt university called wikipedia founder jimmy wale asked whether way knowing contributed misinformation,English
wale replied although perpetrator eventually traced,English
incident seigenthaler described wikipedia flawed irresponsible research tool,English
incident led policy change wikipedia specifically targeted tightening verifiability biographical article living people,English
2010 daniel tosh encouraged viewer show tosh visit show wikipedia article edit,English
later episode commented edits article offensive made audience prompted article locked editing,English
wikipedians often dispute regarding content may result repeatedly making opposite change article known edit warring,English
process widely seen resource consuming scenario useful knowledge added,English
practice criticized creating competitive conflict based editing culture associated traditional masculine gender role contributes gender bias wikipedia,English
special interest group engaged edit war advance political interest,English
content wikipedia subject law particular copyright law united state state virginia majority wikipedia server located,English
beyond legal matter editorial principle wikipedia embodied five pillar numerous policy guideline intended appropriately shape content,English
even rule stored wiki form wikipedia editor write revise website policy guideline,English
editor enforce rule deleting modifying non compliant material,English
originally rule non english edition wikipedia based translation rule english wikipedia,English
since diverged extent,English
according rule english wikipedia entry wikipedia must topic encyclopedic dictionary entry dictionary style,English
topic meet wikipedia standard notability generally mean topic must covered mainstream medium major academic journal source independent article subject,English
wikipedia intends convey knowledge already established recognized,English
must present original research,English
claim likely challenged requires reference reliable source,English
among wikipedia editor often phrased verifiability truth express idea reader encyclopedia ultimately responsible checking truthfulness article making interpretation,English
time lead removal information though valid properly sourced,English
finally wikipedia must take side,English
opinion viewpoint attributable external source must enjoy appropriate share coverage within article,English
known neutral point view npov,English
wikipedia initial anarchy integrated democratic hierarchical element time,English
article considered owned creator editor subject article,English
editor good standing community run one many level volunteer stewardship begin administrator privileged user delete page prevent article changed case vandalism editorial dispute setting protective measure article try prevent certain people editing,English
despite name administrator supposed enjoy special privilege decision making instead power mostly limited making edits project wide effect thus disallowed ordinary editor implement restriction intended prevent certain person making disruptive edits vandalism,English
fewer editor become administrator year past part process vetting potential wikipedia administrator become rigorous,English
bureaucrat name new administrator solely upon recommendation community,English
time wikipedia developed semi formal dispute resolution process assist circumstance,English
determine community consensus editor raise issue appropriate community forum seek outside input third opinion request initiating general community discussion known request comment,English
arbitration committee presides ultimate dispute resolution process,English
although dispute usually arise disagreement two opposing view article read arbitration committee explicitly refuse directly rule specific view adopted,English
statistical analysis suggest committee ignores content dispute rather focus way dispute conducted functioning much resolve dispute make peace conflicting editor weed problematic editor allowing potentially productive editor back participate,English
therefore committee dictate content article although sometimes condemns content change deems new content violates wikipedia policy example new content considered biased,English
remedy include caution probation used case banning editor article subject matter wikipedia,English
complete ban wikipedia generally limited instance impersonation anti social behavior,English
conduct impersonation anti social rather anti consensus violation editing policy remedy tend limited warning,English
article user wikipedia associated talk page,English
form primary communication channel editor discus coordinate debate,English
wikipedia community described cultlike although always entirely negative connotation,English
project preference cohesiveness even requires compromise includes disregard credential referred anti elitism,English
wikipedians sometimes award one another virtual barnstars good work,English
personalized token appreciation reveal wide range valued work extending far beyond simple editing include social support administrative action type articulation work,English
wikipedia require editor contributor provide identification,English
wikipedia grew writes wikipedia,English
became one question frequently asked project,English
jimmy wale argued community dedicated group hundred volunteer make bulk contribution wikipedia project therefore much like traditional organization,English
2008 slate magazine article reported according researcher palo alto one percent wikipedia user responsible half site edits,English
method evaluating contribution later disputed aaron swartz noted several article sampled large portion content measured number character contributed user low edit count,English
english wikipedia 238 672 article 838 998 registered editor 141 020 active editor,English
editor considered active made one edits past day,English
editor fail comply wikipedia cultural ritual signing talk page comment may implicitly signal wikipedia outsider increasing odds wikipedia insider may target discount contribution,English
becoming wikipedia insider involves non trivial cost contributor expected learn wikipedia specific technological code submit sometimes convoluted dispute resolution process learn baffling culture rich joke insider reference,English
editor log sense second class citizen wikipedia participant accredited member wiki community vested interest preserving quality work product basis ongoing participation contribution history anonymous unregistered editor recognized address attributed particular editor certainty,English
2007 study researcher dartmouth college found anonymous infrequent contributor wikipedia reliable source knowledge contributor register site,English
jimmy wale stated 2009 turn edits done user 524 people fact active 1400 people done edits,English
however business insider editor journalist henry blodget showed 2009 random sample article content wikipedia measured amount contributed text survives latest sampled edit created outsider editing formatting done insider,English
2008 study found wikipedians less agreeable open conscientious others although later commentary pointed serious flaw including data showed higher openness difference control group sample small,English
according 2009 study evidence growing resistance wikipedia community new content,English
several study shown wikipedia contributor male,English
notably result wikimedia foundation survey 2008 showed percent wikipedia editor female,English
university throughout united state tried encourage female become wikipedia contributor,English
similarly many university including yale brown gave college credit student create edit article relating woman science technology,English
andrew lih professor scientist wrote new york time reason thought number male contributor outnumbered number female greatly identifying woman may expose oneself ugly intimidating behavior,English
data shown african underrepresented among wikipedia editor,English
currently 317 language edition wikipedia called language version simply wikipedias,English
january 2021 six largest order article count english cebuano swedish german french dutch wikipedias,English
second third largest wikipedias owe position article creating bot lsjbot 2013 created half article swedish wikipedia article cebuano waray wikipedias,English
latter language philippine,English
addition top six twelve wikipedias million article russian italian spanish polish waray vietnamese japanese egyptian arabic chinese arabic ukrainian portuguese seven 500 000 article persian catalan serbian indonesian norwegian bokmål korean finnish 100 000 000,English
largest english wikipedia million article,English
january 2019 according alexa english subdomain wikipedia org english wikipedia receives approximately wikipedia cumulative traffic remaining split among language russian chinese japanese spanish,English
distribution 727 399 article different language edition january 2021 unit number bar article,English
since wikipedia based web therefore worldwide contributor language edition may use different dialect may come different country case english edition,English
difference may lead conflict spelling difference,English
colour versus color point view,English
though various language edition held global policy neutral point view diverge point policy practice notably whether image licensed freely may used claim fair use,English
jimmy wale described wikipedia effort create distribute free encyclopedia highest possible quality every single person planet language,English
though language edition function less independently effort made supervise,English
coordinated part meta wiki wikimedia foundation wiki devoted maintaining project wikipedia others,English
instance meta wiki provides important statistic language edition wikipedia maintains list article every wikipedia,English
list concern basic content subject biography history geography society culture science technology mathematics,English
rare article strongly related particular language counterpart another edition,English
example article small town united state might available english even meet notability criterion language wikipedia project,English
translated article represent small portion article edition part edition allow fully automated translation article,English
article available one language may offer interwiki link link counterpart article edition,English
study published plo one 2012 estimated share contribution different edition wikipedia different region world,English
reported proportion edits made north america english wikipedia simple english wikipedia,English
march 2014 economist article titled future wikipedia cited trend analysis concerning data published wikimedia foundation stating number editor english language version fallen third seven year,English
attrition rate active editor english wikipedia cited economist substantially contrast statistic wikipedia language non english wikipedia,English
economist reported number contributor average five edits per month relatively constant since 2008 wikipedia language approximately 000 editor within narrow seasonal variance 000 editor,English
number active editor english wikipedia sharp comparison cited peaking 2007 approximately 000 dropping 000 start 2014,English
attrition continued unabated quoted trend rate approximately 000 editor lost within seven year 2021 would 000 active editor english wikipedia,English
contrast trend analysis published economist present wikipedia language non english wikipedia successful retaining active editor renewable sustained basis number remaining relatively constant approximately 000,English
comment made concerning differentiated edit policy standard wikipedia language non english wikipedia would provide possible alternative english wikipedia effectively ameliorating substantial editor attrition rate english language wikipedia,English
various wikipedians criticized wikipedia large growing regulation includes fifty policy nearly 150 000 word 2014,English
critic stated wikipedia exhibit systemic bias,English
2010 columnist journalist edwin black described wikipedia mixture truth half truth falsehood,English
article chronicle higher education journal academic librarianship criticized wikipedia undue weight policy concluding fact wikipedia explicitly designed provide correct information subject rather focus major viewpoint subject give less attention minor one creates omission lead false belief based incomplete information,English
journalist oliver kamm edwin black alleged 2010 2011 respectively article dominated loudest persistent voice usually group grind topic,English
2008 article education next journal concluded resource controversial topic wikipedia subject manipulation spin,English
2006 wikipedia watch criticism website listed dozen example plagiarism english wikipedia,English
article traditional encyclopedia encyclopædia britannica carefully deliberately written expert lending encyclopedia reputation accuracy,English
however peer review 2005 forty two scientific entry wikipedia encyclopædia britannica science journal nature found difference accuracy concluded average science entry wikipedia contained around four inaccuracy britannica three,English
joseph reagle suggested study reflects topical strength wikipedia contributor science article wikipedia may fared well using random sampling article humanity subject,English
others raised similar critique,English
finding nature disputed encyclopædia britannica response nature gave rebuttal point raised britannica,English
addition point point disagreement two party others examined sample size selection method used nature effort suggested flawed study design nature manual selection article part whole comparison absence statistical analysis reported confidence interval lack study statistical power owing small sample size 101 article compared 105 106 set size britannica english wikipedia respectively,English
consequence open structure wikipedia make guarantee validity content since one ultimately responsible claim appearing,English
concern raised world 2009 regarding lack accountability result user anonymity insertion false information vandalism similar problem,English
economist tyler cowen wrote guess whether wikipedia median refereed journal article economics likely true long think would opt wikipedia,English
comment traditional source non fiction suffer systemic bias novel result opinion reported journal article relevant information omitted news report,English
however caution error frequently found internet site academic expert must vigilant correcting,English
critic argue wikipedia open nature lack proper source information make unreliable,English
commentator suggest wikipedia may reliable reliability given article clear,English
editor traditional reference work encyclopædia britannica questioned project utility status encyclopedia,English
wikipedia founder jimmy wale claimed wikipedia largely avoided problem fake news wikipedia community regularly debate quality source article,English
wikipedia open structure inherently make easy target internet troll spammer various form paid advocacy seen counterproductive maintenance neutral verifiable online encyclopedia,English
response paid advocacy editing undisclosed editing issue wikipedia reported article wall street journal strengthened rule law undisclosed editing,English
article stated beginning monday change wikipedia term use require anyone paid edit article disclose arrangement,English
katherine maher nonprofit wikimedia foundation chief communication officer said change address sentiment among volunteer editor advertising service encyclopedia,English
issue among others parodied since first decade wikipedia notably stephen colbert colbert report,English
harvard law textbook legal research nutshell 2011 cite wikipedia general source real boon coming speed law governing situation authoritative provide basic fact well lead depth resource,English
university lecturer discourage student citing encyclopedia academic work preferring primary source specifically prohibit wikipedia citation,English
wale stress encyclopedia type usually appropriate use citable source relied upon authoritative,English
wale 2006 earlier said receives ten email weekly student saying got failing grade paper cited wikipedia told student got deserved,English
god sake college cite encyclopedia said,English
february 2007 article harvard crimson newspaper reported professor harvard university including wikipedia article syllabus although without realizing article might change,English
june 2007 former president american library association michael gorman condemned wikipedia along google stating academic endorse use wikipedia intellectual equivalent dietitian recommends steady diet big mac everything,English
contrast academic writing wikipedia evolved recent year found increase student interest personal connection product creativity material processing international collaboration learning process,English
march 2014 julie beck writing atlantic magazine article titled doctor source healthcare information wikipedia stated fifty percent physician look condition wikipedia site editing article improve quality available information,English
beck continued detail article new program amin azzam university san francisco offer medical school course medical student learning edit improve wikipedia article health related issue well internal quality control program within wikipedia organized james heilman improve group 200 health related article central medical importance wikipedia highest standard article using featured article good article peer review evaluation process,English
may 2014 follow article atlantic titled wikipedia ever definitive medical text,English
julie beck quote wikiproject medicine james heilman stating reference peer reviewed mean high quality reference,English
beck added wikipedia peer review process article classified good featured,English
heilman participated process say less one percent wikipedia medical article passed,English
2008 researcher carnegie mellon university found quality wikipedia article would suffer rather gain adding writer article lacked appropriate explicit implicit coordination,English
instance contributor rewrite small portion entry rather making full length revision high low quality content may intermingled within entry,English
roy rosenzweig history professor stated american national biography online outperformed wikipedia term clear engaging prose said important aspect good historical writing,English
contrasting wikipedia treatment abraham lincoln civil historian james mcpherson american national biography online said essentially accurate covered major episode lincoln life praised mcpherson richer contextualization artful use quotation capture lincoln voice ability convey profound message handful word,English
contrast give example wikipedia prose find verbose dull,English
rosenzweig criticized waffling encouraged npov policy mean hard discern overall interpretive stance wikipedia history,English
generally praising article william clarke quantrill quoted conclusion example waffling stated historian remember opportunistic bloodthirsty outlaw others continue view daring soldier local folk hero,English
critic made similar charge even wikipedia article factually accurate often written poor almost unreadable style,English
frequent wikipedia critic andrew orlowski commented even wikipedia entry 100 percent factually correct fact carefully chosen often read translated one language another third passing illiterate translator stage,English
study wikipedia article cancer conducted 2010 yaacov lawrence kimmel cancer center thomas jefferson university,English
study limited article could found physician data query excluded written start class stub class level,English
lawrence found article accurate readable thought wikipedia lack readability non college reader may reflect varied origin haphazard editing,English
economist argued better written article tend reliable inelegant ranting prose usually reflects muddled thought incomplete information,English
wikipedia seek create summary human knowledge form online encyclopedia topic covered encyclopedically one article,English
since terabyte disk space far topic covered printed encyclopedia,English
exact degree manner coverage wikipedia constant review editor disagreement uncommon see deletionism inclusionism,English
wikipedia contains material people may find objectionable offensive pornographic,English
wikipedia censored policy sometimes proved controversial 2008 wikipedia rejected online petition inclusion image muhammad english edition muhammad article citing policy,English
presence politically religiously pornographically sensitive material wikipedia led censorship wikipedia national authority china pakistan amongst country,English
2008 study conducted researcher carnegie mellon university palo alto research center gave distribution topic well growth july 2006 january 2008 field number refer number article possible one topic contain large number short article another contain small number large one,English
wikipedia love library program wikipedia partnered major public library new york public library performing art expand coverage underrepresented subject article,English
2011 study conducted researcher university minnesota indicated male female editor focus different coverage topic,English
greater concentration female people art category male focus geography science,English
research conducted mark graham oxford internet institute 2009 indicated geographic distribution article topic highly uneven,English
africa underrepresented,English
across language edition wikipedia historical article section generally eurocentric focused recent event,English
editorial guardian 2014 claimed effort went providing reference list female porn actor list woman writer,English
data shown africa related material often face omission knowledge gap july 2018 wikimedia conference cape town sought address,English
multiple editor contribute one topic set topic systemic bias may arise due demographic background editor,English
2011 wale claimed unevenness coverage reflection demography editor citing example biography famous woman history issue surrounding early childcare,English
october 2013 essay tom simonite technology review titled decline wikipedia discussed effect systemic bias policy creep downward trend number editor,English
systemic bias wikipedia may follow culture generally example favoring certain nationality ethnicity majority religion,English
may specifically follow bias internet culture inclining young male english speaking educated technologically aware wealthy enough spare time editing,English
bias intrinsically may include overemphasis topic pop culture technology current event,English
taha yasseri university oxford 2013 studied statistical trend systemic bias wikipedia introduced editing conflict resolution,English
research examined counterproductive work behavior edit warring,English
yasseri contended simple reverts undo operation significant measure counterproductive behavior wikipedia relied instead statistical measurement detecting reverting reverted pair mutually reverting edit pair,English
mutually reverting edit pair defined one editor reverts edit another editor sequence return revert first editor mutually reverting edit pair,English
result tabulated several language version wikipedia,English
english wikipedia three largest conflict rate belonged article george bush anarchism muhammad,English
comparison german wikipedia three largest conflict rate time oxford study article covering croatia scientology conspiracy theory,English
researcher washington university developed statistical model measure systematic bias behavior wikipedia user regarding controversial topic,English
author focused behavioral change encyclopedia administrator assuming post writing systematic bias occurred fact,English
wikipedia criticized allowing information graphic content,English
article depicting critic called objectionable content feces cadaver human penis vulva nudity contain graphic picture detailed information easily available anyone access internet including child,English
site includes sexual content image video masturbation ejaculation illustration zoophilia photo hardcore pornographic film article,English
non sexual photograph nude child,English
wikipedia article virgin killer 1976 album german rock band scorpion feature picture album original cover depicts naked prepubescent girl,English
original release cover caused controversy replaced country,English
december 2008 access wikipedia article virgin killer blocked four day internet service provider united kingdom internet watch foundation iwf decided album cover potentially illegal indecent image added article url blacklist supply british internet service provider,English
april 2010 sanger wrote letter federal bureau investigation outlining concern two category image wikimedia common contained child pornography violation federal obscenity law,English
sanger later clarified image related pedophilia one lolicon real child said constituted obscene visual representation sexual abuse child protect act 2003,English
law ban photographic child pornography cartoon image drawing child obscene american law,English
sanger expressed concern access image wikipedia school,English
wikimedia foundation spokesman jay walsh strongly rejected sanger accusation saying wikipedia material would deem illegal,English
would remove,English
following complaint sanger wale deleted sexual image without consulting community,English
editor volunteer maintain site argued decision delete made hastily wale voluntarily gave power held time part founder status,English
wrote message wikimedia foundation mailing list action interest encouraging discussion real philosophical content issue rather quickly acted,English
critic including wikipediocracy noticed many pornographic image deleted wikipedia since 2010 reappeared,English
one privacy concern case wikipedia right private citizen remain private citizen rather public figure eye law,English
battle right anonymous cyberspace right anonymous real life meatspace,English
particular problem occurs case relatively unimportant individual exists wikipedia page wish,English
january 2006 german court ordered german wikipedia shut within germany stated full name boris floricic aka tron deceased hacker,English
february 2006 injunction wikimedia deutschland overturned court rejecting notion tron right privacy parent violated,English
wikipedia volunteer response team us otrs system handle query without reveal identity involved party,English
used example confirming permission using individual image medium project,English
wikipedia described harboring battleground culture sexism harassment,English
perceived toxic attitude tolerance violent abusive language reason put forth gender gap wikipedia editor,English
2014 female editor requested separate space wikipedia discus improving civility proposal referred male editor using word easiest way avoid called cunt act like one,English
wikipedia hosted funded wikimedia foundation non profit organization operates wikipedia related project wiktionary wikibooks,English
foundation relies public contribution grant fund mission,English
foundation 2013 irs form 990 show revenue million expense almost million asset million liability million,English
may 2014 wikimedia foundation named lila tretikov second executive director taking sue gardner,English
wall street journal reported may 2014 tretikov information technology background year university california offer wikipedia opportunity develop concentrated direction guided often repeated position statement information like air want free,English
wall street journal article reported direction development according interview spokesman jay walsh wikimedia said tretikov would address issue paid advocacy priority,English
really pushing toward transparency reinforcing paid advocacy welcome,English
initiative involve greater diversity contributor better mobile support wikipedia new geo location tool find local content easily tool user second third world priority walsh said,English
following departure tretikov wikipedia due issue concerning use superprotection feature language version wikipedia adopted katherine maher became third executive director wikimedia foundation june 2016,English
maher stated one priority would issue editor harassment endemic wikipedia identified wikipedia board december,English
maher stated regarding harassment issue establishes sense within community priority correction requires word,English
wikipedia supported many organization group affiliated wikimedia foundation independently run called wikimedia movement affiliate,English
include wikimedia chapter national sub national organization wikimedia deutschland wikimédia france thematic organization amical wikimedia catalan language community user group,English
affiliate participate promotion development funding wikipedia,English
operation wikipedia depends mediawiki custom made free open source wiki software platform written php built upon mysql database system,English
software incorporates programming feature macro language variable transclusion system template url redirection,English
mediawiki licensed gnu general public license gpl used wikimedia project well many wiki project,English
originally wikipedia ran usemodwiki written perl clifford adam phase initially required camelcase article hyperlink present double bracket style incorporated later,English
starting january 2002 phase wikipedia began running php wiki engine mysql database software custom made wikipedia magnus manske,English
phase software repeatedly modified accommodate exponentially increasing demand,English
july 2002 phase iii wikipedia shifted third generation software mediawiki originally written lee daniel crocker,English
several mediawiki extension installed extend functionality mediawiki software,English
april 2005 lucene extension added mediawiki built search wikipedia switched mysql lucene searching,English
site currently us lucene search written java based lucene library,English
july 2013 extensive beta testing wysiwyg see get extension visualeditor opened public use,English
met much rejection criticism described slow buggy,English
feature changed opt opt afterward,English
computer program called bot often used perform simple repetitive task correcting common misspelling stylistic issue start article geography entry standard format statistical data,English
one controversial contributor sverker johansson creating article bot reported create 000 article swedish wikipedia certain day,English
additionally bot designed automatically notify editor make common editing error unmatched quote unmatched parenthesis,English
edits falsely identified bot work banned editor restored editor,English
anti vandal bot programmed detect revert vandalism quickly,English
bot able indicate edits particular account address range occurred time shooting mh17 jet incident july 2014 reported edits made via ip controlled russian government,English
bot wikipedia must approved activation,English
according andrew lih current expansion wikipedia million article would difficult envision without use bot,English
wikipedia receives 000 000 page request per second depending time day,English
2019 page request first passed front end layer varnish caching server,English
statistic based publicly available month wikipedia access trace available,English
request served varnish cache sent load balancing server running linux virtual server software turn pas one apache web server page rendering database,English
web server deliver page requested performing page rendering language edition wikipedia,English
increase speed rendered page cached distributed memory cache invalidated allowing page rendering skipped entirely common page access,English
wikipedia currently run dedicated cluster linux server mainly ubuntu,English
december 2009 300 florida amsterdam,English
january 2013 wikipedia migrated primary data center equinix facility ashburn virginia,English
2017 wikipedia installed caching cluster equinix facility singapore first kind asia,English
following growing amount incoming donation exceeding seven digit 2013 recently reported foundation reached threshold asset qualify consideration principle industrial organization economics indicate need investment donation internal research development foundation,English
two recent project internal research development creation visual editor largely utilized thank tab developed ameliorate issue editor attrition met limited success,English
estimate reinvestment industrial organization internal research development studied adam jaffe recorded range annually recommended high end technology requiring higher level support internal reinvestment,English
2013 level contribution wikimedia presently documented million dollar computed budget level recommended jaffe caballero reinvestment internal research development million million dollar annually,English
2016 level contribution reported bloomberg news million annually updating jaffe estimate higher level support million million annually,English
community produced news publication include english wikipedia signpost founded 2005 michael snow attorney wikipedia administrator former chair wikimedia foundation board trustee,English
cover news event site well major event wikimedia project wikimedia common,English
similar publication german language kurier portuguese language correio wikipédia,English
past present community news publication english wikipedia include wikiworld webcomic wikipedia weekly podcast newsletter specific wikiprojects like bugle wikiproject military history monthly newsletter guild copy editor,English
several publication wikimedia foundation multilingual publication wikimedia diff month education,English
project started 2001 text wikipedia covered gnu free documentation license gfdl copyleft license permitting redistribution creation derivative work commercial use content author retain copyright work,English
gfdl created software manual come free software program licensed gpl,English
made poor choice general reference work example gfdl requires reprint material wikipedia come full copy gfdl text,English
december 2002 creative common license released specifically designed creative work general software manual,English
license gained popularity among blogger others distributing creative work web,English
wikipedia project sought switch creative common,English
two license gfdl creative common incompatible november 2008 following request project free software foundation fsf released new version gfdl designed specifically allow wikipedia relicense content august 2009,English
new version gfdl automatically cover wikipedia content,English
april 2009 wikipedia sister project held community wide referendum decided switch june 2009,English
handling medium file,English
image file varies across language edition,English
language edition english wikipedia include non free image file fair use doctrine others opted part lack fair use doctrine home country,English
japanese copyright law,English
medium file covered free content license,English
creative common shared across language edition via wikimedia common repository project operated wikimedia foundation,English
wikipedia accommodation varying international copyright law regarding image led observe photographic coverage topic lag behind quality encyclopedic text,English
wikimedia foundation licensor content merely hosting service contributor licensors wikipedia,English
position successfully defended court,English
wikipedia content distributed open license anyone reuse distribute charge,English
content wikipedia published many form online offline outside wikipedia website,English
obtaining full content wikipedia reuse present challenge since direct cloning via web crawler discouraged,English
wikipedia publishes dump content text 2007 dump available wikipedia image,English
several language wikipedia maintain reference desk volunteer answer question general public,English
according study pnina shachaf journal documentation quality wikipedia reference desk comparable standard library reference desk accuracy percent,English
wikipedia original medium user read edit content using standard web browser fixed internet connection,English
although wikipedia content accessible mobile web since july 2013 new york time february 2014 quoted erik möller deputy director wikimedia foundation stating transition internet traffic desktop mobile device significant cause concern worry,English
article new york time reported comparison statistic mobile edits stating percent readership english language wikipedia come via mobile device figure substantially lower percentage mobile traffic medium site many approach percent,English
shift mobile editing lagged even,English
new york time report möller assigned team software developer focused mobile total approximately 200 employee working wikimedia foundation,English
one principal concern cited new york time worry wikipedia effectively address attrition issue number editor online encyclopedia attracts edit maintain content mobile access environment,English
bloomberg businessweek reported july 2014 google android mobile apps dominated largest share global smartphone shipment 2013 market share next closest competitor io market,English
time tretikov appointment posted web interview sue gardner may 2014 wikimedia representative made technical announcement concerning number mobile access system market seeking access wikipedia,English
directly posted web interview representative stated wikimedia would applying inclusive approach accommodate many mobile access system possible effort expanding general mobile access including blackberry window phone system making market share secondary issue,English
latest version android app wikipedia released july 2014 generally positive review scoring four possible five poll approximately 200 000 user downloading google,English
latest version io released april 2013 similar review,English
access wikipedia mobile phone possible early 2004 wireless application protocol wap via wapedia service,English
june 2007 wikipedia launched mobile wikipedia org official website wireless device,English
2009 newer mobile service officially released located wikipedia org caters advanced mobile device iphone android based device webos based device,English
several method mobile access wikipedia emerged,English
many device application optimize enhance display wikipedia content mobile device incorporate additional feature use wikipedia metadata see wikipedia metadata geoinformation,English
wikipedia zero initiative wikimedia foundation expand reach encyclopedia developing country,English
discontinued february 2018,English
andrew lih andrew brown maintain editing wikipedia smartphones difficult discourages new potential contributor,English
number wikipedia editor declining several year tom simonite technology review claim bureaucratic structure rule factor,English
simonite alleges wikipedians use labyrinthine rule guideline dominate others editor vested interest keeping status quo,English
lih alleges serious disagreement among existing contributor resolve,English
lih fear wikipedia long term future brown fear problem wikipedia remain rival encyclopedia replace,English
2017 barrage false news report facebook youtube announced would rely wikipedia help user evaluate report reject false news,English
noam cohen writing washington post state youtube reliance wikipedia set record straight build thinking another fact challenged platform facebook social network announced last year wikipedia would help user root fake news,English
november 2020 alexa record daily pageviews per visitor average daily time site minute,English
february 2014 new york time reported wikipedia ranked fifth globally among website stating billion page view nearly 500 million unique visitor month wikipedia trail yahoo facebook microsoft google largest billion unique visitor,English
however ranking dropped 13th globally june 2020 due mostly rise popularity chinese website online shopping,English
addition logistic growth number article wikipedia steadily gained status general reference website since inception 2001,English
percent search engine traffic wikipedia come google good portion related academic research,English
number reader wikipedia worldwide reached 365 million end 2009,English
pew internet american life project found one third internet user consulted wikipedia,English
2011 business insider gave wikipedia valuation billion ran advertisement,English
according wikipedia readership survey 2011 average age wikipedia reader rough parity gender,English
almost half wikipedia reader visit site five time month similar number reader specifically look wikipedia search engine result,English
percent wikipedia reader realize wikipedia non profit organization,English
covid pandemic wikipedia coverage pandemic received international medium attention brought increase wikipedia readership overall,English
wikipedia content used academic study book conference court case,English
parliament canada website refers wikipedia article sex marriage related link section reading list civil marriage act,English
encyclopedia assertion increasingly used source organization federal court world intellectual property organization though mainly supporting information rather information decisive case,English
content appearing wikipedia cited source referenced intelligence agency report,English
december 2008 scientific journal rna biology launched new section description family rna molecule requires author contribute section submit draft article rna family publication wikipedia,English
wikipedia used source journalism often without attribution several reporter dismissed plagiarizing wikipedia,English
2006 time magazine recognized wikipedia participation along youtube reddit myspace facebook rapid growth online collaboration interaction million people worldwide,English
july 2007 wikipedia focus minute documentary bbc radio argued increased usage awareness number reference wikipedia popular culture word one select group 21st century noun familiar google facebook youtube longer need explanation,English
september 2007 italian politician franco grillini raised parliamentary question minister cultural resource activity necessity freedom panorama,English
said lack freedom forced wikipedia seventh consulted website forbid image modern italian building art claimed hugely damaging tourist revenue,English
september 2007 washington post reported wikipedia become focal point 2008 election campaign saying type candidate name google among first result wikipedia page making entry arguably important defining candidate,English
already presidential entry edited dissected debated countless time day,English
october 2007 reuters article titled wikipedia page latest status symbol reported recent phenomenon wikipedia article vindicates one notability,English
active participation impact,English
law student assigned write wikipedia article exercise clear succinct writing uninitiated audience,English
working group led peter stone formed part stanford based project one hundred year study artificial intelligence report called wikipedia best known example crowdsourcing far exceeds traditionally compiled information source encyclopedia dictionary scale depth,English
2017 opinion piece wired hossein derakhshan describes wikipedia one last remaining pillar open decentralized web contrasted existence text based source knowledge social medium social networking service latter since colonized web television value,English
derakhshan wikipedia goal encyclopedia represents age enlightenment tradition rationality triumphing emotion trend considers endangered due gradual shift typographic culture photographic one turn mean shift rationality emotion exposition entertainment,English
rather sapere aude lit,English
dare know social network led culture care know,English
wikipedia face concerning problem funding namely flattening growth rate number contributor website,English
consequently challenge wikipedia use save wikipedia promise free open collection human knowledge amid conquest new old television collect preserve knowledge nobody care know,English
wikipedia two major award may 2004,English
first golden nica digital community annual prix ar electronica contest came 000 588 700 grant invitation present pae cyberart festival austria later year,English
second judge webby award community category,English
wikipedia nominated best practice webby award,English
2007 reader brandchannel com voted wikipedia fourth highest brand ranking receiving percent vote answer question brand impact life 2006,English
september 2008 wikipedia received quadriga mission enlightenment award werkstatt deutschland along boris tadić eckart höfling peter gabriel,English
award presented wale david weinberger,English
2015 wikipedia awarded annual erasmus prize recognizes exceptional contribution culture society social science spanish princess asturias award international cooperation,English
speaking asturian parliament oviedo city host award ceremony jimmy wale praised work asturian language wikipedia user,English
night ceremony member wikimedia foundation held meeting wikipedians part spain including local asturian community,English
many parody target wikipedia openness susceptibility inserted inaccuracy character vandalizing modifying online encyclopedia project article,English
comedian stephen colbert parodied referenced wikipedia numerous episode show colbert report coined related term wikiality meaning together create reality agree reality agreed,English
another example found wikipedia celebrates 750 year american independence july 2006 front page article onion well 2010 onion article,English
law wikipedia page viewed 874 time today,English
episode television comedy office aired april 2007 incompetent office manager michael scott shown relying hypothetical wikipedia article information negotiation tactic assist negotiating lesser pay employee,English
viewer show tried add episode mention page section actual wikipedia article negotiation effort prevented user article talk page,English
number one doctor 2007 episode television show scrub played perception wikipedia unreliable reference tool scene perry cox reacts patient say wikipedia article indicates raw food diet revers effect bone cancer retorting editor wrote article wrote battlestar galactica episode guide,English
2008 comedic website collegehumor produced video sketch named professor wikipedia fictitious professor wikipedia instructs class medley unverifiable occasionally absurd statement,English
dilbert comic strip may 2009 feature character supporting improbable claim saying give ten minute check wikipedia,English
july 2009 bbc radio broadcast comedy series called bigipedia set website parody wikipedia,English
sketch directly inspired wikipedia article,English
august 2013 new yorker website published cartoon caption dammit manning considered pronoun going start wikipedia page,English
cartoon referred chelsea elizabeth manning born bradley edward manning american activist politician former united state army soldier trans woman,English
december 2015 john julius norwich stated letter published time newspaper historian resorted wikipedia least dozen time day never yet caught,English
described work reference useful existence wide range almost impossible find person place thing left uncovered could never written last two book without,English
wikipedia spawned several sister project wikis run wikimedia foundation,English
wikimedia project include wiktionary dictionary project launched december 2002 wikiquote collection quotation created week wikimedia launched wikibooks collection collaboratively written free textbook annotated text wikimedia common site devoted free knowledge multimedia wikinews citizen journalism wikiversity project creation free learning material provision online learning activity,English
another sister project wikipedia wikispecies catalogue specie,English
2012 wikivoyage editable travel guide wikidata editable knowledge base launched,English
obvious economic effect wikipedia death commercial encyclopedia especially printed version,English
encyclopædia britannica unable compete product essentially free,English
nicholas carr wrote 2005 essay amorality web criticized website user generated content like wikipedia possibly leading professional view superior content producer going business free trump quality time,English
carr wrote implicit ecstatic vision web hegemony amateur,English
one imagine anything frightening,English
others dispute notion wikipedia similar effort entirely displace traditional publication,English
instance chris anderson editor chief wired magazine wrote nature wisdom crowd approach wikipedia displace top scientific journal rigorous peer review process,English
ongoing debate influence wikipedia biography publishing business,English
worry get information wikipedia left biography,English
said kathryn hughes professor life writing university east anglia author short life long time mr beeton george eliot last victorian,English
wikipedia widely used corpus linguistic research computational linguistics information retrieval natural language processing,English
particular commonly serf target knowledge base entity linking problem called wikification related problem word sense disambiguation,English
method similar wikification turn used find missing link wikipedia,English
2015 french researcher josé lages university franche comté besançon dima shepelyansky paul sabatier university toulouse published global university ranking based wikipedia scholarly citation,English
used pagerank followed number appearance different language edition wikipedia descending order century founded ascending order,English
2017 study suggests word used wikipedia article end scientific publication,English
study related wikipedia using machine learning artificial intelligence support various operation,English
one important area automatic detection vandalism data quality assessment wikipedia,English
several interactive multimedia encyclopedia incorporating entry written public existed long wikipedia founded,English
first 1986 bbc domesday project included text entered bbc micro computer photograph million contributor covered geography art culture,English
first interactive multimedia encyclopedia first major multimedia document connected internal link majority article accessible interactive map,English
user interface part content domesday project emulated website 2008,English
several free content collaborative encyclopedia created around period wikipedia,English
everything2 many later merged project,English
gne,English
one successful early online encyclopedia incorporating entry public h2g2 created douglas adam 1999,English
h2g2 encyclopedia relatively lighthearted focusing article witty informative,English
subsequent collaborative knowledge website drawn inspiration wikipedia,English
susning enciclopedia libre hudong baidu baike likewise employ formal review process although like conservapedia open,English
others use traditional peer review encyclopedia life online wiki encyclopedia scholarpedia citizendium,English
latter started sanger attempt create reliable alternative wikipedia,English
machine learning study computer algorithm improve automatically experience,English
seen part artificial intelligence,English
machine learning algorithm build model based sample data known training data order make prediction decision without explicitly programmed,English
machine learning algorithm used wide variety application email filtering computer vision difficult unfeasible develop conventional algorithm perform needed task,English
subset machine learning closely related computational statistic focus making prediction using computer machine learning statistical learning,English
study mathematical optimization delivers method theory application domain field machine learning,English
data mining related field study focusing exploratory data analysis unsupervised learning,English
application across business problem machine learning referred predictive analytics,English
machine learning involves computer discovering perform task without explicitly programmed,English
involves computer learning data provided carry certain task,English
simple task assigned computer possible program algorithm telling machine execute step required solve problem hand computer part learning needed,English
advanced task challenging human manually create needed algorithm,English
practice turn effective help machine develop algorithm rather human programmer specify every needed step,English
discipline machine learning employ various approach teach computer accomplish task fully satisfactory algorithm available,English
case vast number potential answer exist one approach label correct answer valid,English
used training data computer improve algorithm us determine correct answer,English
example train system task digital character recognition mnist dataset handwritten digit often used,English
machine learning approach traditionally divided three broad category depending nature signal feedback available learning system approach developed fit neatly three fold categorisation sometimes one used machine learning system,English
example topic modeling dimensionality reduction meta learning,English
2020 deep learning become dominant approach much ongoing work field machine learning,English
term machine learning coined 1959 arthur samuel american ibmer pioneer field computer gaming artificial intelligence,English
representative book machine learning research 1960s nilsson book learning machine dealing mostly machine learning pattern classification,English
interest related pattern recognition continued 1970s described duda hart 1973,English
1981 report given using teaching strategy neural network learns recognize character letter digit special symbol computer terminal,English
tom mitchell provided widely quoted formal definition algorithm studied machine learning field computer program said learn experience respect class task performance measure performance task measured improves experience definition task machine learning concerned offer fundamentally operational definition rather defining field cognitive term,English
follows alan turing proposal paper computing machinery intelligence question machine think,English
replaced question machine thinking entity,English
modern day machine learning two objective one classify data based model developed purpose make prediction future outcome based model,English
hypothetical algorithm specific classifying data may use computer vision mole coupled supervised learning order train classify cancerous mole,English
machine learning algorithm stock trading may inform trader future potential prediction,English
scientific endeavor machine learning grew quest artificial intelligence,English
early day academic discipline researcher interested machine learn data,English
attempted approach problem various symbolic method well termed neural network mostly perceptrons model later found reinventions generalized linear model statistic,English
probabilistic reasoning employed especially automated medical diagnosis,English
488 however increasing emphasis logical knowledge based approach caused rift machine learning,English
probabilistic system plagued theoretical practical problem data acquisition representation,English
488 1980 expert system come dominate statistic favor,English
work symbolic knowledge based learning continue within leading inductive logic programming statistical line research outside field proper pattern recognition information retrieval,English
708 710 755 neural network research abandoned computer science around time,English
line continued outside field connectionism researcher discipline including hopfield rumelhart hinton,English
main success came mid 1980s reinvention backpropagation,English
machine learning reorganized separate field started flourish 1990s,English
field changed goal achieving artificial intelligence tackling solvable problem practical nature,English
shifted focus away symbolic approach inherited toward method model borrowed statistic probability theory,English
2020 many source continue assert machine learning remains subfield,English
main disagreement whether part would mean anyone using could claim using,English
others view part intelligent subset part,English
question difference answered judea pearl book,English
accordingly learns predicts based passive observation whereas implies agent interacting environment learn take action maximize chance successfully achieving goal,English
machine learning data mining often employ method overlap significantly machine learning focus prediction based known property learned training data data mining focus discovery previously unknown property data analysis step knowledge discovery database,English
data mining us many machine learning method different goal hand machine learning employ data mining method unsupervised learning preprocessing step improve learner accuracy,English
much confusion two research community often separate conference separate journal ecml pkdd major exception come basic assumption work machine learning performance usually evaluated respect ability reproduce known knowledge knowledge discovery data mining kdd key task discovery previously unknown knowledge,English
evaluated respect known knowledge uninformed unsupervised method easily outperformed supervised method typical kdd task supervised method used due unavailability training data,English
machine learning intimate tie optimization many learning problem formulated minimization loss function training set example,English
loss function express discrepancy prediction model trained actual problem instance example classification one want assign label instance model trained correctly predict pre assigned label set example,English
difference optimization machine learning arises goal generalization optimization algorithm minimize loss training set machine learning concerned minimizing loss unseen sample,English
characterizing generalization various learning algorithm active topic current research especially deep learning algorithm,English
machine learning statistic closely related field term method distinct principal goal statistic draw population inference sample machine learning find generalizable predictive pattern,English
according michael jordan idea machine learning methodological principle theoretical tool long pre history statistic,English
suggested term data science placeholder call overall field,English
leo breiman distinguished two statistical modeling paradigm data model algorithmic model wherein algorithmic model mean less machine learning algorithm like random forest,English
statistician adopted method machine learning leading combined field call statistical learning,English
core objective learner generalize experience,English
generalization context ability learning machine perform accurately new unseen example task experienced learning data set,English
training example come generally unknown probability distribution considered representative space occurrence learner build general model space enables produce sufficiently accurate prediction new case,English
computational analysis machine learning algorithm performance branch theoretical computer science known computational learning theory,English
training set finite future uncertain learning theory usually yield guarantee performance algorithm,English
instead probabilistic bound performance quite common,English
bias variance decomposition one way quantify generalization error,English
best performance context generalization complexity hypothesis match complexity function underlying data,English
hypothesis less complex function model fitted data,English
complexity model increased response training error decrease,English
hypothesis complex model subject overfitting generalization poorer,English
addition performance bound learning theorist study time complexity feasibility learning,English
computational learning theory computation considered feasible done polynomial time,English
two kind time complexity result,English
positive result show certain class function learned polynomial time,English
negative result show certain class learned polynomial time,English
type machine learning algorithm differ approach type data input output type task problem intended solve,English
supervised learning algorithm build mathematical model set data contains input desired output,English
data known training data consists set training example,English
training example one input desired output known supervisory signal,English
mathematical model training example represented array vector sometimes called feature vector training data represented matrix,English
iterative optimization objective function supervised learning algorithm learn function used predict output associated new input,English
optimal function allow algorithm correctly determine output input part training data,English
algorithm improves accuracy output prediction time said learned perform task,English
type supervised learning algorithm include active learning classification regression,English
classification algorithm used output restricted limited set value regression algorithm used output may numerical value within range,English
example classification algorithm filter email input would incoming email output would name folder file email,English
similarity learning area supervised machine learning closely related regression classification goal learn example using similarity function measure similar related two object,English
application ranking recommendation system visual identity tracking face verification speaker verification,English
unsupervised learning algorithm take set data contains input find structure data like grouping clustering data point,English
algorithm therefore learn test data labeled classified categorized,English
instead responding feedback unsupervised learning algorithm identify commonality data react based presence absence commonality new piece data,English
central application unsupervised learning field density estimation statistic finding probability density function,English
though unsupervised learning encompasses domain involving summarizing explaining data feature,English
cluster analysis assignment set observation subset called cluster observation within cluster similar according one predesignated criterion observation drawn different cluster dissimilar,English
different clustering technique make different assumption structure data often defined similarity metric evaluated example internal compactness similarity member cluster separation difference cluster,English
method based estimated density graph connectivity,English
semi supervised learning fall unsupervised learning without labeled training data supervised learning completely labeled training data,English
training example missing training label yet many machine learning researcher found unlabeled data used conjunction small amount labeled data produce considerable improvement learning accuracy,English
weakly supervised learning training label noisy limited imprecise however label often cheaper obtain resulting larger effective training set,English
reinforcement learning area machine learning concerned software agent ought take action environment maximize notion cumulative reward,English
due generality field studied many discipline game theory control theory operation research information theory simulation based optimization multi agent system swarm intelligence statistic genetic algorithm,English
machine learning environment typically represented markov decision process mdp,English
many reinforcement learning algorithm use dynamic programming technique,English
reinforcement learning algorithm assume knowledge exact mathematical model mdp used exact model infeasible,English
reinforcement learning algorithm used autonomous vehicle learning play game human opponent,English
self learning machine learning paradigm introduced 1982 along neural network capable self learning named crossbar adaptive array caa,English
learning external reward external teacher advice,English
caa self learning algorithm computes crossbar fashion decision action emotion feeling consequence situation,English
system driven interaction cognition emotion,English
self learning algorithm update memory matrix iteration executes following machine learning routine system one input situation one output action behavior,English
neither separate reinforcement input advice input environment,English
backpropagated value secondary reinforcement emotion toward consequence situation,English
caa exists two environment one behavioral environment behaves genetic environment wherefrom initially receives initial emotion situation encountered behavioral environment,English
receiving genome specie vector genetic environment caa learns goal seeking behavior environment contains desirable undesirable situation,English
several learning algorithm aim discovering better representation input provided training,English
classic example include principal component analysis cluster analysis,English
feature learning algorithm called representation learning algorithm often attempt preserve information input transform way make useful often pre processing step performing classification prediction,English
technique allows reconstruction input coming unknown data generating distribution necessarily faithful configuration implausible distribution,English
replaces manual feature engineering allows machine learn feature use perform specific task,English
feature learning either supervised unsupervised,English
supervised feature learning feature learned using labeled input data,English
example include artificial neural network multilayer perceptrons supervised dictionary learning,English
unsupervised feature learning feature learned unlabeled input data,English
example include dictionary learning independent component analysis autoencoders matrix factorization various form clustering,English
manifold learning algorithm attempt constraint learned representation low dimensional,English
sparse coding algorithm attempt constraint learned representation sparse meaning mathematical model many zero,English
multilinear subspace learning algorithm aim learn low dimensional representation directly tensor representation multidimensional data without reshaping higher dimensional vector,English
deep learning algorithm discover multiple level representation hierarchy feature higher level abstract feature defined term generating lower level feature,English
argued intelligent machine one learns representation disentangles underlying factor variation explain observed data,English
feature learning motivated fact machine learning task classification often require input mathematically computationally convenient process,English
however real world data image video sensory data yielded attempt algorithmically define specific feature,English
alternative discover feature representation thorough examination without relying explicit algorithm,English
sparse dictionary learning feature learning method training example represented linear combination basis function assumed sparse matrix,English
method strongly hard difficult solve approximately,English
popular heuristic method sparse dictionary learning svd algorithm,English
sparse dictionary learning applied several context,English
classification problem determine class previously unseen training example belongs,English
dictionary class already built new training example associated class best sparsely represented corresponding dictionary,English
sparse dictionary learning applied image noising,English
key idea clean image patch sparsely represented image dictionary noise,English
data mining anomaly detection known outlier detection identification rare item event observation raise suspicion differing significantly majority data,English
typically anomalous item represent issue bank fraud structural defect medical problem error text,English
anomaly referred outlier novelty noise deviation exception,English
particular context abuse network intrusion detection interesting object often rare object unexpected burst inactivity,English
pattern adhere common statistical definition outlier rare object many outlier detection method particular unsupervised algorithm fail data unless aggregated appropriately,English
instead cluster analysis algorithm may able detect micro cluster formed pattern,English
three broad category anomaly detection technique exist,English
unsupervised anomaly detection technique detect anomaly unlabeled test data set assumption majority instance data set normal looking instance seem fit least remainder data set,English
supervised anomaly detection technique require data set labeled normal abnormal involves training classifier key difference many statistical classification problem inherently unbalanced nature outlier detection,English
semi supervised anomaly detection technique construct model representing normal behavior given normal training data set test likelihood test instance generated model,English
developmental robotics robot learning algorithm generate sequence learning experience known curriculum cumulatively acquire new skill self guided exploration social interaction human,English
robot use guidance mechanism active learning maturation motor synergy imitation,English
association rule learning rule based machine learning method discovering relationship variable large database,English
intended identify strong rule discovered database using measure interestingness,English
rule based machine learning general term machine learning method identifies learns evolves rule store manipulate apply knowledge,English
defining characteristic rule based machine learning algorithm identification utilization set relational rule collectively represent knowledge captured system,English
contrast machine learning algorithm commonly identify singular model universally applied instance order make prediction,English
rule based machine learning approach include learning classifier system association rule learning artificial immune system,English
based concept strong rule rakesh agrawal tomasz imieliński arun swami introduced association rule discovering regularity product large scale transaction data recorded point sale po system supermarket,English
example rule displaystyle mathrm onion potato rightarrow mathrm burger found sale data supermarket would indicate customer buy onion potato together likely buy hamburger meat,English
information used basis decision marketing activity promotional pricing product placement,English
addition market basket analysis association rule employed today application area including web usage mining intrusion detection continuous production bioinformatics,English
contrast sequence mining association rule learning typically consider order item either within transaction across transaction,English
learning classifier system lcs family rule based machine learning algorithm combine discovery component typically genetic algorithm learning component performing either supervised learning reinforcement learning unsupervised learning,English
seek identify set context dependent rule collectively store apply knowledge piecewise manner order make prediction,English
inductive logic programming ilp approach rule learning using logic programming uniform representation input example background knowledge hypothesis,English
given encoding known background knowledge set example represented logical database fact ilp system derive hypothesized logic program entail positive negative example,English
inductive programming related field considers kind programming language representing hypothesis logic programming functional program,English
inductive logic programming particularly useful bioinformatics natural language processing,English
gordon plotkin ehud shapiro laid initial theoretical foundation inductive machine learning logical setting,English
shapiro built first implementation model inference system 1981 prolog program inductively inferred logic program positive negative example,English
term inductive refers philosophical induction suggesting theory explain observed fact rather mathematical induction proving property member well ordered set,English
performing machine learning involves creating model trained training data process additional data make prediction,English
various type model used researched machine learning system,English
artificial neural network anns connectionist system computing system vaguely inspired biological neural network constitute animal brain,English
system learn perform task considering example generally without programmed task specific rule,English
ann model based collection connected unit node called artificial neuron loosely model neuron biological brain,English
connection like synapsis biological brain transmit information signal one artificial neuron another,English
artificial neuron receives signal process signal additional artificial neuron connected,English
common ann implementation signal connection artificial neuron real number output artificial neuron computed non linear function sum input,English
connection artificial neuron called edge,English
artificial neuron edge typically weight adjusts learning proceeds,English
weight increase decrease strength signal connection,English
artificial neuron may threshold signal sent aggregate signal cross threshold,English
typically artificial neuron aggregated layer,English
different layer may perform different kind transformation input,English
signal travel first layer input layer last layer output layer possibly traversing layer multiple time,English
original goal ann approach solve problem way human brain would,English
however time attention moved performing specific task leading deviation biology,English
artificial neural network used variety task including computer vision speech recognition machine translation social network filtering playing board video game medical diagnosis,English
deep learning consists multiple hidden layer artificial neural network,English
approach try model way human brain process light sound vision hearing,English
successful application deep learning computer vision speech recognition,English
decision tree learning us decision tree predictive model observation item represented branch conclusion item target value represented leaf,English
one predictive modeling approach used statistic data mining machine learning,English
tree model target variable take discrete set value called classification tree tree structure leaf represent class label branch represent conjunction feature lead class label,English
decision tree target variable take continuous value typically real number called regression tree,English
decision analysis decision tree used visually explicitly represent decision decision making,English
data mining decision tree describes data resulting classification tree input decision making,English
support vector machine svms known support vector network set related supervised learning method used classification regression,English
given set training example marked belonging one two category svm training algorithm build model predicts whether new example fall one category,English
svm training algorithm non probabilistic binary linear classifier although method platt scaling exist use svm probabilistic classification setting,English
addition performing linear classification svms efficiently perform non linear classification using called kernel trick implicitly mapping input high dimensional feature space,English
regression analysis encompasses large variety statistical method estimate relationship input variable associated feature,English
common form linear regression single line drawn best fit given data according mathematical criterion ordinary least square,English
latter often extended regularization mathematics method mitigate overfitting bias ridge regression,English
dealing non linear problem model include polynomial regression example used trendline fitting microsoft excel logistic regression often used statistical classification even kernel regression introduces non linearity taking advantage kernel trick implicitly map input variable higher dimensional space,English
bayesian network belief network directed acyclic graphical model probabilistic graphical model represents set random variable conditional independence directed acyclic graph dag,English
example bayesian network could represent probabilistic relationship disease symptom,English
given symptom network used compute probability presence various disease,English
efficient algorithm exist perform inference learning,English
bayesian network model sequence variable like speech signal protein sequence called dynamic bayesian network,English
generalization bayesian network represent solve decision problem uncertainty called influence diagram,English
genetic algorithm search algorithm heuristic technique mimic process natural selection using method mutation crossover generate new genotype hope finding good solution given problem,English
machine learning genetic algorithm used 1980s 1990s,English
conversely machine learning technique used improve performance genetic evolutionary algorithm,English
usually machine learning model require lot data order perform well,English
usually training machine learning model one need collect large representative sample data training set,English
data training set varied corpus text collection image data collected individual user service,English
overfitting something watch training machine learning model,English
trained model derived biased data result skewed undesired prediction,English
algorithmic bias potential result data fully prepared training,English
federated learning adapted form distributed artificial intelligence training machine learning model decentralizes training process allowing user privacy maintained needing send data centralized server,English
increase efficiency decentralizing training process many device,English
example gboard us federated machine learning train search query prediction model user mobile phone without send individual search back google,English
many application machine learning including 2006 medium service provider netflix held first netflix prize competition find program better predict user preference improve accuracy existing cinematch movie recommendation algorithm least,English
joint team made researcher lab research collaboration team big chaos pragmatic theory built ensemble model win grand prize 2009 million,English
shortly prize awarded netflix realized viewer rating best indicator viewing pattern everything recommendation changed recommendation engine accordingly,English
2010 wall street journal wrote firm rebellion research use machine learning predict financial crisis,English
2012 founder sun microsystems vinod khosla predicted medical doctor job would lost next two decade automated machine learning medical diagnostic software,English
2014 reported machine learning algorithm applied field art history study fine art painting may revealed previously unrecognized influence among artist,English
2019 springer nature published first research book created using machine learning,English
although machine learning transformative field machine learning program often fail deliver expected result,English
reason numerous lack suitable data lack access data data bias privacy problem badly chosen task algorithm wrong tool people lack resource evaluation problem,English
2018 self driving car uber failed detect pedestrian killed collision,English
attempt use machine learning healthcare ibm watson system failed deliver even year time billion dollar invested,English
machine learning used strategy update evidence related systematic review increased reviewer burden related growth biomedical literature,English
improved training set yet developed sufficiently reduce workload burden without limiting necessary sensitivity finding research,English
machine learning approach particular suffer different data bias,English
machine learning system trained current customer may able predict need new customer group represented training data,English
trained made data machine learning likely pick constitutional unconscious bias already present society,English
language model learned data shown contain human like bias,English
machine learning system used criminal risk assessment found biased black people,English
2015 google photo would often tag black people gorilla 2018 still well resolved google reportedly still using workaround remove gorilla training data thus able recognize real gorilla,English
similar issue recognizing non white people found many system,English
2016 microsoft tested chatbot learned twitter quickly picked racist sexist language,English
challenge effective use machine learning may take longer adopted domain,English
concern fairness machine learning reducing bias machine learning propelling use human good increasingly expressed artificial intelligence scientist including fei fei reminds engineer nothing artificial inspired people created people importantly impact people,English
powerful tool beginning understand profound responsibility classification machine learning model validated accuracy estimation technique like holdout method split data training test set conventionally training set test set designation evaluates performance training model test set,English
comparison fold cross validation method randomly partition data subset experiment performed respectively considering subset evaluation remaining subset training model,English
addition holdout cross validation method bootstrap sample instance replacement dataset used assess model accuracy,English
addition overall accuracy investigator frequently report sensitivity specificity meaning true positive rate tpr true negative rate tnr respectively,English
similarly investigator sometimes report false positive rate fpr well false negative rate fnr,English
however rate ratio fail reveal numerator denominator,English
total operating characteristic toc effective method express model diagnostic ability,English
toc show numerator denominator previously mentioned rate thus toc provides information commonly used receiver operating characteristic roc roc associated area curve auc,English
machine learning pose host ethical question,English
system trained datasets collected bias may exhibit bias upon use algorithmic bias thus digitizing cultural prejudice,English
example using job hiring data firm racist hiring policy may lead machine learning system duplicating bias scoring job applicant similarity previous successful applicant,English
responsible collection data documentation algorithmic rule used system thus critical part machine learning,English
evolvement system raise lot question realm ethic morality,English
well equipped making decision certain field technical scientific rely heavily data historical information,English
decision rely objectivity logical reasoning,English
human language contain bias machine trained language corpus necessarily learn bias,English
form ethical challenge related personal bias seen health care,English
concern among health care professional system might designed public interest income generating machine,English
especially true united state long standing ethical dilemma improving health care increasing profit,English
example algorithm could designed provide patient unnecessary test medication algorithm proprietary owner hold stake,English
huge potential machine learning health care provide professional great tool diagnose medicate even plan recovery path patient happen personal bias mentioned previously greed bias addressed,English
since 2010s advance machine learning algorithm computer hardware led efficient method training deep neural network particular narrow subdomain machine learning contain many layer non linear hidden unit,English
2019 graphic processing unit gpus often specific enhancement displaced cpu dominant method training large scale commercial cloud,English
openai estimated hardware compute used largest deep learning project alexnet 2012 alphazero 2017 found 300 000 fold increase amount compute required doubling time trendline month,English
software suite containing variety machine learning algorithm include following looking quick way become fluent english know understand happens word circling brain need make entire conversation using awesome amazing cool epic learn smart new english word use daily life elevate vocabulary minute,English
today going learn new smart word meaning root word example sentence let get going hey everyone watching,English
video gon give smart word daily use end video,English
going give smart tip sound really fluent smart word number,English
one swamped swamped mean drowning flooding swamped often used context work like swamped work much work swamped work entire week barely time breathe let look root word,English
swamp piece wetland somebody step wrong place swamp could easily drown verb form swamp mean sink use word,English
let say lot assignment test coming friend come say,English
hey hang say sorry swamped work swamped word use place swamped got much,English
much plate drowning work,English
deluged assignment smart word number two catch sure heard word catch mean impossible situation one thing unless done done first,English
confused let give example catch situation get job without work experience,English
get experience get job catch coined joseph heller famous book name catch describing contradictory rule applicable soldier world two,English
another example catch need bank loan enough,English
money get bank loan unless prove bank enough money next time stuck tricky situation remember,English
use word catch,English
get admiring look friend word use place catch paradox dilemma smart word,English
number three suave suave suave mean sophisticated polite poised cool,English
well mannered word suave several different origin one interesting origin word mean pleasant sweet tasting example,English
poised suave especially front lady barack obama suave polished remember party next time see person,English
well mannered cultured sophisticated,English
forget say hey suave guy right corner using word instantly make vocabulary,English
suave smart word number four atrocious atrocious word atrocious mean something really bad horrible terrible cruel appalling offensive atrocious latin root called mean fear cruel terrible example word atrocious recent rape incident delhi atrocious prisoner treated,English
atrocious manner sometimes prison atrocious used day day life talk common wrong want exaggerate,English
example table manner atrocious dress sense atrocious grammar atrocious,English
next time hear horrific act news remember,English
remark say atrocious act smart word number stupendous stupendous stupendous mean amazing astonishing,English
often use word awesome another word use place awesome stupendous example today got stupendous score test mean got high score,English
got near perfect score word stupendous classical latin root word mean,English
stunned stupendous used describe something stunningly good example look stupendous dress stupendous view balcony reading stupendous book put tell,English
friend stupendous channel student word use instead stupendous incredible fantastic exceptionally good continue balanced five word video remember put comment video,English
tell ten word favorite smart word number six fix fix mean troublesome situation example boy fix made plan two different friend evening,English
lost phone fix bus broke morning fix friend always turn help fix going good forgets,English
next time get math homework school example left math book school tell friend real fix may think word fix something repairing something,English
fix mean troublesome situation word use instead fix soup mess spot bother spot smart word number flummox flummox mean confuse someone,English
much forget confused tends overused word instead use flummox example boy looked completely flummoxed teacher asked question class dog flummoxed looking reflection mirror tourist flummoxed different custom,English
encountered travel interview asked hire looked completely flummoxed next time get confused question example examination,English
always say prepared well exam flummoxed question word use instead flummoxed bewildered puzzled perplexed smart word number eight rendezvous rendezvous rendezvous,English
french way saying meeting date example rendezvous friend lunch saturday planning rendezvous friend mall movie rendezvous used noun verb example,English
rendezvous friend evening going rendezvous friend tomorrow,English
france earlier rendezvous used army indicate meeting place troop something slightly exciting secretive word rendezvous even use rendezvous meeting,English
general appropriate official meeting date perhaps certainly call rendezvous smart word number obtuse obtuse obtuse insult would use trying call someone dumb unintelligen dim witted heard word obtuse geometry obtuse angle acute angle obtuse angle angle greater degree less 180 degree,English
acute angle sharp angle less degree acute word used denote sharp therefore mentally sharp obtuse denoting blunt therefore little slow mind example sentence obtuse obtuse gave away password fake caller obtuse child,English
able,English
answer single question test obtuse hard time understanding even basic instruction suppose situation daily life boyfriend girlfriend angry know,English
say maybe obtuse know upset smart word number sluggish sluggish sluggish mean move slow manner kind slower paced,English
usual look bit tired lacking,English
energy example heavy lunch make afternoon sluggish root word mean slow person slug animal move around really slowly like snail example,English
economy sluggish year match picked sluggish start,English
business sluggish quarter use daily life feeling tired one day tell mom tell,English
friend feeling sluggish,English
today could energy drink word use place sluggish could lethargic dragging foot smart word,English
give secret tip sound fluent want remind,English
case looking smart word use telephone call putting link video,English
description box secret tip secret tip sound fluent use one smart word sentence know sometimes,English
get excited,English
learnt whole lot smart word tend stuff two three four one sentence sound natural,English
one time sure pronouncing word right manner google type word search right top see little speaker icon click speaker,English
hear pronunciation twice,English
ready liked video forget give thumb comment,English
telling word favorite,English
already press subscribe button bell icon right next happy watching,English
hey guy welcome channel video,English
gon give top english phrase use everyday life,English
embark journey,English
english speaking country totally use,English
phrase learning english want resume learning,English
best video start let phrase english hopefully minute,English
phrase number one another way ask,English
,English
going,English
going,English
meet someone time going,English
phrase number two seen somebody tell long time see mean seen person maybe week month long time see phrase number,English
three want ask,English
ask going life,English
raise everything going,English
well answer complain everything really cool,English
complain next phrase somebody tell something really mentioned conversation like guess somehow new job ask,English
know,English
get news like,English
know somebody tell cool joke tell good one,English
great joke phrase good one,English
want thank somebody say kind thank much kind kind somebody,English
trying help reach result say,English
thank anyway matter thank anyway,English
thank effort,English
thank anyway another phrase use email sometimes asked person,English
ask say end,English
thank advance mean really hope gon,English
thanking advance,English
thank advance somebody made mistake really upset,English
say worry,English
worry worry mean worry,English
fine,English
worry imagine came home friend sitting couch,English
like going like,English
going catch something understand person always ask get right,English
ahead explain got get right,English
ask somebody upset cry say take heart,English
take heart like seriously upset take heart,English
another way ask catch part phrase say catch last word,English
sorry,English
repeat catch last word want somebody repeat whole phrase,English
say sorry,English
listening maybe busy,English
maybe talking phone somebody talking like,English
god,English
sorry listening,English
repeat,English
sorry,English
listening another phrase use time,English
matter like worry drop coffee,English
like matter,English
fine,English
going laundry anyway,English
matter want wish somebody luck,English
always say finger crossed cross finger like,English
finger crossed,English
another phrase american use bad explains,English
situation get something get extra effect get,English
like explains explains,English
another way tell person upset say thing happen like okay,English
thing happen upset name person want talk,English
say sorry bother know see,English
somebody busy always say sorry bother ahead ask,English
sorry bother middle something somebody asking something say middle something somebody somebody asking something say sorry,English
minute resume something say,English
like stop repeat sound somebody people mistake,English
great way practice middle conversation,English
get person saying say saying question mark,English
mean prompt person repeat,English
saying somebody got job dream whatever say lucky somebody got university dream like lucky way congratulating person lucky like emphasizing lucky lucky another way say really angry say freaked like angry freaked super angry,English
like almost crazy,English
freaked another phrase native speaker use good could positive negative say got promoted say good like congratulation sometimes say like leaving place,English
like good would better without negative meaning really listen intonation,English
something surprise say got kidding like god,English
believe got kidding tell somebody smile happy always say cheer cheer,English
want somebody sound like cry complaining something happening say come,English
come,English
pas toefl pas gmat get come,English
somebody really well tell keep good work keep good work like good keep good work continue another phrase colloquial american say,English
lit mean amazing many american said california,English
lit probably heard song lit somebody successful failure say told gon make somebody asking tired want say tired say bit nah,English
want continue tired somebody asking sure pretty sure say room,English
room doubt america want sm somebody send message say text text text mean send message whatsapp telegram messenger whatever using text cheer somebody tell upset say worth like cry,English
worth,English
much better problem cry worth tear,English
worth personally love phrase rock mean amazing,English
god,English
rock rock,English
done amazing job,English
rock somebody working really well want work harder say extra mile mean like work harder extra mile,English
another way say thing say step game like work harder work better step game,English
somebody cry want,English
sink say pull together like literally take pull together stop working stop cry pull together,English
hey calm together another phrase,English
love sold sometimes people describe trip somebody bought describe well,English
like want buy thing tell sold sold buy alright sold interested conversation,English
like sitting say could care less boring,English
interested,English
care less somebody asking something really easy decision like somebody tell take million dollar say brainer,English
take,English
brainer mean really easy decision done something wrong admit say screwed yes guy,English
know,English
sorry,English
screwed,English
mistake,English
screwed screwed want somebody work instead say,English
cover like work instead seeing friend,English
cover time leave guy better going mean already,English
know,English
actually right,English
better going another way say goodbye,English
say take care mean take care,English
see later,English
take care,English
know day watching video friday example weekend,English
say thank heaven friday think heaven said saturday weekend discovery,English
happy guy phrase english let know helpful liking video commenting know cool phrase,English
would great red button somewhere,English
hello welcome,English
video give 100 common useful sentence use conversation,English
hear sentence practice saying,English
try copy pronunciation exactly including tone voice use,English
alright let begin,English
basic greeting going,English
thing,English
,English
nice meet,English
long time see,English
,English
great thanks,English
,English
much,English
usual,English
got get going,English
pleasure meeting see later,English
stay touch,English
asking information,English
could tell word mean,English
would happen know library,English
hesitating,English
good question,English
let see,English
let think moment,English
asking repetition,English
excuse,English
sorry catch,English
would mind repeating,English
speak little slowly please,English
saying know,English
afraid idea,English
help sorry,English
beat,English
opinion,English
think,English
view,English
think good idea,English
honestly think going work,English
far concerned best restaurant town,English
avoiding question,English
opinion matter,English
let get back,English
liberty say,English
agreeing disagreeing,English
agree,English
absolutely right,English
agree 100,English
hit nail head,English
sure agree,English
afraid disagree,English
think mistaken,English
interrupting politely,English
sorry interrupt,English
stop moment,English
mind jump,English
ahead,English
sure,English
let finish,English
hold moment,English
suggestion,English
say movie,English
pizza dinner tonight,English
would great,English
sound good,English
sure,English
think,English
making plan,English
tonight,English
got plan tomorrow,English
free next saturday,English
want something weekend,English
sure mind,English
free weekend let something,English
sorry already mad plan,English
kind busy tomorrow,English
love something,English
permission,English
mind use cell phone,English
would okay took day tomorrow,English
yes please sure ahead,English
,English
unfortunately say,English
rather,English
afraid,English
making request,English
could pas salt please,English
would mind lending money,English
wondering could help,English
sure problem,English
yeah course,English
glad help,English
sorry right,English
afraid,English
making offer,English
get glass water,English
ice cream,English
would like give ride home,English
yes please,English
would great thanks,English
thanks offering,English
good thanks,English
thanking people,English
thanks million,English
cheer really appreciate,English
kind,English
thank enough,English
nothing,English
mention,English
time,English
pleasure,English
asking someone wait,English
hold moment please,English
hang one second,English
bear moment,English
right,English
apologizing,English
really sorry,English
please accept apology,English
worry,English
worry,English
alright want lesson common sentence phrase let know comment section,English
liked video give thumb hitting like button remember subscribe channel clicking subscribe button get latest lesson right youtube,English
happy learning see another lesson soon,English
golden bread upon time tiny village lived woman named marion,English
daughter narcisa marion extremely humble sweet narcisa however completely opposite see beautiful beyond word like living,English
doll amusing part loved end narcisa would,English
help bake bread huh way mom flour maid bright sparkly eye,English
narcisa would help plant seed would got dirt lovely finger worse went onto face well problem narcisa,English
thought great work many suitor came ask narcissus hand marriage,English
since beauty known far wide rejected rudely send men away yesterday seemed nice serious mom one,English
small eye almost like bird huge nose want near,English
sneezed last stop want hear could see men really nice dear must know beauty,English
everything mother realize deserve someone like prince knight,English
dear one night sleeping mother sat side watching,English
dear child beautiful lovely care anything beauty,English
moment narcissus started laugh sleep mother extremely surprised nice must really funny dream next morning narcissus,English
woke smile giggle sweetheart tell dream,English
last night well mom amazing dream know prince came,English
said wanted marry come golden carriage dressed top bottom gold well silly dream,English
know best part wedding dress gold course everyone staring narcisa nothing amazing dream,English
egotistical dream mom know saying dream made realize need food much grander type eat home bread made gold,English
think poor narcissus mother worried daughter,English
would live life day two friend came visit narcissus mother mellie terry three friend age terry ellie secret,English
magical being something narcisse mother knew nothing terry melli good see long good would better daughter narcisa little understanding marian told mellie terry narcisa worried want eat bread made gold well maybe dream come true,English
would wonderful well matter guess time grow learn let talk something else,English
later mellie terry waved goodbye old friend went away smiling secretively night mother daughter,English
got ready bed mother really hope dream come true know narcisa next day narcisa mother outside garden beautiful,English
golden carriage came riding studded gem diamond looked extremely stunning,English
stopped handsome came looked narcisa completely taken aback handsome dream actually coming true umm,English
hello come ask narcissus hand marriage know name,English
terrence angel good fortune daughter name beauty known throughout world brought gift hardly know,English
silly rich handsome could want terrence accept proposal,English
got carriage without even saying goodbye mother rode angel travelling carriage suddenly entered magical portal traveled stormy area carriage bumped around tremendously narcissa,English
scared worry dear soon said carriage went another portal reached driveway,English
huge magnificent golden castle narcisa amazed beauty saw knew deserve many rich knew like anything want find prettiest dress tastiest food palace well speaking food really hungry ride starving tasty food course meat smelly melissa get whatever want heard much poor dear hungry come let dining table get food thank went dining room table astounding food narcisa ever seen amazing jam made,English
ruby salad emerald bread made gold golden bread lovely jam look taste lovely bread took slice,English
ruby jam took huge bite hot eat well bread made gold finest eat get silver bread silver huh eat,English
something else want normal bread bread eat look wife sire shell cold must eat best narcis looked food,English
heartbroken everything inedible soon started cry want food really good,English
try golden potato really good married,English
eat thought liked fancy thing want marry want home,English
mother let home melissa terrence looked winked well,English
really want take home terrence took cry unhappy,English
narcis home carriage started think deeply choice made reached home,English
ran hug mother sitting house sad sister sweet daughter thought never see,English
mom love much right look rich everything gold bread useless eat even though,English
handsome care dear realize exactly way treated others know sorry way acted mom alright since seen,English
mistake come let feed something nice day onwards,English
narcisa changed way struggled first slowly patiently started become lot nicer one day mellie terry came meet marian hello two tell marian,English
narcissism marian told everything happened changed much time,English
guess want gold bread huh know,English
terry actually look little like angel though seeing could two nice,English
രപഞ പദമ ജർമൻ natur nature naturaleza natureza,Malayalam
ഘടകങ,Malayalam
കണക,Malayalam
അവയ പദമ nature ഉൽപത പദമ natura,Malayalam
രപഞ സമസ,Malayalam
രഹങ ഏകഗ രഹമ,Malayalam
,Malayalam
രപഞ രതമ ഥലത പറയ,Malayalam
ദർശന അവല image must attributed credit line reading reprinted permission macmillan publisher ltd nature copyright hyperlink nature homepage,Malayalam
atmospheric science geosciences soil science ഷയങ രസതന environmental design environmental economics environmental ethic environmental law pollution control sustainability environmental technology ഷകള വതന ർണവ wikipedia,Malayalam
രവർത രവർത,Malayalam
ളടക വതന കരണ വതന,Malayalam
വതന രമല ളടക,Malayalam
എൻസ പദങ രശബ,Malayalam
തൽപരര ഉപയ സഹകരണത രവർത ഖനങ,Malayalam
ഖനങ ഏവർക,Malayalam
2001 15ന,Malayalam
ഖനങ രകസ,Malayalam
ജനക രശസ,Malayalam
റർന രശസ അവല യമമ കണക വതന,Malayalam
292 ഷകള,Malayalam
113 330 ഖനങ,Malayalam
മലയ ളമടക യൻഭ ഷകള രവർത,Malayalam
ആർക വതന ആശയ വതന 1999,Malayalam
ആശയത വർത റർപ,Malayalam
,Malayalam
അതത ഷയങ ഖനങ ങൾക,Malayalam
,Malayalam
ഖനങ വളർച,Malayalam
ജനങ ങൾക,Malayalam
ഖനങ രകസ ജനക കടത തരത തനത വതന,Malayalam
യനക സഹകരണത വതന,Malayalam
,Malayalam
2001,Malayalam
കണക ഉപയ ഖനങ,Malayalam
ഖനങ ഏവർക വതന,Malayalam
വളര ഉപയ ടർച,Malayalam
കണക അവർ നടത,Malayalam
,Malayalam
വളര രണയ,Malayalam
ടർച യമവ തടയ,Malayalam
ൽ301 ഷകള,Malayalam
ഷകള രവർത തനങ നർജ,Malayalam
ഖനങ,Malayalam
യവർഷത ഖനങ,Malayalam
റഫർ,Malayalam
മലയ ളമടക യൻഭ ഷകള രവർത,Malayalam
മലയ 820 ഖനങ,Malayalam
ളടക gnu free documentation license,Malayalam
ളടക വതന,Malayalam
രവർത പനമ,Malayalam
,Malayalam
ഉയർന കണമ പരസ പരബഹ ഓൺല,Malayalam
ഖലകള,Malayalam
ഖനങ വഴക,Malayalam
ങൾക,Malayalam
കകള ഇതര കരണങ ഖനങ,Malayalam
ഖകൾ ഖനങ രമകരമ,Malayalam
രവർത തനത,Malayalam
ങൾക കൾക ഉറവ,Malayalam
ർവത ങൾക ളവർക ശയമ ങൾക റഫറൻസ ർബന,Malayalam
ഖനങ റഫറൻസ നപത,Malayalam
ഷയത ഖനമ തകള ഖനങ,Malayalam
മലയ,Malayalam
ഓൺല റഫറൻസ മലയ ഏവർക,Malayalam
ഉപയ,Malayalam
രളത രവർത റഫറൻസ,Malayalam
ഖനങ രളത ളവർക ഖകൾ ഖനങ രദമ,Malayalam
മലയ രളത രവർത തകര,Malayalam
ഖനത രചയ,Malayalam
ഖനത രവർത ചവർ പലര അവര,Malayalam
വർക ർഗത ഖനങ,Malayalam
വളര ഉറപ,Malayalam
തടസ പനത,Malayalam
വരണ വശങ നവര,Malayalam
ഖനങ ഉറപ,Malayalam
പറഞ നർഥ,Malayalam
ഖകര വരസ തകള ളവര ഖകസ ൻബലത ഖനത അവതര ഖനത വതന,Malayalam
തരത,Malayalam
ൻബലത,Malayalam
ലർക ലർക ഭവപ വരങ തകൾ,Malayalam
ഹരണത,Malayalam
,Malayalam
,Malayalam
ലവന,Malayalam
ജനന,Malayalam
പണങ നർത,Malayalam
ഖനങ ഖനങ,Malayalam
യനക ആയത ഖനങ ഉറപ ഖകർ ലർത,Malayalam
സമർപ ഖനങ,Malayalam
ഖനങ,Malayalam
യകള വസവ ഖനങ,Malayalam
ളടക യതയ ഖനങ ഖനങ സമർപ,Malayalam
ഖനത,Malayalam
ഖനത വരങ,Malayalam
ഖനത ഉറപ ആവശ വരങ ഖനത അവല,Malayalam
ഖനത ആവശ രദമ,Malayalam
രജൻ ഷയങ ഖനങ ഖനങ,Malayalam
പറയ ഖനങ ഖനങ സമർപ,Malayalam
ഖനങ,Malayalam
ലർക നശകലങ ലർക,Malayalam
നശകലങ നവർക പരമ ഖകർ,Malayalam
തരമ കൾക,Malayalam
മലയ ഖകർ മലയ മലയ ചർച ചകള മലയ,Malayalam
തരത ഉപയ ചർച അവസ,Malayalam
പദങ മലയ കരണമ,Malayalam
പദങ ങൾക മലയ പദമ മലയ ഉപയ,Malayalam
അവയ മലയ പദങ ഉപയ,Malayalam
മലയ ഉപയ വളര,Malayalam
മലയ ഖകര വർദ,Malayalam
പലപ യതയ ഹരണത ശജര ഉപയ ളവര ഖനത യതയ,Malayalam
കർണ ടകയ തർക,Malayalam
ഖനങ തർക തർക ഖനങ തർക ഷയങ,Malayalam
ഉപയ പലപ കളയ,Malayalam
ഹകർ ഖനത,Malayalam
ഖനത മതലയ പലപ ഇവർക,Malayalam
വനങ യവര,Malayalam
ഇവര പറയ,Malayalam
അവബ വനങ മനസ പരസ പരബഹ വതന,Malayalam
കണക,Malayalam
മലയ 395,Malayalam
റവല,Malayalam
യർക അവര അവർ,Malayalam
റർന ഇവർ,Malayalam
യർക യനക വതന ഉപയ,Malayalam
പലത,Malayalam
,Malayalam
ഖനങ നവര ഖനങ,Malayalam
,Malayalam
യർക യമസ,Malayalam
രവർത തനങ അവർ ആശയസ ടനങ അവർ സമവ,Malayalam
യർക ഇവര ചയപ,Malayalam
user box ഉപയ ഇവര കതയ,Malayalam
ഹകർ,Malayalam
ചവറ ഹകര,Malayalam
ഇടയ കയറ ഭയന ഹകര,Malayalam
ആൾക അവര തടയ മതലയ ഹർക,Malayalam
സമയ പടയ ഹകർ,Malayalam
ഇവര,Malayalam
ഉപവ,Malayalam
ഇവര,Malayalam
കൾക തരത,Malayalam
നടത ൻഡല പറയ,Malayalam
ആർക ഖനങ ഉപയ കളയ പരസ പരബന ശകള ഖനങ ൻഡല ഹരണമ,Malayalam
ൻഡല ഉപയ,Malayalam
ഉപയ നടത തടയ,Malayalam
പലപ ഉപയ ങൾക അർത നടത,Malayalam
ൻഡല,Malayalam
രണയ,Malayalam
ഉപയ കൾക നടത,Malayalam
ൻഡല ഉപയ ഉപയ ഇവര,Malayalam
ൻഡല തടയ ഉപയ കൾക ഖനങ,Malayalam
ഇവർക ഖനങ നടത ഖനങ,Malayalam
ഉപയ നടത,Malayalam
ഇവര തടയ,Malayalam
,Malayalam
തകള പരസ രചരണമ,Malayalam
നവർ അവയ കളയ,Malayalam
സമയ ഓർഗന നടത,Malayalam
,Malayalam
ധസമ,Malayalam
യമല,Malayalam
നതത,Malayalam
മരന ഗണനയ,Malayalam
ഓണത നവര,Malayalam
,Malayalam
ർഫക ആർക നവർ അവബ ഉപയ കൾക നൽക,Malayalam
അവര ധഘട,Malayalam
വനക ഖലയ അവൻ ഷയത,Malayalam
രവർത തകൻ,Malayalam
നവര,Malayalam
കർഷകൻ മഴയ,Malayalam
2001,Malayalam
2001 16ന ജർമ,Malayalam
ടർന ഷകള,Malayalam
വർഷ 2002 രമങ,Malayalam
2002 ഷകള,Malayalam
ഷകള യകള,Malayalam
യകള ഖനങ 10000,Malayalam
ഷകൾ മലയ,Malayalam
മലയ 2003 2003 2003 2003 2003 2003 2004 ഷകള യകൾ,Malayalam
മൺസ ആചര,Malayalam
രവർത തകർ ചർച,Malayalam
റർമ വർഷ വർഷ വരങ ങൾക ലനങ കർമ കൾര,Malayalam
തകള പഠന യവസ രപഠന അഥവ machine learning,Malayalam
ആർട ജൻസ ആർതർ ഉപജ,Malayalam
1959ൽ,Malayalam
ഹരണങ ഉപയ,Malayalam
ഹരണത തവയ രപഠന,Malayalam
യവത കരണത ദനത രപഠന യവസ,Malayalam
കരണവ കകള രപഠന യവസ,Malayalam
നടപ ഷതയ യവത കരണ അവസ ഥകള കണക പഠന കണക,Malayalam
രപഠനത പദമ രവർത ഖലകള,Malayalam
ഹരണമ ഷരങ കകള മനസ രപഠനമ,Malayalam
രപഠന തരത,Malayalam
ർഗദർശ രപഠനത ഹരണങ ഇൻപ,Malayalam
വരത,Malayalam
രപഠനത ഇൻപ ഉപയ ഇൻപ,Malayalam
ഗണത,Malayalam
ഇടയ നദണ യതയ ളവയ വകത,Malayalam
രപഠന വശമ,Malayalam
നദണ ഷതയ,Malayalam
ഓൺല ഷകൾ ഖലകള രപഠനത,Malayalam
ഘടകങ രപഠന രപഠന അളവ ആവശ,Malayalam
യമല രപഠന യമല,Malayalam
റർന വർദ ഒരർത രപഠന,Malayalam
വരങ കർത ർവഹ,Malayalam
ഹരണത അർബ,Malayalam
ൻസർ രവച രപഠന കർത machine learning task,Malayalam
ഇൻപ സമവ രപഠന,Malayalam
സമവ സമവ,Malayalam
ഹരണത യസമവ linear equation പദമ polynomial,Malayalam
സമവ സമവ parameter,Malayalam
ങൾക ആകസ random ലകൾ നൽക ലകൾക പഠനത വരങ ങളല ടതൽ,Malayalam
കണമ തരവ രവച തരവ ർവച,Malayalam
ർവചനത loss,Malayalam
വർഗ mean squared error എൻട cross entropy loss ഉപയ,Malayalam
വരങ സമവ ലകൾ,Malayalam
loss പരമ ലകൾ,Malayalam
അൽഗ ഉപയ,Malayalam
അൽഗ പകമ ഇപയ,Malayalam
പഠനത രപഠന യതയ വരങ test data set,Malayalam
വർഗ mean squared error accuracy score നദണ നടത,Malayalam
ളവര തലച തകരമ രസകരമ ഉപയ ഷണവ നടത ഉപയ മനസ കൾക ഉയർത,Malayalam
പദങ അവയ അർത ഹരണ,Malayalam
ങൾക ഉപയ അവസ നൽക,Malayalam
നൽക ങൾക നൽക,Malayalam
പലപ തലത ഉപയ,Malayalam
വളര സമയമ,Malayalam
തടമ ഥലത അവർക അർത ങൾക ഉപയ,Malayalam
ങൾക ങൾക അവർ പറയ,Malayalam
ങൾക അവര പറയ പകര ങൾക ഉപയ,Malayalam
,Malayalam
വളര,Malayalam
ഉറപ ഹചര അർത ങൾക,Malayalam
ആശയക ങൾക ഹചര ഹചര,Malayalam
ധസമയത കർക ധകമ പരസ പരവ യമങ തകത,Malayalam
ഹരണ ങൾക ആവശ ങൾക ആവശ,Malayalam
ങൾക പണമ ങൾക തവണ ഷമകരമ അവസ ഓർക,Malayalam
ഉപയ,Malayalam
ങൾക ഉപയ ധർമ മസങ കടമ പദമ,Malayalam
തവര,Malayalam
ഉറവ വളര രസകരമ ഹരമ ഹരണമ,Malayalam
അവൻ വളര കൾക വളര ആകർഷകവ തവണ ഓർക,Malayalam
,Malayalam
പറയ മറക ഉപയ ദരൻ തൽക,Malayalam
വളര വചന തരമ തരമ ർഗങ വളര നകമ റകരമ തരമ നമല ർഗങ രതയ കരര വചന തരമ ഹരണങ ഡൽഹ തടവ,Malayalam
ഉപയ,Malayalam
ഹരണത അവന അവള രണര വളര അവന കരണ,Malayalam
തവണ നകമ ഓർമ,Malayalam
പറയ പറയ ശയകരമ ശയകരമ,Malayalam
പലപ ആകർഷണ ഉപയ ഹരണമ ആകർഷണ പകര ഉപയ നർത വളര ഉയർന,Malayalam
പദത,Malayalam
ശയകരമ ഉപയ ഹരണത അവൾ രണത ശയകരമ ശയകരമ ശയകരമ,Malayalam
പറയ,Malayalam
കൾക ശയകരമ ശയകരമ പകര ങൾക ഉപയ വസന ശയകരമ രണമ സമത ഓർമ,Malayalam
അർത നകരമ അവസ നർത ഹരണത ആൺക,Malayalam
തകർന അവൻ മറക,Malayalam
തവണ ങൾക കണക പറയ,Malayalam
നകരമ ഹചര അർത പകര ങൾക ഉപയ ഥലത ഥലത ആശയക,Malayalam
യണമ അവർ മറന ആശയക ഉപയ പദമ പകര ഉപയ ഹരണത ആൺക,Malayalam
അവന അവൻ അവൾ തവണ ആശയക,Malayalam
പറയ വളര ങൾക പകര ഉപയ തരണ പരന വചന,Malayalam
പറയ വളര ർഗമ ഹരണത ചഭക ഷണത മകൾക നടത മപദമ ഉപയ ഹരണത,Malayalam
,Malayalam
കർക ഉപയ,Malayalam
അൽപ ശകരവ രഹസ ങൾക ഉപയ,Malayalam
meeting വളര തമല ങൾക ഓർമയ ഉപയ,Malayalam
180,Malayalam
ഉപയ ളവയ മനസ അൽപ ദഗത ഹരണത നൽക,Malayalam
,Malayalam
നൽക മനസ അവസ ങൾക,Malayalam
അവര പറയ ദഗത ദഗത ദഗത,Malayalam
,Malayalam
example ഹരണത കനത ചഭക ചകഴ ദഗത ദഗത ഹരണങ വളര അർത,Malayalam
വർഷ യവസ വളര ദഗത ദഗത,Malayalam
ദഗത ങൾക വളര ഉപയ ങൾക പറയ ങൾക പറയ,Malayalam
,Malayalam
എനർജ ഉപയ ദഗത ഥലത ങൾക ഉപയ അലസമ,Malayalam
വളര രഹസ ങൾക നൽക,Malayalam
ഓർമ,Malayalam
ഉപയ,Malayalam
വരണ രഹസ കളങ രഹസ പദങ ഉപയ,Malayalam
വളര,Malayalam
പദങ വളര അവയ,Malayalam
സമയ ഉറപ,Malayalam
രയല,Malayalam
തവണ,Malayalam
ങൾക ങൾക മറക,Malayalam
കരമ പറയ,Malayalam
അമർത,Malayalam
,Malayalam
ഉപയ ങൾക നൽക,Malayalam
,Malayalam
ങൾക ഉപയ,Malayalam
പഠന,Malayalam
,Malayalam
ർഗമ,Malayalam
,Malayalam
,Malayalam
,Malayalam
,Malayalam
അവന ർഘന ചകള നർത,Malayalam
കണമ,Malayalam
,Malayalam
അവര വളർത,Malayalam
ങൾക നൽക രസകരമ,Malayalam
പറയ ങൾക അവർ es ഷണത മർശ അവന,Malayalam
,Malayalam
,Malayalam
രസകരമ പറഞ ങൾക പറയ,Malayalam
,Malayalam
പറയ വളര ദയന പറയ വളര വളര,Malayalam
ങൾക പറയ ഫലത,Malayalam
നമല,Malayalam
രയത,Malayalam
ആവശ ഉപയ,Malayalam
അവസ പറയ,Malayalam
നർത,Malayalam
പറഞ,Malayalam
അവൻ,Malayalam
ങൾക പറയ,Malayalam
,Malayalam
,Malayalam
ആശങ കകള,Malayalam
നടക,Malayalam
മനസ,Malayalam
ങൾക,Malayalam
കരയര മനസ പറയ,Malayalam
രവമ ദയത,Malayalam
ങൾക അവസ ങൾക പറയ,Malayalam
,Malayalam
ആവർത കണമ അവസ ങൾക ആവർത,Malayalam
ങൾക പറയ,Malayalam
,Malayalam
,Malayalam
,Malayalam
,Malayalam
ങൾക ആവർത,Malayalam
,Malayalam
ഉപയ,Malayalam
നമല,Malayalam
നമല,Malayalam
,Malayalam
അലക,Malayalam
ങൾക ആർക കണമ,Malayalam
കടന കടക പറയ,Malayalam
കടന,Malayalam
ഉപയ,Malayalam
ങൾക ടർന ങൾക ഇഫക ങൾക ഹചര,Malayalam
,Malayalam
പറയ,Malayalam
അവന,Malayalam
ഷമമ,Malayalam
ങൾക ടർന ങൾക,Malayalam
,Malayalam
ങൾക പറയ,Malayalam
ആവശ,Malayalam
ടർന പറയ,Malayalam
ആവർത,Malayalam
ഷണത ർഗമ,Malayalam
പറയ ങൾക മനസ പറയ ങൾക പറയ,Malayalam
നർത ആവർത,Malayalam
പറയ,Malayalam
ങൾക പറയ അവന അവര സർവ വകല ർഗമ അവൻ izing പറയ ങൾക പറയ വളര പറഞ വളര,Malayalam
,Malayalam
ഉപയ ങൾക കയറ പറയ അവർ ങൾക പറഞ ദനങ പറയ,Malayalam
അവർ ങൾക അർത,Malayalam
പറയ,Malayalam
ങൾക പറയ,Malayalam
കരയ നണമ ങൾക,Malayalam
,Malayalam
ങൾക ങൾക കടന ങൾക gmat കടന,Malayalam
രവർത ങൾക ങൾക അവര പറയ ലവര രവർത ഷണമ പറയ,Malayalam
നർത രവധ പറഞ ശയകരമ,Malayalam
,Malayalam
ജയങ ങൾക ങൾക പറഞ പറഞ തളർന പറയ പറയ,Malayalam
ങൾക ഉറപ ഇടമ ങൾക പറയ,Malayalam
ങൾക പറയ അയയ ശയത ഇടമ ങൾക അയയ പറയ അവര ങൾക കരയ ലമത പറയ,Malayalam
ലമത,Malayalam
കരയ വളര,Malayalam
ലമത പരമ നർത ശയകരമ,Malayalam
,Malayalam
,Malayalam
തകരമ,Malayalam
രവർത അവർ യണമ ങൾക കണമ പറയ നർത,Malayalam
ങൾക പറയ പറയ,Malayalam
കരയ ആവശ,Malayalam
കരച,Malayalam
,Malayalam
സമയങ അവര അവർ,Malayalam
അവർ പറയ അവര പറഞ ഷണത ങൾക,Malayalam
പറയ വളര രസമ,Malayalam
,Malayalam
പറയ ങൾക വളര പറയ,Malayalam
,Malayalam
യതയ അർത ങൾക വളര പറഞ,Malayalam
,Malayalam
,Malayalam
വഷള,Malayalam
,Malayalam
പകര രവർത കണമ,Malayalam
മറയ,Malayalam
,Malayalam
മറയ സമയമ നർത,Malayalam
ങൾക,Malayalam
,Malayalam
,Malayalam
പറയ,Malayalam
പറയ നർത,Malayalam
,Malayalam
ലർത,Malayalam
വസമ,Malayalam
വർഗ ങൾക പറയ വർഗ പറഞ,Malayalam
വളര ങൾക രസകരമ യകരമ,Malayalam
,Malayalam
,Malayalam
ഷണത ഉപയ 100 ഉപയ രദവ 100,Malayalam
പറയ,Malayalam
ഉപയ ഉൾപ പകർത,Malayalam
,Malayalam
സകൾ,Malayalam
,Malayalam
,Malayalam
,Malayalam
ർഘന,Malayalam
ങൾക,Malayalam
,Malayalam
പറയ,Malayalam
വളര,Malayalam
,Malayalam
,Malayalam
,Malayalam
പർക ലർത,Malayalam
വരങ,Malayalam
അർത പറയ,Malayalam
ങൾക,Malayalam
,Malayalam
,Malayalam
,Malayalam
,Malayalam
ആവർത ആവശ,Malayalam
,Malayalam
,Malayalam
ആവർത,Malayalam
ങൾക ദയവ,Malayalam
പറഞ,Malayalam
ഭയപ,Malayalam
,Malayalam
,Malayalam
,Malayalam
,Malayalam
,Malayalam
ആശയമ,Malayalam
രവർത യസന,Malayalam
നഗരത,Malayalam
,Malayalam
ഷയത,Malayalam
വരട,Malayalam
പറയ,Malayalam
,Malayalam
,Malayalam
പറഞ,Malayalam
100,Malayalam
തലയ,Malayalam
ഉറപ,Malayalam
ഭയപ,Malayalam
,Malayalam
തടസ,Malayalam
തടസ,Malayalam
,Malayalam
ങൾക,Malayalam
,Malayalam
,Malayalam
,Malayalam
,Malayalam
,Malayalam
മകള പറയ,Malayalam
,Malayalam
,Malayalam
,Malayalam
ഉറപ,Malayalam
,Malayalam
,Malayalam
,Malayalam
,Malayalam
വതന,Malayalam
,Malayalam
മനസ,Malayalam
വതന,Malayalam
,Malayalam
,Malayalam
,Malayalam
,Malayalam
ഉപയ ങൾക,Malayalam
അവധ,Malayalam
ദയവ ഉറപ,Malayalam
,Malayalam
യവശ പറയണ,Malayalam
,Malayalam
ഭയപ,Malayalam
യർത ഥനകൾ നടത,Malayalam
ങൾക,Malayalam
ദയവ,Malayalam
,Malayalam
,Malayalam
,Malayalam
ഉറപ,Malayalam
,Malayalam
,Malayalam
ഭയപ,Malayalam
ഓഫറ നടത,Malayalam
,Malayalam
,Malayalam
ങൾക,Malayalam
ദയവ,Malayalam
,Malayalam
,Malayalam
ലവന,Malayalam
കൾക,Malayalam
ദശലക,Malayalam
,Malayalam
മനസ,Malayalam
പറയ,Malayalam
,Malayalam
മർശ,Malayalam
സമയത,Malayalam
,Malayalam
ആവശ,Malayalam
ദയവ ങൾക,Malayalam
,Malayalam
,Malayalam
,Malayalam
,Malayalam
,Malayalam
ദയവ,Malayalam
,Malayalam
,Malayalam
ങൾക,Malayalam
ങൾക അമർത നൽക ഓർമ,Malayalam
ഷകരമ പഠന ഉടൻ,Malayalam
വർണ,Malayalam
അവള മകള വളര അവൾ ളവള കൾക,Malayalam
രസകരമ അവൾ,Malayalam
ഹരമ,Malayalam
വളര അവൾ രവധ ടർമ,Malayalam
അവള പകമ അവൾ വളര പറഞ ഞയച,Malayalam
അവന,Malayalam
അവൻ അവസ ലവര,Malayalam
അർഹന മനസ മയല,Malayalam
അവൾ ഉറങ അവള അവള,Malayalam
വളര ദരന യമല,Malayalam
ഉറക അവൾക വളര രസകരമ കണമ,Malayalam
ഉറക ണർന അവൾ പറയ,Malayalam
തകരമ ങൾക,Malayalam
വർണ വർണ പറഞ,Malayalam
വർണ ങൾക തകരമ,Malayalam
വളര പറയ ങൾക വർണ വളര ആവശ മനസ,Malayalam
മകള,Malayalam
അവൾ അവള,Malayalam
അവർ വർക രഹസ,Malayalam
വളര വളര വളര ലവന മകൾ മനസ അവൾ അവൾ അവള അവള,Malayalam
ശയകരമ time അവൾ,Malayalam
അവര പഴയ ടപറഞ മകള രഹസ പരസ,Malayalam
അവര ങൾക,Malayalam
വർണ ണവണ അവര കയറ,Malayalam
ദരൻ അവൾ ദരന,Malayalam
അവള,Malayalam
മകള,Malayalam
ങൾക ങൾക അവന ങൾക,Malayalam
അവൻ ദരന റൻസ,Malayalam
നൽക അവർ രഥത അവൾ കയറ അവള പറയ കയറ രഥത,Malayalam
വളര ഭയമ പറഞ,Malayalam
വർണ അവൾ അർഹതയ ങൾക ങൾക ങൾക ഹരമ കരമ ഷണങ ഷണത,Malayalam
കരമ,Malayalam
മണമ അവൾക ങൾക ങൾക അവർ യകരമ ഷണമ,Malayalam
വർണ വർണ ഹരമ അവൾ ഹരമ,Malayalam
വളര വർണ ങൾക ങൾക ൽവർ ൽവർ നൽകണ,Malayalam
ഷണവ,Malayalam
യമല അവൾ കരയ,Malayalam
വർണ വളര,Malayalam
ങൾക,Malayalam
റൻസ പരസ ണടച,Malayalam
ങൾക റൻസ കരച അസന,Malayalam
അവൾ നടത ആഴത,Malayalam
അവൾ മകള,Malayalam
വളര വർണ ഉപയ,Malayalam
അവൻ ദരന അവൻ ടവന ളവര,Malayalam
,Malayalam
ങൾക നൽക,Malayalam
ഷമയ അവൾ പറയ,Malayalam
അവര പറഞ സമയ അവൾ വളര,Malayalam
അവൾക അവൾക വർണ,Malayalam
,Malayalam
उपय कलन रकल नकर टरन टरन बतल सहय उनड सहय इसक wiki सहय तकन एनस encyclopedia सहय इसक लगभग सकत उपय सकत जनवर 2001 टरन टरन सबस यवस ठहर लगत इसक उपलब सहमत वसन नकल असत इसक आमत ऑनल महत यतन घटन करत 2006 इयर उपय गकर इसक उपय ऑनल सहय इसक सफलत इसन हरण nupedia ऑनल औपच तहत इसक 2000 तहत इसक सदस ceo इसक अपन ओपन तहत पहल gnu बदल wikipedia वजन करन आमत करन रणन उपय करन जनवर 2001 करन औपच जनवर 2001 एकम करण इसक इसक तबद करत नकर 2001 इसक लगभग 000 करण 2002 इसक करण 2003 2004 161 करण उपस पहल 2003 इसक 2007 सबस इसन 1407 600 उपय गकर फरवर 2002 enciclopedia libre अलग रदर इसक wikipedia org अलग आवश यकत citizendium लरप scholarpedia conservapedia knol करन सहकर पनपर इसक 2003 2004 करन जनवर 2006 करण 2004 उपलब जनवर 2005 उपलब तकन टरन dvd उपय wiki feel stupid ogvimage_optionsin april 2009 conducted wikipedia usability study questioning user editing mechanism ref start encyclopædia britannica औपच सहकर जरत उपलब इसक करण इसक सकत रवण इनक उपय गकर सकत सकत उपय गकर सकत जबक उपय गकर सकत करण इसक अपन अवयव आपत जनक हरण 2008 रखत अपन करण करन ऑनल दनश उपस उपय iwf अवयव समझ सकत इसन वसन महत कवर रदर करन पहल हरण करन सकत वसन आवश यकत verifiability truth करत अपन,Hindi
सकत कवर उपय करत करक उनक करत करत उसक करन असफल करन करन नकर उपलब सकत रबल रखत गपत अवयव आपर धमक सकत करण करन मदद करत लगत अवयव करन मदद करत कशन समन करन नकर अपन रखत,Hindi
इसक इसक गलत करन करन हरण अवसर सकत उसम णवत नकर णवत अवयव परस सकत नजव कमज णवत रकरण परस वसन करत 2008 धकर सतत यवस रदर करन उपय वसन आमत वसन वसन encyclopædia britannica उपय रवक एनस उपय करन करत उपय करत आमत उपय उपय गकर षमत तरह समस घटन गलत इसक usa डरब उसस,Hindi
,Hindi
टरन पनद हमल गठन गठन करन लबर लबर 2009 इसक इनक इसक यलर इसक,Hindi
टरन सतर रहन रवर 2007 मसन अखब अपन करत उपय करन उनक अवध मतभ 2007 एशन इकल मनन उपय समर करत समत टरन असमर उनक सबस ओनल सदस टरन सकत आलस टरन उपय जबक अपन उपय इसक आवश यकत महत टरन उपय वसन णवत करण अपन लगभग 2500 चतम अपन कवर उपलब सहकर समर करण करण मदद करण करन सहमत नकर उपय उपय करन करन bureaucracy sort तरह cult like तरह तरह भवह उपय गकर करन असफलत इसक सकत उपय गकर करन षमत lock उपय गकर अवर उपय करत इसक कतर उपय गकर घटनक अपर,Hindi
समर इसल गठन ययन उपय गकर समय 524 ययन उनक अवयव उपय गकर 2007 धकर ययन नकर उतन वसन नकर करण करत नकर अपन आवश उनक नकर समर सहमत अगस 2007 रकट सरक उनक उनक अवयव बदल 2003 ययन,Hindi
सहय करत रचन करत टरन टरन अपन 2008 टरन सहय ययन सफलत 2008 ययन उपय गकर उपय गकर सहमत सईनप अखब इसक इकल घटन करत घटन करत उनड गठन करत उपय गकर सहय php mysql एबल url,Hindi
gnu जनरल तहत इसक उपय एडम पहल चरण चलत इपरल मलक आवश यकत डबल जनवर 2002 चरण mysql php चलन चरण करन 2002 चरण षमत 2005 mysql बदल समर ओपनस फरवर 2008 300 टरड,Hindi
2004 एकम इसक जनवर 2005 समर mysql एकम http चलन समय 000 000 करत पहल परत सकत बदल करत करण करत करन उपय तरह दरल gnu gfdl कवर तरण अवयव उपय जबक अपन रखत 2009 एटर तरण करत gfdl नवल ऑनल उपय नवम 2008 fsf gfdl करण अगस 2009 relicense content करन इसक जनमत बदल जनमत जनमत 2009 बदलन मतद इसक उपय सफलत हरण करण अलग अलग करण उपय तगत जबक हरण उपय कवर हरण करण 262 करण इनम 100 000 000 उपड wikipedia org करत,Hindi
2008 सबस करण गणन,Hindi
इसल करण नकर सकत सकत करण मतभ सकत करण सबस षकर उनक उपय उपय तगत सकत उनक अपन चतम णवत करन करण करत रखन समन इसक समर हरण करण महत उपलब करत आवश रखत अवयव रखत,Hindi
करण समकक हरण शहर उपलब सकत करण करत उपलब टरव सकत करण समकक करण 2006 लगभग 000 करण लगभग 240 000 करण उपलब अपन 2001 अपन सबस एकम इसक लगभग 2007 टरन टरन उपय गकर 2006 खपत 580 अगर,Hindi
अवयव ययन इसक पठन रखत गठन डरल गठन इनक उपय समर रकट अवयव 2008 rna rna rna मदद करत णधर करन 2007 उपय चयन तरह समत ऑनल अपन लबर रकरण इसक,Hindi
इटन दनश करत 2006 750 इयर,Hindi
कहत सकत रकरण एशन इकल सबस,Hindi
सकत इसल आपक चयन xkcd 2008 एईज अपन 2009 रदर कवर 2007 आवश यकत करत इसन यटन 2007 गटन 2008 इसक करत पहल उतन महत बनत करन,Hindi
पहल रपत अनग अवल 2007 यटर घटन करत 2004 पहल कमय 10000 6588 700 इसक सइबरआर करन जनवर 2007 2006 मतद 2008 इशल एनल इटएनम जनत समय पहल इनम पहल 1986 bbc नकर bbc कवर करत पहल पहल इसम उपलब उपय गकर टरफ अवयव सबस सफल ऑनल h2g2 जनत डगलस एडम bbc h2g2 करत वजन उपय गकर gnu अपन आरम उपस इसक समर पहल 2002 हमल 2006 2002 उदघ सहय,Hindi
इसम ययन ऑनल करन सफलत उपसम हरण so dvd उपय ऑनल उपलब समकक लगभग करण आवश यकत सबस सहय susning एनस enciclopedia libre wikiznanie औपच करत जबक एनस encyclopedia life एनस stanford encyclopedia philosophy लरप scholarpedia h2g2 everything2 सहकर उपय करत ऑनल करन 122 78697 122 399677 78697 122 399677 इसक 2003 सबस इसक षनर इसक रकल सदस इसम इनक वजन public domain एकत करक सशक करन तरज रयत रसर करत मदद टरन उपय उपलब तरह रखन इडस इसक ५०१ एनस २००६ सबस सहय जनवर २००१ २००३ समव इसक रगत इसक रथम १५० अपन १०० ००० करत रहण २००६ शनर अलग अलग ००० रखत २०० ००० रखत रहण लगभग १५० ००० रहण धरण आपस सहय नगर रसर यतन टलन अरब मलय मलय आइसल आयर तरभ अरब आतल ऊपर पमप असम टरल उदम आयम उपय कलन रकल नकर बनन उपय करन आवश यकत अपन उपय सकत अपन सकत उनक हरण आपक उपय आपक करन दलदल मतलब दलदल करन दलदल समय दलदल अगर दलदल गलत जगह कदम रखत सकत दलदल मतलब उपय सकत आपक इनम आपक आपक आपक कहत उनस सकत उपय दलदल सकत करन इनम बहक पकड पहल इसक मतलब सकत आपन सकत आपन पहल आपक आपक हरण आपक सकत पकड करत अपन हरण आपक आवश यकत आपक आपक आपक अगल उपय करन अपन उपय सकत अलग अलग इतन करन अगल रखन यवस कहन उपय करन आदम आपक उपय suave इसल हरण घटन गलत करन उपय करन हरण उनक उनक इतन उनक करण अगल करत कहन यजनक उपय करत हरण उपय सकत मतलब इतन करन यजनक हरण लकन सकत कहन आपक सकत वसन इसल इसस पहल आपक मतलब हरण समय इसक अलग अलग अपन मदद अगल हरण मवर करत आपन अपन अपन सकत सकत करन मरम मतलब उपय उपय सकत मतलब करन इतन करन उलझन इसक हरण flummox उपय करत तरह flummoxed अपन यटक अलग अलग अपन उनक उनस आपक अगल हरण अगल तरह सकत तरह झटक flummoxed उपय सकत घबर हरण कहन पहर अपन अपन करन सकत हरण अपन अपन जगह करन उपय सकत उपय इसल आपक सकत आपत जनक अपम इसक उपय अनज करन आपन obtuse इसल obtuse 180 इतन उपय करन इसल इसल करन इनक इसल हरण अपशब आदम करन करन अपन सवर समय समझन आपक आपक आपक आपस आपक सकत उनस इतन चलन चलन मतलब महस करन हरण पहर पहर नवर हरण तरह चलत यवस यवस अपन उपय सकत अपन सकत सकत आपक एनर उपय सकत उपय सकत सकत सकत इसल पहल आपक आपक उपय करन वरण उपय करन उनम लगत इसल समय google आपक आइकन अगर आपक इसक तहत आपक आपन सदस बटन आइकन पहल आपक आपक अपन जमर उपय सकत इसल अपन करन इसक तरह उपय सकत करन सबस करन,Hindi
,Hindi
,Hindi
आपन समय समय इसक मतलब आपन अगर आपक,Hindi
पहल,Hindi
तरह सकत अगल सकत आपक आपन इसक तरह आपक उसस आपक आपक खबर अगर सकत इसल सकत आपक करन आपक आपक करन सकत आपक अपन उपय करत कहत करत पहल आपक अगर गलत इसक सकत मतलब इसक आपक आपक,Hindi
अगर पकड समझ सकत आपक,Hindi
समझ आपक आपक,Hindi
अगर सकत तरह आपन पकड सकत पकड सकत पकड अगर सकत आपस सकत समय उपय करत इसस अगर अपन कपड करत सकत तरह करत उपय समझ आपक आपक करत तरह समझ कहन सकत सकत अगर आपक उसस करन सकत आपक करन आपक करन सकत सकत आपक करन आपस सकत कहन करन आपक आपक करन आपक गलत करत इसल करन अगर,Hindi
आपक सकत करत,Hindi
अगर अपन सपन सकत अपन सपन कहन लगभग तरह उपय आपक सकत आपक आपक हतर इसल अगर आपक अचरज सकत भगव,Hindi
रहन सकत अगर सकत सकत सकत,Hindi
सकत सकत सकत आपक सकत सकत रखन कहत lit अगर फलत सफल सकत आपक अगर कहन सकत रखन आपस आपक आपक सकत इसम जगह,Hindi
जगह एसएमएस करन कहत आपक मतलब आपक सएप उपय करन सकत इसक,Hindi
इसक समस हतर अपन आपक करत,Hindi
आपन तरह करत हनत सकत आपक मतलब हनत तरह आपक कहन अपन सकत हनत करन आपक हतर अगर कहत अपन अपन करन अपन अपन अपन करत उनस कहत आपन आपन अगर आपन आपन सकत सकत इतन लचस अगर परव सकत आपक कहत कहत इसक मतलब आपक आपन गलत करत सकत गलत अगर सकत कवर सकत सकत अपन कवर सकत समय हतर मतलब पहल आपक हतर अलव कहन सकत अपन रखन रखन अगर हरण सकत लगत करन करन मददग बटन नमस आपक आपक 100 उपय उपय सकत कहत उपय करन करत,Hindi
,Hindi
,Hindi
समय,Hindi
,Hindi
रहन सकत,Hindi
आपक,Hindi
,Hindi
पकड,Hindi
सकत,Hindi
आपक मदद सकत उसक,Hindi
आपक,Hindi
लगत लगत करन शहर सबस बचन कहन सहमत असहमत सहमत सकत आपस 100 सहमत सहमत असहमत लगत गलत यवध आपक करन आपक सकत,Hindi
आपक अगर,Hindi
करत कहत,Hindi
,Hindi
लगत लगत,Hindi
,Hindi
अगल,Hindi
करन,Hindi
आपक,Hindi
करत पहल तरह करन करत सकत आपक अगर आपक उपय,Hindi
अगर,Hindi
कहन करन नमक,Hindi
,Hindi
मदद सकत मदद करन सकत सकत आपक सकत,Hindi
आइसक,Hindi
,Hindi
शकश इसक करत आपक सकत इसक समय करन कहन समय पकड सकत,Hindi
लटक सहन रहन इसक अगर आपक बटन नतम करन बटन करक आपक समय रहत अपन इकल नरस तरह इसक सकत तरह सबस करत narcisa मदद narcisa मदद अगर तरह नरस समस उसन करन महत करन उसक दरत उसन आपन उनम सकत लगभग तरह उसक सकत आपक दरत आपक महस करन तरह उसक अपन परव उसक अगल सपन सपन तरह सपन करन नहर उसन ऊपर कपड पहन सपन इसक सबस अपन नरस सपन यजनक एहस आवश यकत अपन उसक अपन रहस नरस आपक हतर अगर अगर समझ रखन उसक रहत उसक सकत अगर उसक सपन तरह समय लगत करत अपन अलव सपन अगल उसक अपन नहर उनक ऊपर यजनक इसन आदम इसस नरस तरह सपन करन कहन उसक आपक उसक आपक उपह उसक सकत आपक सकत इसक अपन अपन अलव जबरदस इवव नहर महल दरत खकर यचक उसन इतन धनव आपक सबस कपड सबस महल तरह सकत आपक उसक आपन सबस यजनक नहर उसन इतन तरह सकत हतर अगर सकत आपक सकत इसल आपक लगत आपक सबस नहर करन आपक आपक आपस करन तरह अगर उसन गहर अपन बहन आदम सकत डसम उसन परव आपक आपन यवह तरह तरह आपक गलत आइए आपक narcisa अपन बदल पहल करत बनन तरह narcissism marian समय बदल लगत तरह सकत इतन,Hindi
wikipedia ˌwɪkɪˈpiːdiə wik pee dee ˌwɪkiˈpiːdiə wik pee dee வனத உதவ நடத களஞ,Tamil
000க இதன உலக வலர,Tamil
இதன இதன பயன எவர படக,Tamil
100 000,Tamil
சனவர 2021 285,Tamil
தளத இயங,Tamil
தளத தளங தரவர இடத உலகளவ ணளவ 365 சகர,Tamil
சனவர 2001,Tamil
அவர தளம,Tamil
எனப,Tamil
களஞ,Tamil
2006 உலகளவ வளர யவற,Tamil
ஊடகம,Tamil
இதற ரணம,Tamil
,Tamil
இவற தரம தகவல றவற,Tamil
தகவல இதழ 2005 களஞ எனக,Tamil
இரண தவற யளவ,Tamil
இதற தவற,Tamil
இதன தனத தரப இதற,Tamil
இலக பயன,Tamil
கடந உயர,Tamil
கமற இதன உபய,Tamil
களஞ,Tamil
2000 bomis வனத ஆரம,Tamil
அதன இலவச களஞ,Tamil
வழக,Tamil
வனத நபர யலத,Tamil
யவர,Tamil
வனம வழங,Tamil
ஆரம அதன ளடக வழங,Tamil
அவர றமட ஆவண,Tamil
வனர ஆவர,Tamil
களஞ,Tamil
டவட,Tamil
ஜனவர 2001,Tamil
ஜனவர 2001 ஜனவர 2001 களப,Tamil
ஜனவர 2001,Tamil
,Tamil
,Tamil
ஆரம,Tamil
மனச,Tamil
ஆரம இயங,Tamil
ஆரம இதன,Tamil
ஆரம slashdot றவற,Tamil
2001 000 வளர,Tamil
2002 2003 வளர 2004 161 இயங களஞ உயர,Tamil
ளடக 2003 வழங இயங,Tamil
2007 கடந களஞ 600 களஞ yongle encyclopedia,Tamil
பரங பயன 2002 ரவர enciclopedia libre universal español,Tamil
அதன பரங அதன யதளம wikipedia org தளத,Tamil
பரந பயன தரத வளர,Tamil
களஞ,Tamil
ஆபத,Tamil
சகர கணக,Tamil
,Tamil
ரணம பயனர,Tamil
அதன யவர பயனர தரப அதன,Tamil
அதற ளடக,Tamil
வழம உடனட,Tamil
எனவ தகவல இடம,Tamil
வரல,Tamil
ரணம,Tamil
கலந 2012,Tamil
ஆபத பயனர பயனர,Tamil
உதவ உதவ கரம,Tamil
வரல அவத தகவல படக யனவ,Tamil
பயன வதன பயனர இழக தகவல,Tamil
பயனர உதவ,Tamil
பயன,Tamil
இதற நடத,Tamil
,Tamil
இறங,Tamil
வழம கவன,Tamil
இதன தமக,Tamil
கவன றனர,Tamil
பதன ரணம இடம இதற ரணம,Tamil
தவற,Tamil
வழங பயனர,Tamil
,Tamil
எனப,Tamil
ரணம இவற றவற,Tamil
பயனர பதற பயன,Tamil
இதன தளங பயனர கணக கவர,Tamil
இயக படல,Tamil
அவற,Tamil
யகட கணம ஆரம,Tamil
டயங ளடக,Tamil
,Tamil
பதன தரம,Tamil
2010 அவற தரங தரத எனவ,Tamil
2007 நடவட தரத அளவ தரக,Tamil
தமத வழங,Tamil
,Tamil
இயங,Tamil
,Tamil
இவற பயன,Tamil
வழங 2004 இயங,Tamil
அதன வழங,Tamil
100 வழங உலக வழங,Tamil
2003 ஆரம,Tamil
235,Tamil
747 பயனர கணக,Tamil
பவர தகம,Tamil
சரளம நடக எனக பயன எனவ பயன களஞ உயர,Tamil
எனவ அவற எனவ,Tamil
னசர பயன,Tamil
சரளம,Tamil
பயன எனக எனக,Tamil
ஈரந தவற இடத அவர எனவ பயன,Tamil
அவர,Tamil
அவர இடத பயன,Tamil
,Tamil
,Tamil
இரண மயங இயல,Tamil
எனவ பவங பவம,Tamil
பவத அவரத தகம தகத அவர இரண உலகப,Tamil
கடன,Tamil
பணம பணம கடன எனவ,Tamil
பயன,Tamil
பயன,Tamil
suave suave suave,Tamil
பலவ ரணம,Tamil
அவர டவர நபர,Tamil
நடத,Tamil
பயன ஆடம பரம மறக உடனட களஞ,Tamil
பயங கரம பயங கரம பவங,Tamil
தவற பயன,Tamil
ரணம அவரத டவண பழக கவழக அவள உணர அவரத இலக கணம,Tamil
எனவ,Tamil
,Tamil
பயன ரணம இடத பயன எனத மகத எனக,Tamil
எனக,Tamil
பயன ரணம அவள தகத,Tamil
ணவர பயன எனவ வதற,Tamil
பதற ரணம இதற இரண,Tamil
எனத இழந எனத உதவ அவர மறந,Tamil
தகத,Tamil
பயன தரவ இடத இடத,Tamil
அவர மறந அதற பயன பதற அவள தனத பயண பழக கவழக,Tamil
அவர தனத பயணத அமர அவர எனவ பமட,Tamil
பயன,Tamil
உணவ எனத எனத படங பயன படல ரணத,Tamil
எனத எனத,Tamil
இடத பயன ரகச எனவ பயன,Tamil
எனவ சயம அபத பயன,Tamil
obtuse obtuse எனவ obtuse 180,Tamil
எனவ பயன எனவ மனர அபத அதன மனத ரணம அவர தனத கடவ பரபரப,Tamil
,Tamil
ரமம தலன,Tamil
அவர எனக,Tamil
வழக,Tamil
உணவ நபர நகர,Tamil
,Tamil
தகம உணர பயன,Tamil
உணர,Tamil
இடத பயன எனவ அதற,Tamil
சரளம ரகச உதவ,Tamil
பயன,Tamil
அதற ரகச சரளம ரகச எனக பயன,Tamil
,Tamil
அவற இரண இயல,Tamil
எனவ,Tamil
google,Tamil
இரண,Tamil
மறக,Tamil
,Tamil
கனவ அதற,Tamil
எனத,Tamil
பயன வழங,Tamil
எனவ பயணத,Tamil
பயன,Tamil
,Tamil
வதற எனவ,Tamil
,Tamil
,Tamil
நடக,Tamil
நடக,Tamil
எனவ,Tamil
இரண அவர இதன நபர,Tamil
,Tamil
நடக,Tamil
அவற வளர பதற,Tamil
,Tamil
அவர,Tamil
,Tamil
,Tamil
ஷயம,Tamil
எனவ ஷயம,Tamil
ததற,Tamil
உதவ,Tamil
பரவ,Tamil
,Tamil
நபர எனத பயன,Tamil
,Tamil
,Tamil
,Tamil
தவற அவர,Tamil
கவல,Tamil
கவல கவல கவல,Tamil
,Tamil
கவல அமர,Tamil
நடக,Tamil
நடக நபர,Tamil
,Tamil
தபட மனத,Tamil
கவல இதயத,Tamil
,Tamil
,Tamil
,Tamil
,Tamil
,Tamil
,Tamil
கடவ,Tamil
,Tamil
,Tamil
,Tamil
பயன,Tamil
கவல,Tamil
,Tamil
நலம,Tamil
சலவ,Tamil
பரவ,Tamil
கடந கடக,Tamil
,Tamil
பயன,Tamil
,Tamil
றவர,Tamil
நபர வதற,Tamil
அவர நபர ஷயங,Tamil
தரவ,Tamil
தரவ,Tamil
தரவ ததற,Tamil
,Tamil
,Tamil
தவற,Tamil
எனவ வதற,Tamil
றவர,Tamil
இதன நபர,Tamil
,Tamil
தனத கனவ அவர கனவ கழகத இறங வதற அவர,Tamil
,Tamil
,Tamil
பயன பதவ உயர அவர சமயங இடத,Tamil
எனவ,Tamil
கடவ,Tamil
,Tamil
நடக,Tamil
,Tamil
கடந கடந,Tamil
டரச லவர வழக,Tamil
,Tamil
கரம,Tamil
அதற இடம,Tamil
அவர இடம எனவ,Tamil
,Tamil
தவர,Tamil
,Tamil
கடவ,Tamil
,Tamil
,Tamil
அவர,Tamil
ஷயத வதற,Tamil
,Tamil
,Tamil
,Tamil
பயணத அவர அவர,Tamil
அவர அவர,Tamil
கவல,Tamil
எனக,Tamil
கவன எனத,Tamil
,Tamil
,Tamil
சலவ தவற,Tamil
எனக,Tamil
,Tamil
,Tamil
தவற,Tamil
,Tamil
எனக,Tamil
,Tamil
கனவ,Tamil
,Tamil
,Tamil
,Tamil
,Tamil
கவன கவன,Tamil
,Tamil
கவன,Tamil
எனக,Tamil
,Tamil
வதன பதன உதவ எனக,Tamil
,Tamil
வணக வரவ,Tamil
பயன 100 பயன,Tamil
எனக,Tamil
பயன எனத நகல,Tamil
ஆரம,Tamil
நடக,Tamil
ஷயங,Tamil
ஷயம,Tamil
,Tamil
,Tamil
,Tamil
,Tamil
,Tamil
,Tamil
வழக,Tamil
,Tamil
,Tamil
,Tamil
தகவல,Tamil
,Tamil
லகம,Tamil
தயங,Tamil
,Tamil
,Tamil
கணம,Tamil
,Tamil
,Tamil
,Tamil
,Tamil
தயவ,Tamil
எனக,Tamil
எனக பயப,Tamil
உதவ,Tamil
,Tamil
,Tamil
,Tamil
,Tamil
,Tamil
,Tamil
தவர நகரத உணவகம,Tamil
,Tamil
ஷயத எனக,Tamil
,Tamil
,Tamil
உடன படவ,Tamil
,Tamil
,Tamil
100 உடன,Tamil
,Tamil
எனக,Tamil
உடன படவ பயப,Tamil
தவற,Tamil
,Tamil
டதற,Tamil
கணம,Tamil
கவல,Tamil
,Tamil
சயம,Tamil
,Tamil
கணம,Tamil
,Tamil
படங,Tamil
இரவ உணவ,Tamil
,Tamil
எனக,Tamil
எனக,Tamil
,Tamil
,Tamil
இரவ,Tamil
,Tamil
இலவசம,Tamil
,Tamil
சயம மனத,Tamil
,Tamil
கனவ தனம,Tamil
,Tamil
,Tamil
,Tamil
பயன கவல,Tamil
,Tamil
தயவ,Tamil
,Tamil
டவசம,Tamil
,Tamil
பயப,Tamil
,Tamil
எனக தயவ,Tamil
எனக கடன,Tamil
இதற எனக உதவ,Tamil
சயம,Tamil
சயம,Tamil
உதவ,Tamil
,Tamil
பயப,Tamil
,Tamil
,Tamil
,Tamil
,Tamil
தயவ,Tamil
,Tamil
வழங யதற,Tamil
,Tamil
,Tamil
,Tamil
,Tamil
உதவ மனம,Tamil
,Tamil
,Tamil
,Tamil
,Tamil
,Tamil
,Tamil
தயவ,Tamil
,Tamil
கணம,Tamil
,Tamil
,Tamil
,Tamil
எனத,Tamil
கவல,Tamil
கவல,Tamil
எனக,Tamil
வதன எனத வதன,Tamil
,Tamil
,Tamil
அவரத மகள னவர அவர அவள அழக,Tamil
அவள,Tamil
எனக உதவ,Tamil
நடவ எனக உதவ அழக,Tamil
மணத வழக,Tamil
அவள அழக அவள தனம அவர அவர,Tamil
பறவ அவர,Tamil
அவர அழக,Tamil
இளவரசன னவன உணர,Tamil
இரவ அவள அவள,Tamil
அழக அழக அழக கவன,Tamil
அவள கனவ அவள,Tamil
அவள கனவ,Tamil
இரவ கனவ எனக இளவரசன,Tamil
அவர மணம அவர அவர கனவ,Tamil
அதன சயம கனவ,Tamil
அகங கனவ கனவ எனக உணர உணவ எனக உணர,Tamil
தனத மகள கவல,Tamil
அவள இரண அவர அவர தனர ரகச,Tamil
மகள அவள கவல அவள அவள கனவ நனவ அவள,Tamil
அவள,Tamil
மகள இரகச தனர,Tamil
கனவ நனவ அவள அழக,Tamil
அவர,Tamil
அழக அவர கனவ வளவ அழக அவள,Tamil
மணத வணக அவள,Tamil
மகள அழக உலகம அவர,Tamil
அவர பணக அழக னவர,Tamil
அவள அவன அவள அவர பயணம பயண,Tamil
பயம கவல அவர,Tamil
அவள அழக னவள எனக அழக உணவ அரண உணவ,Tamil
சயம உணவ,Tamil
மணம அவள உனக உணவ அவர உணவ,Tamil
மரகதங ஆனத வளவ அழக அழக,Tamil
,Tamil
,Tamil
உணவ,Tamil
அவள மனம ஆரம உணவ,Tamil
மணம,Tamil
ஆடம பரம ஷயங மணம,Tamil
,Tamil
,Tamil
அவள அவள ஆழம ஆரம,Tamil
அவள தனத மகள,Tamil
பயனற,Tamil
அவர அழக அவர றவர நடந எனக எனக,Tamil
தவற,Tamil
அவள அவள ஆரம எனவ,Tamil
நடந அவர அவள,Tamil
அவள,Tamil
றமள அழக,Tamil
nature uma revista científica interdisciplinar britânica publicada pela primeira vez novembro 1869,Portugeese
foi classificada como revista científica citada mundo pela edição 2010 journal citation report sendo amplamente considerada como uma poucas revistas acadêmicas remanescentes publica pesquisas originais uma ampla gama campos científicos,Portugeese
nature tem público line cerca milhões leitores únicos por mês,Portugeese
revista tem uma circulação semanal cerca mil exemplares ma estudos concluíram média uma única cópia compartilhada por até oito pessoas,Portugeese
cientistas pesquisa são público principal revista ma resumos artigos acompanhamento destinam fazer muitos do estudos importantes compreensíveis para cientistas outras áreas para público educado,Portugeese
cada edição editoriais notícias artigos sobre questões interesse geral para cientistas incluindo assuntos atuais financiamento ciência negócios ética científica descobertas pesquisa,Portugeese
muitas áreas investigação novos importantes avanços pesquisas originais são publicados tanto como artigos quanto como cartas,Portugeese
trabalhos foram publicados nesta revista são internacionalmente aclamados pela manutenção alto padrões pesquisa,Portugeese
2007 nature conjunto com science recebeu prêmio princesa astúrias comunicação humanidade,Portugeese
dia dezembro 2005 revista nature publicou artigo sobre wikipédia respeito uma pesquisa feita comparando alguns seus artigos com enciclopédia britânica áreas científicas quanto quantidade erros encontrados,Portugeese
wikipédia projeto enciclopédia multilíngue licença livre baseado web escrito maneira colaborativa,Portugeese
projeto encontra sob administração fundação wikimedia uma organização sem fin lucrativos cuja missão empoderar engajar pessoas pelo mundo para coletar desenvolver conteúdo educacional sob uma licença livre domínio público para disseminá efetivamente globalmente,Portugeese
integrando do vários projetos mantidos pela wikimedia milhões artigos 054 034 português até janeiro 2021 hoje encontrados wikipédia foram escritos forma conjunta por diversos voluntários redor mundo,Portugeese
quase todos verbetes presentes sítio eletrônico podem igualmente ser editados por qualquer pessoa com acesso internet endereço eletrônico,Portugeese
janeiro 2020 havia edições ativas wikipédia 299 idiomas,Portugeese
wikipédia foi lançada janeiro 2001 por jimmy wale larry sanger tornou maior popular obra referência geral internet sendo classificada novembro 2018 quinta posição entre todos website alexa,Portugeese
2010 tinha cerca 365 milhões leitores,Portugeese
wikipédia uma ferramenta pesquisa amplamente utilizada por estudantes tem influenciado trabalho publicitários pedagogos sociólogos jornalistas usam seu material mesmo nem sempre citem suas fontes,Portugeese
nome wikipedia foi criado por larry sanger uma combinação wiki uma tecnologia para criar site colaborativos partir palavra havaiana wiki significa rápido enciclopédia,Portugeese
palavra wikipédia uma adequação lusófona forma original anglófona sobre fusão do doi nome formam termo,Portugeese
português prefixo wiki somado sufixo enciclopédia ganhando acento diacrítico agudo para atender gramática lusófona,Portugeese
wikipédia afasta estilo tradicional construção uma enciclopédia possuindo uma grande presença conteúdo não acadêmico,Portugeese
quando revista time reconheceu você como pessoa ano 2006 devido sucesso acelerado colaboração online interação milhões usuários redor mundo citou wikipédia como do vários exemplos serviços web juntamente com youtube myspace facebook,Portugeese
importância wikipédia tem sido notada não apenas como uma referência enciclopédica ma também como recurso notícias atualizado com frequência por conta rapidez com artigos sobre acontecimentos recentes aparecem,Portugeese
estudantes têm sido orientados escrever artigos para wikipédia como exercício explicar forma clara sucinta conceitos difíceis para público não iniciado,Portugeese
embora políticas wikipédia defendam fortemente verificabilidade ponto vista neutro seus críticos acusam viés sistêmico inconsistências incluindo peso excessivo dado cultura massa alegam ela favorece consenso sobre credenciais seus processos editoriais,Portugeese
sua confiabilidade precisão também são alvo críticas,Portugeese
outras críticas apontam sua suscetibilidade vandalismo adição informações falsas não verificadas,Portugeese
entanto trabalhos acadêmicos sugerem vandalismos são geralmente curta duração,Portugeese
uma pesquisa 2005 revista nature mostrou artigos científicos eles compararam chegavam perto nível precisão encyclopædia britannica tinham uma taxon semelhante erros graf,Portugeese
outra pesquisa 2011 realizada pelo foresee result divulgada pela cnet mostrou uma escala satisfação 100 internautas atribuíram pontos wikipédia resultado maior outros site consagrados como youtube facebook,Portugeese
wikipédia começou como projeto complementar para nupedia projeto enciclopédia online gratuita língua inglesa cujos artigos eram escritos por especialistas revistos processo formal,Portugeese
nupedia foi fundada março 2000 sob posse bomis uma empresa portal web,Portugeese
suas principais figuras eram jimmy wale ceo bomis larry sanger editor chefe nupedia posteriormente wikipédia,Portugeese
nupedia foi licenciada inicialmente sob sua própria licença conteúdo aberto mudança para gnu free documentation license aconteceu ante fundação wikipédia pedido richard stallman,Portugeese
larry sanger jimmy wale fundaram wikipédia,Portugeese
embora wale seja creditado por definir objetivo fazer uma enciclopédia editável publicamente sanger geralmente creditado pela estratégia usar wiki para alcançar esse objetivo,Portugeese
janeiro 2001 larry sanger propôs lista discussão nupedia criação wiki como projeto alimentador para nupedia,Portugeese
wikipédia foi formalmente lançada janeiro 2001 como uma única edição inglês anunciada por sanger lista discussão nupedia,Portugeese
política ponto vista neutro wikipédia foi codificada seus meses iniciais era semelhante política anterior nupedia não parcialidade,Portugeese
por outro lado inicialmente havia relativamente poucas regras wikipédia operava independentemente nupedia,Portugeese
wikipédia ganhou primeiros colaboradores nupedia postagens slashdot indexação motor busca web,Portugeese
até final 2001 site havia crescido para cerca 000 artigos idiomas,Portugeese
final 2002 tinha alcançado edições idiomas diferentes até final 2003 161 últimos dia 2004,Portugeese
nupedia wikipédia coexistiram até servidores primeira serem retirados forma permanente 2003 seu texto incorporado wikipédia,Portugeese
wikipédia inglês passou marca do doi milhões artigos setembro 2007 tornando maior enciclopédia construída superando até mesmo enciclopédia yung tien 1407 detinha esse recorde desde exatamente 600 ano,Portugeese
citando temores publicidade comercial ser inserida site falta controle numa wikipédia viam como sendo anglo cêntrica usuários wikipédia espanhol criaram uma versão independente wikipédia fevereiro 2002 enciclopedia libre,Portugeese
tarde naquele ano wale anunciou wikipédia não iria exibir anúncios publicitários seu site foi movido para wikipedia org,Portugeese
vários outros projetos wiki enciclopédias foram iniciados grande parte sob uma filosofia diferente modelo editorial aberto baseado chamado princípio imparcialidade wikipédia,Portugeese
wikinfo por exemplo não requer ponto vista neutro permite pesquisas originais,Portugeese
novos projetos inspirados wikipédia como citizendium scholarpedia conservapedia knol google onde artigos são pouco ensaísticos foram iniciados para tratar limitações percepção wikipédia como suas políticas sobre revisão por pares pesquisa original publicidade comercial,Portugeese
embora wikipédia inglês tenha chegado aos três milhões artigos agosto 2009 crescimento edições termos números artigos colaboradores parece ter estabilizado torno início 2007,Portugeese
2006 cerca 800 artigos foram adicionados diariamente enciclopédia até 2010 essa média era cerca 000,Portugeese
equipe palo alto research center especulou isso deve aumento exclusividade projeto,Portugeese
editores novos ocasionais têm taxas significativamente altas suas edições revertidas removidas grupo elite editores regulares coloquialmente conhecido como panela,Portugeese
isso poderá estar tornar difícil para projeto recrutar reter novos colaboradores longo prazo resultando estagnação criação novos artigos,Portugeese
outros sugerem crescimento está nivelar naturalmente poi artigos básicos existem,Portugeese
novembro 2009 uma tese doutorado escrita por felipe ortega pesquisador universidade rey juan carlos madrid revelou wikipédia inglês havia perdido 000 editores primeiros três meses 2009 enquanto durante mesmo período 2008 mesmo projeto perdeu apenas 900 editores,Portugeese
wall street journal relatou número sem precedentes milhões voluntários online escrevem editam policiam wikipédia está desistindo,Portugeese
entre razões citadas artigo para esta tendência encontram matriz regras aplicadas edição disputas relacionadas tai conteúdos,Portugeese
estas alegações foram contestadas por jimmy wale negou declínio questionou metodologia estudo,Portugeese
janeiro 2007 wikipédia entrou lista do dez site populares estados unidos segundo comscore network inc com milhões visitantes únicos nono lugar wikipédia superou site new york time apple inc,Portugeese
foi aumento significativo relação janeiro 2006 quando site estava posicionado lugar com apenas milhões visitantes únicos,Portugeese
abril 2011 wikipédia foi listada como quinto site popular mundo pela google inc fundação final 2001 dezembro 2001 2003 outubro 2003 maio 2010 logo atual afastando estilo enciclopédias tradicionais wikipédia emprega sistema aberto modelo edição wiki,Portugeese
exceto por algumas páginas particularmente propensas vandalismo cada artigo pode ser editado forma anônima com uma conta usuário,Portugeese
edições diferentes idiomas modificam esta política por exemplo edição inglês apenas utilizadores registados podem criar novo artigo,Portugeese
nenhum artigo seu conteúdo propriedade seu criador qualquer outro editor avaliado por qualquer autoridade reconhecida contrário conteúdos são acordados por consenso,Portugeese
por padrão qualquer edição artigo torna disponível imediatamente ante qualquer revisão,Portugeese
isto significa artigo pode conter erros contribuições equivocadas defesa algo mesmo absurdos evidentes até outro editor corrija problema,Portugeese
edições diferentes idiomas cada uma sob controle administrativo separado são livres para modificar esta política,Portugeese
por exemplo wikipédia alemão mantém sistema versões estáveis artigos para permitir leitor veja versões do artigos passaram por certas revisões,Portugeese
junho 2010 administradores anunciaram wikipédia inglês eliminaria restrições edição estritas artigos controversos propensos vandalismo como george bush david cameron lição casa usando revisões,Portugeese
lugar proibir edições usuários novos não registrados haveria novo sistema chamado alterações pendentes como jimmy wale disse bbc permitiria wikipédia inglês liberar artigos foram protegidos semiprotegidos por ano para edição geral,Portugeese
sistema alterações pendentes foi introduzido junho 2010 pouco depois horas tempo médio greenwich gmt,Portugeese
edições artigos especificados são agora sujeitas revisão editor estabelecido wikipédia ante publicação,Portugeese
wale opôs modelo wikipédia alemão exigir revisão editor ante edições qualquer artigo descrevendo como desnecessário indesejável,Portugeese
ele acrescentou administradores wikipédia alemão irão acompanhar perto sistema versão inglesa tenho certeza eles vão pelo menos considerar mudança resultados forem bons,Portugeese
contribuintes registrados não podem tirar proveito do recursos disponíveis software opera wikipédia,Portugeese
página ver histórico acompanha cada artigo regista toda qualquer versão anterior verbete embora uma revisão com conteúdo calunioso ameaças criminosas violações direitos autorais possam ser removidas tarde,Portugeese
esta característica torna fácil comparar antigas nova versões artigo desfazer alterações editor considera indesejáveis restaurar conteúdo perdido,Portugeese
página discussão associada cada artigo utilizada para coordenar trabalho entre vários editores,Portugeese
editores regulares muitas vezes mantêm uma lista páginas vigiadas artigos interesse para eles modo eles podem facilmente manter controle sobre toda alterações recentes nessas páginas,Portugeese
programas computador chamados robôs têm sido amplamente utilizados para remover vandalismos logo eles são feitos para corrigir erros comuns questões estilísticas para iniciar artigos tai como entradas geografia formato padronizado partir dado estatísticos,Portugeese
artigos wikipédia estão organizados basicamente três formas acordo com estado desenvolvimento assunto nível acesso necessário para edição,Portugeese
estado desenvolvido artigos chamado artigos destacados artigos classificados como tal são serão apresentados página principal wikipédia,Portugeese
pesquisador giacomo poderi descobriu artigos tendem atingir estatuto através trabalho intensivo poucos editores,Portugeese
wikiprojeto simplesmente projeto lugar conjunto páginas usadas por grupo editores para coordenar trabalho sobre tópico específico,Portugeese
páginas discussão anexadas projeto são muitas vezes usadas para coordenar mudanças ocorrem artigos relacionados com projeto,Portugeese
wikipédia também mantém manual estilo chamado livro estilo para padronizações editoriais acerca do títulos organização do artigos formatação uso recursos multimídias,Portugeese
por razões legais conteúdo wikipédia está sujeito lei lei direitos autorais particular flórida onde servidores wikipédia estão hospedados,Portugeese
além disso princípios editoriais wikipédia são dispostos chamados cinco pilares numerosas políticas diretrizes destinam moldar conteúdo forma adequada,Portugeese
até mesmo essas regras são armazenadas forma wiki editores wikipédia como uma comunidade podem escrever revisar políticas diretrizes aplicá la por exclusão marcando com etiquetas tag modificando conteúdo do artigos para deixá los acordo com tai regulamentações,Portugeese
acordo com regras wikipédia temas considerados enciclopédicos são dignos ter verbete wikipédia esse verbete não deve ser redigido como verbete dicionário,Portugeese
temas do artigos devem também atender aos padrões notoriedade wikipédia normalmente significa ele deve ter recebido uma cobertura significativa fontes secundárias confiáveis tai como mídia grandes revistas acadêmicas são independentes assunto tópico,Portugeese
além disso wikipédia deve expor conhecimento está estabelecido reconhecido,Portugeese
outras palavras não deve apresentar por exemplo nova informações obras originais,Portugeese
uma alegação suscetível ser questionada requer pelo menos uma referência uma fonte confiável,Portugeese
entre editores wikipédia isto frequentemente descrito como comprovação não verdade para expressar ideia leitores não enciclopédia são responsáveis por verificar veracidade do artigos fazer suas próprias interpretações,Portugeese
finalmente wikipédia não deve tomar partido,Portugeese
toda opiniões pontos vista imputáveis fontes externas deverão ser adequadamente cobertos pelo texto artigo,Portugeese
wikipédia tem muitos métodos resolução litígios,Portugeese
ciclo seja audaz reverta discuta ocorre algumas vezes quando usuário faz uma edição outro usuário reverte essa edição assunto discutido página discussão apropriada,Portugeese
com fim obter consenso amplo comunidade questões podem ser levantadas esplanada pedidos opinião locais solicitada participação outros usuários discussão,Portugeese
existem fóruns especializados centralizam discussões decisões específicas como por exemplo artigo deve não ser eliminado,Portugeese
mediação por vezes utilizada embora tenha sido considerada por alguns wikipedistas inútil resolução disputas particularmente controversas,Portugeese
análises estatísticas sugerem resolução disputas wikipédia ignora conteúdo disputas usuários centrum invés disso conduta usuário funcionando não tanto para resolver disputas promover paz entre usuários conflitantes ma para eliminar usuários problemáticos enquanto usuários potencialmente produtivos voltam participar,Portugeese
suas soluções incluem banimento usuários wikipédia usado do casos soluções relação assunto bloqueio artigos avisos penalidades,Portugeese
entretanto nem toda versões wikipédia possuem arbcom sendo esta uma ferramenta opcional,Portugeese
proibições totais edição wikipédia são grande parte limitadas aos casos personificação falsa comportamento antissocial,Portugeese
tendem ser emitidos avisos para problemas conduta edição condutas anticonsenso para condutas antissociais,Portugeese
todo texto contido wikipédia era coberto pela gnu free documentation license gfdl uma licença copyleft permite redistribuição criação obras derivadas uso comercial conteúdo preservando direitos autorais do autores até junho 2009 quando foi adotada licença creative common attribution sharealike,Portugeese
wikipédia tem trabalhado mudança para licenças creative common porque gfdl inicialmente projetada para manuais software não foi considerada adequada para obras referência online porque duas licenças eram incompatíveis,Portugeese
resposta pedido fundação wikimedia novembro 2008 free software foundation fsf lançou uma nova versão gfdl concebida especificamente para permitir wikipédia relicenciar seu conteúdo para agosto 2009,Portugeese
wikipédia seus projetos irmãos realizaram referendo toda comunidade para decidir devia não fazer troca licença,Portugeese
referendo ocorreu entre abril,Portugeese
resultados foram sim não sem opinião,Portugeese
consequência referendo conselho diretivo wikimedia votou para mudar para licença creative common,Portugeese
mudança foi efetivada junho 2009,Portugeese
posição wikipédia apenas serviço hospedagem tem sido utilizada com sucesso como uma defesa tribunal,Portugeese
utilização arquivos mídia por exemplo arquivos imagem varia entre várias edições diferentes idiomas,Portugeese
algumas edições wikipédia como wikipédia inglês incluem arquivos imagem não livres sob doutrina fair use português uso justo enquanto outras optaram por não fazer parte por causa diferenças na lei direitos autorais do vários países por exemplo noção fair use não existe lei direitos autorais japonesa,Portugeese
arquivos mídia cobertos por licenças conteúdo livre por exemplo são compartilhados entre diferentes edições wikipédia através repositório wikimedia common projeto também operado pela fundação wikimedia,Portugeese
como conteúdo wikipédia distribuído sob uma licença aberta qualquer pode reutilizar redistribuí sem nenhum custo,Portugeese
conteúdo wikipédia publicado forum site wikipédia muitas formas tanto online como offline,Portugeese
obter conteúdo completo wikipédia para reutilização apresenta desafios uma vez cópia direta através web crawler desencorajada,Portugeese
wikipédia publica dump seu conteúdo ma estes consistem apenas texto 2007 não havia dump disponíveis imagens wikipédia,Portugeese
wikipédia pretende criar resumo todo conhecimento humano forma uma enciclopédia online com cada tópico conhecimento coberto enciclopedicamente por artigo,Portugeese
uma vez tem espaço disco praticamente ilimitado site pode conter muito temas podem ser cobertos por qualquer enciclopédia impressa convencional,Portugeese
além disso contém materiais algumas pessoas podem achar censuráveis ofensivos pornográficos,Portugeese
foi esclarecido esta política não está debate ma ela tem revelado controversa,Portugeese
por exemplo 2008 wikipédia rejeitou uma petição online contra inclusão representações maomé sua edição inglês citando esta política,Portugeese
presença materiais politicamente sensíveis wikipédia também levou república popular china bloquear acesso partes site,Portugeese
setembro 2009 artigos wikipédia cobriam cerca meio milhão lugares terra,Portugeese
entanto uma pesquisa realizada pelo oxford internet institute mostrou distribuição geográfica do artigos toda versões wikipédia muito desigual,Portugeese
maioria do artigos são escritos sobre américa norte europa ásia oriental com muito pouca cobertura grandes partes mundo desenvolvimento incluindo maior parte áfrica,Portugeese
estudo 2008 conduzido por pesquisadores universidade carnegie mellon palo alto research center apresentou uma distribuição temas bem como crescimento julho 2006 janeiro 2008 cada campo relativos wikipédia inglês entanto deve considerar estes números dizem apenas respeito aos artigos possível tópico contenha uma série artigos curtos outro artigos muito grandes,Portugeese
além disso cobertura exata wikipédia está sob constante revisão pelos editores desacordos não são incomuns ver também delecionismo inclusionismo,Portugeese
comunidade wikipédia tem sido descrita como cult embora nem sempre com uma conotação totalmente negativa criticada por não acomodar usuários inexperientes,Portugeese
comunidade wikipédia estabeleceu uma espécie burocracia incluindo uma clara estrutura poder aos administradores voluntários autoridade para exercer controle editorial,Portugeese
editores com boa reputação comunidade podem ser nomeados para do vários níveis gestão voluntários como autorrevisores cujas edições são marcadas automaticamente como confiáveis reversores para quais são simplificadas ações desfazem edições eliminadores podem eliminar páginas administradores englobando todos outros além poderem bloquear alterações artigos caso vandalismo disputas editoriais bloquear contas usuários,Portugeese
apesar nome administradores não desfrutam qualquer privilégio especial tomada decisões vez disso eles limitam sua maioria fazer edições têm efeitos todo projeto portanto não são permitidas aos editores comuns impedir usuários fazerem edições disruptivas como vandalismo,Portugeese
páginas verbetes podem ser apagados por usuários possuem cargo eliminador administrador através votações por eliminação rápida quando descumprem alguma política site,Portugeese
burocratas verificadores são doi outros cargo podem ser atribuídos editores,Portugeese
wikipédia não exige seus usuários forneçam sua identificação,Portugeese
entanto como wikipédia cresce através seu modelo não convencional construção enciclopédia quem escreve wikipédia,Portugeese
tornou uma perguntas frequentes sobre projeto muitas vezes com uma referência para outros projetos web como digg,Portugeese
jimmy wale afirmou certa vez apenas uma comunidade grupo dedicado algumas centenas voluntários faz maior parte contribuições para wikipédia projeto portanto como qualquer organização tradicional,Portugeese
wale realizou estudo onde constatou toda edições são feitas por apenas do usuários seja 524 pessoas 2006 ano pesquisa,Portugeese
este método avaliação contribuições foi posteriormente contestada por aaron swartz observou vários artigos uma amostragem efetuou tinham grande parte seu conteúdo medida pelo número caracteres contribuído por usuários com baixas contagens edições,Portugeese
estudo 2007 realizado por pesquisadores faculdade dartmouth descobriu colaboradores anônimos pouco frequentes wikipédia são confiáveis uma fonte conhecimento tanto quanto contribuintes inscrevem site,Portugeese
embora alguns contribuintes sejam autoridades suas áreas wikipédia exige mesmo seus contributos sejam apoiados por publicações fontes verificáveis,Portugeese
preferência projeto pelo consenso sobre credenciais foi rotulada como anti elitismo,Portugeese
estudo 2003 sobre comunidade wikipédia doutoranda economia andrea ciffolilli argumentou baixos custos transação participar software wiki criaram catalisador para desenvolvimento colaborativo uma abordagem construção criativa incentiva participação,Portugeese
seu livro 2008 futuro internet como pará jonathan zittrain oxford internet institute berkman center internet society pertencente harvard law school cita sucesso wikipédia como caso como colaboração aberta tem fomentado inovação web,Portugeese
estudo 2008 revelou usuários wikipédia eram menos agradáveis abertos embora conscientes não usuários wikipédia,Portugeese
estudo 2009 sugeriu havia indícios uma crescente resistência comunidade wikipédia novos conteúdos,Portugeese
oopsla 2009 cto wikimedia brion vibber fez uma apresentação intitulada otimização desempenho comunidade fazendo sua equipe funcionar tão bem quanto seu site discutiu desafios lidar com contribuições uma grande comunidade comparou processo com desenvolvimento software,Portugeese
new york time publicou uma coluna com uma pesquisa sobre wikipédia momento seu décimo aniversário citando wikimedia foundation colaborou estudo base contribuinte wikipédia descobriu ela era composta por apenas mulheres média idade contribuinte estava entre ano acordo com estudo conjunto centro universidade nações unidas universidade maastricht também observa pesquisas sugerem menos suas centenas milhares colaboradores são mulheres,Portugeese
meta estabelecida por sue gardner diretora executiva fundação wikimedia ver contribuições femininas aumentarem para até 2015,Portugeese
membros comunidade predominantemente interagem com outros através páginas discussão são páginas wiki editáveis estão associadas com artigos bem como através páginas discussão são específicas para editores particular páginas discussão ajudam gerir site,Portugeese
essas páginas ajudam contribuintes chegarem consenso sobre conteúdo do artigos deve constar sobre quais regras site podem mudar tomar medidas com relação qualquer problema dentro comunidade,Portugeese
esplanada principal local interação entre usuários após páginas discussão nela possível fazer anúncios perguntas propostas alterações na políticas projeto,Portugeese
wikipedistas recebem por vezes prêmios medalhas por seu bom trabalho uma espécie reforço positivo forma fichas personalizadas apreço,Portugeese
estas fichas revelam uma ampla gama trabalho valorizado indo muito além simple edições para incluir suporte social ações administrativas tipos trabalho articulação,Portugeese
fenômeno medalhas foi analisado por pesquisadores procuram determinar como isso poderia ter implicações outras comunidades envolvidas contribuições larga escala,Portugeese
do usuários registrados nunca fazem outra edição após suas primeiras horas,Portugeese
possíveis explicações para esse fenômeno são tai usuários inscrevem para uma única finalidade são assustados por suas experiências,Portugeese
goldman escreve editores não cumprem rituais culturais wikipédia como assinatura páginas discussão implicitamente dão sinai eles são estranhos comunidade aumentando chance usuários experientes wikipédia tenham como alvo suas contribuições,Portugeese
tornar editor experiente wikipédia envolve desafios não triviais contribuinte deverá construir uma página usuário aprender códigos tecnológicos específicos wikipédia submeter processo misterioso resolução disputas aprender uma cultura desconcertantemente rica piadas internas referências privilegiadas,Portugeese
usuários não registrados são algum sentido cidadãos segunda classe wikipédia visto participantes são credenciados por membros comunidade wiki têm interesse preservar qualidade produto trabalho com base sua participação curso ma contribuições endereços podem não necessariamente serem creditadas usuário particular,Portugeese
estudo 2009 realizado por henry blodget mostrou uma amostra aleatória grandes artigos wikipédia medido pela quantidade texto sobreviveu última edição amostra foi criada por novatos anônimos usuários com baixas contagens edições enquanto maioria edição formatação feita por usuários experientes grupo selecionado usuários estabelecidos,Portugeese
janeiro 2020 havia 277 versões ativas wikipédia diferentes idiomas quais possuíam milhão artigos tinham 200 000 artigos,Portugeese
acordo com alexa subdomínio anglófono recebe tráfego acumulado wikipédia com restante dividido entre outras línguas seguido espanhol japonês russo alemão,Portugeese
wikipédia inglês possui maior número artigos cerca milhões alemã francesa possuem milhões francesa castelhana italiana russa possuem milhão artigos cada sendo essas wikipédias com maior número edições,Portugeese
uma vez wikipédia projeto livre internet mundo inteiro portanto colaboradores uma edição podem vir lugares diferentes por isso usarem dialetos diferentes como caso wikipédia português,Portugeese
estas diferenças podem levar alguns conflitos sobre diferenças grafia por exemplo trem comboio goleiro guarda redes pontos vista,Portugeese
embora na várias edições idiomas sejam mantidas políticas mundiais wikimedia foundation como ponto vista neutro ela divergem alguns pontos texto prática principalmente imagens sem licença livre poderem não ser utilizadas sob uma alegação fair use,Portugeese
jimmy wale descreveu wikipédia como esforço para criar distribuir uma enciclopédia livre alta qualidade possível para cada pessoa planeta sua própria língua,Portugeese
embora cada edição possua funções línguas menos independentes alguns esforços estão sendo feitos para supervisionar todos eles,Portugeese
eles são coordenados parte pelo meta wiki pela wikimedia foundation dedicada manutenção todos seus projetos wikipédia outros,Portugeese
por exemplo meta wiki fornece estatísticas importantes toda versões wikipédia mantém uma lista do artigos essenciais devem constar toda edições projeto,Portugeese
artigos traduzidos representam apenas uma pequena porção artigos maioria edições parte porque tradução automática artigos não permitida,Portugeese
artigos disponíveis uma língua podem oferecer link chamados interwikis com ligações para mesmo artigo outra língua,Portugeese
processo atualização wikipédia não apenas diário ocorre qualquer instante muitas vezes tempo real tocante eventos importantes,Portugeese
sobre isso revista época salientou verbete sobre presidente eleita chile michelle bachelet trazia notícia sobre sua vitória na eleições momentos após anúncio oficial,Portugeese
portanto uma enciclopédia viva ágil pop,Portugeese
fatores consistência qualidade são constantemente monitorados por wikipedistas ativos,Portugeese
controle especial registra automaticamente data hora cada última atualização,Portugeese
quando surgem erros tempo médio atual para suas correções doi minutos,Portugeese
graças colaboração voluntários não raro consultores editores wiki mesclam numa pessoa,Portugeese
como interesses pessoas são variadíssimos acervo wikipédia abrange várias tribos culturais,Portugeese
natureza aberta modelo edição tem sido mote maioria críticas wikipédia,Portugeese
por exemplo leitor artigo não pode ter certeza determinado verbete não foi comprometido pela inserção informações falsas pela remoção informações essenciais,Portugeese
editor chefe encyclopædia britannica robert mchenry certa vez descreveu isto dizendo entanto vandalismo óbvio fácil remover artigos versões anteriores cada artigo são mantidas,Portugeese
prática tempo médio para detectar corrigir vandalismos muito baixo normalmente alguns minutos ma incidente particularmente bem divulgado uma informação falsa foi introduzida biografia político estadunidense john seigenthaler permaneceu despercebida por quatro meses,Portugeese
john seigenthaler diretor editorial fundador usa today fundador centro primeira emenda universidade vanderbilt chamou jimmy wale perguntou lhe existia alguma forma saber quem contribuiu com desinformação,Portugeese
wale respondeu não ma entanto autor acabou por ser rastreado,Portugeese
este incidente levou mudanças na políticas site especificamente orientadas para reforço verificabilidade todos artigos biográficos pessoas viva,Portugeese
estrutura aberta wikipédia faz com ela seja alvo fácil para troll spam aqueles procuram usar projeto para espalhar suas ideias,Portugeese
adição spin políticos para artigos organizações incluindo membros câmara do representantes do estados unidos grupos interesses especiais foi observada organizações como microsoft têm oferecido incentivos financeiros para trabalhar certos artigos,Portugeese
estas questões foram parodiadas nomeadamente por stephen colbert colbert report,Portugeese
por exemplo agosto 2007 site wikiscanner começou rastrear fontes alterações feitas wikipédia por editores anônimos sem contas registradas site,Portugeese
programa revelou muitas dessas edições foram feitas por empresas agências governo para alterar conteúdo artigos relacionados eles seu pessoal seu trabalho,Portugeese
wikiscanner pode ajudar evitar uma organização indivíduos editem páginas não deveriam,Portugeese
nova ferramenta virtual indica usuários computadores agência central inteligência cia federal bureau investigation fbi vaticano partido trabalhista reino unido organização nações unidas dell computer walmart microsoft apple dentre muitos outros são responsáveis por edições textos site wikipédia,Portugeese
prática wikipédia defendida ataques por vários sistemas técnicas,Portugeese
estes incluem páginas onde usuários podem verificar edições por exemplo páginas vigiadas mudanças recentes programas computador bot são cuidadosamente projetados para tentar detectar ataques corrigi los automaticamente semi automaticamente filtros avisam usuários sobre fazer indesejáveis edições bloqueios sobre criação link para site particular bloqueios edições contas específicas endereços intervalos endereços,Portugeese
páginas fortemente atacadas artigos particular podem ser semiprotegidos modo apenas usuários registrados estabelecidos possam editá los para casos particularmente controversos bloqueios podem ser usados para apenas administradores sejam capazes fazer edições,Portugeese
tal bloqueio aplicado com moderação geralmente apenas por curtos períodos tempo enquanto ataques parecerem propensos continuar,Portugeese
agosto 2014 uma matéria portal globo afirmou dispositivo conectado internet através rede sem fio palácio planalto alterou maio 2013 informações páginas miriam carlos alberto sardenberg wikipédia com objetivo difamá los,Portugeese
informações inseridas artigo miriam qualificavam suas análises previsões econômicas como desastrosas além acusá ter defendido apaixonadamente banqueiro daniel dantas quando este foi preso pela polícia federal,Portugeese
esta última acusação ocorreu razão comentário miriam rádio cbn onde ela defendia inocência dantas,Portugeese
organizações globo foram criticadas por divulgar alterações biografias seus contratados wikipédia ferramenta caráter colaborativo aberta edição todos segundo seu próprio criador jimmy wale não deve ser usada como fonte primária informação,Portugeese
também foram criticadas por terem noticiado alterações plenum campanha eleitoral 2014,Portugeese
jornalista miguel rosário divulgou usuário navegava através rede companhia processamento dado estado são paulo inseriu uma calúnia biografia músico raul seixas,Portugeese
ele também relatou visitou palácio planalto teve acesso senha rede sem fio gabinete presidencial,Portugeese
visto contribuintes normalmente reescrevem pequenas porções verbete invés fazer grandes revisões todo texto num mesmo artigo pode coexistir conteúdo alta baixa qualidade,Portugeese
críticos argumentam por vezes edições não especialistas minam qualidade,Portugeese
por exemplo roy rosenzweig ensaio junho 2006 combinou tanto elogios como reparos wikipédia teceu várias críticas sua prosa sua incapacidade distinguir fato importante meramente sensacional,Portugeese
ele disse wikipédia surpreendentemente precisa relatar nome data acontecimentos história do estados unidos campo estudo rosenzweig maioria do poucos erros factuais ele encontrou eram pequenos negligenciáveis acrescentando alguns deles simplesmente repetiam crenças divulgadas amplamente porém imprecisas também são repetidas na enciclopédias encarta britannica,Portugeese
entanto ele fez uma crítica importante contrastando tratamento dado abraham lincoln wikipédia com oferecido american national biography online pelo historiador guerra civil james mcpherson rosenzweig disse ambo eram essencialmente corretos cobriam episódios principais vida lincoln ma elogiou contextualização rica mcpherson seu hábil uso citações para capturar voz lincoln sua capacidade transmitir uma mensagem profunda com apenas punhado palavras,Portugeese
por outro lado ele deu exemplo prosa wikipédia considerou verborreica sem graça,Portugeese
rosenzweig fez ainda uma crítica comparando habilidade julgamento seguro historiador experiente exibido por mcpherson outros com arcaísmo wikipédia ele comparou esse respeito revista american heritage disse embora wikipédia forneça frequentemente extensas referências ela não são melhores disponíveis,Portugeese
rosenzweig também criticou ambiguidade encorajada pela política imparcialidade ponto vista neutro significando difícil discernir wikipédia qualquer orientação interpretativa global história,Portugeese
por exemplo ele citou conclusão artigo wikipédia inglês sobre william clarke quantrill,Portugeese
embora geral elogiando artigo considerou sua conclusão indecisa alguns historiadores lembram dele como forum lei oportunista sedento sangue enquanto outros continuam como soldado audaz herói popular,Portugeese
outros críticos fizeram acusações semelhantes dizendo mesmo artigos wikipédia sejam factualmente precisos muitas vezes são escritos estilo pobre quase ilegível,Portugeese
frequente crítico wikipédia andrew orlowski comentou mesmo quando uma página wikipédia 100 por cento correta factualmente esses fatos são cuidadosamente escolhidos muitas vezes resultado parece como tivesse sido traduzido uma língua para outra seguida para uma terceira todos estágios passando pelas mãos tradutores incompetentes,Portugeese
estudo artigos sobre câncer realizado por yaacov lawrence kimmel cancer center universidade thomas jefferson descobriu verbetes eram sua maioria precisos ma eram escritos nível leitura faculdade contrário nível colegial visto physician data query,Portugeese
lawrence disse falta legibilidade wikipédia pode refletir suas origen variadas edições casuais,Portugeese
economist observou qualidade escrita do artigos wikipédia pode ser guia para leitor prosa deselegante discurso retórico geralmente refletem pensamentos confusos informações incompletas,Portugeese
estudo 2005 feito pela revista nature comparando conteúdo científico wikipédia encyclopædia britannica afirmou precisão wikipédia foi próxima britannica ma estrutura do artigos wikipédia era muitas vezes pobre,Portugeese
como consequência sua estrutura aberta wikipédia não nenhuma garantia validade seu conteúdo ninguém responsável por quaisquer reivindicações nela figuram,Portugeese
preocupações têm sido levantadas quanto falta responsabilidade resulta anonimato do usuários inserção informações falsas vandalismos problemas semelhantes,Portugeese
wikipédia tem sido acusada expor viés sistêmico inconsistência além disso críticos argumentam natureza aberta wikipédia falta fontes adequadas para grande parte informação torna conteúdo pouco confiável,Portugeese
alguns analistas sugerem wikipédia geralmente confiança ma confiabilidade qualquer artigo nem sempre clara,Portugeese
editores obras referência tradicionais como encyclopædia britannica têm questionado utilidade projeto seu status como uma enciclopédia,Portugeese
muitos professores universitários desencorajam estudantes citar qualquer enciclopédia trabalhos acadêmicos preferindo fontes primárias alguns proíbem especificamente citações wikipédia,Portugeese
cofundador jimmy wale salienta enciclopédias qualquer tipo normalmente não são apropriadas como fontes primárias não devem ser invocadas como autoridades,Portugeese
entanto uma investigação relatada revista nature 2005 sugeriu artigos científicos wikipédia chegaram perto nível precisão encyclopædia britannica tinham uma taxon semelhante erros graf,Portugeese
estas alegações foram contestados pela encyclopædia britannica,Portugeese
economista tyler cowen escreve tivesse adivinhar wikipédia artigo jornal médio sobre economia qual provável esteja dizendo verdade acho depois não muito tempo optaria pela wikipédia,Portugeese
ele comenta muitas fontes tradicionais não ficção sofrem preconceitos sistêmicos,Portugeese
resultados novos são excessivamente relatados artigos revistas enquanto informações relevantes são omitidas noticiário,Portugeese
entanto ele também adverte erros são frequentemente encontrados site internet acadêmicos especialistas devem estar atentos para corrigi los,Portugeese
fevereiro 2007 artigo jornal harvard crimson informou alguns do professores universidade harvard incluem wikipédia suas ementas ma uma divisão sua percepção uso wikipédia,Portugeese
junho 2007 presidente american library association michael gorman condenou wikipédia juntamente com google afirmando acadêmicos apoiam uso wikipédia são equivalente intelectual nutricionista recomenda uma dieta constante big mac com tudo,Portugeese
ele também disse uma geração preguiçosos intelectuais incapazes além internet estava sendo produzida na universidades,Portugeese
ele reclama fontes baseadas web são desanimadoras aprendizagem do alunos partir do textos raros sejam encontradas apenas papel estão locais inscrição somente pela web,Portugeese
mesmo artigo jenny fry pesquisador oxford internet institute comentou sobre acadêmicos citam wikipédia dizendo você não pode dizer crianças são intelectualmente preguiçosas porque ela estão usando internet quando acadêmicos estão usando motores busca suas pesquisas,Portugeese
diferença eles têm experiência para serem críticos sobre estão pesquisando ele autoritário,Portugeese
crianças precisam ser ensinadas usar internet forma crítica adequada,Portugeese
wikipédia uma enciclopédia hospedada financiada pela fundação wikimedia uma organização sem fin lucrativos opera wikipédia projetos relacionados tai como wikcionário wikilivros outros,Portugeese
capítulos wikimedia associações locais usuários defensores do projetos wikimedia participam também promoção desenvolvimento financiamento projeto,Portugeese
operação wikipédia realizada através software wiki livre código aberto chamado mediawiki qual escrito php usa banco dado mysql,Portugeese
software incorpora recursos programação como uma macrolinguagem variáveis sistema transclusão template redirecionamento url,Portugeese
mediawiki está licenciado sob gnu general public license usado por todos projetos wikimedia assim como muitos outros projetos wiki,Portugeese
originalmente wikipédia funcionava com usemodwiki escrito perl por clifford adam primeira fase inicialmente requeria hiperligações artigos por meio camelcase estilo atual faixa dupla foi incorporado tarde,Portugeese
partir janeiro 2002 segunda fase wikipédia passou contar com software escrito php wiki por meio banco dado mysql feito sob medida para wikipédia por magnus manske,Portugeese
nessa fase software foi modificado várias vezes para acomodar demanda exponencialmente crescente,Portugeese
julho 2002 wikipédia passou utilizar software terceira geração mediawiki feito desenvolvido por lee daniel crocker,Portugeese
várias extensões mediawiki estão instaladas para estender funcionalidade deste software,Portugeese
abril 2005 uma extensão apache lucene foi adicionada software mediawiki bult banco dado indexação até era mysql passou ser tipo lucene,Portugeese
atualmente extensão lucene escrita java baseada lucene library,Portugeese
wikipédia atualmente roda cluster servidores dedicados linux principalmente ubuntu com algumas máquinas opensolaris com sistemas arquivos zfs,Portugeese
dezembro 2009 havia 300 flórida estados unidos amsterdã países baixos,Portugeese
wikipédia empregava único servidor até 2004 quando configuração servidor foi ampliada para uma arquitetura multicamadas distribuídas,Portugeese
janeiro 2005 projeto funcionava através servidores dedicados localizados flórida,Portugeese
esta configuração inclui servidor banco dado único mestre executando mysql múltiplos servidores banco dado escravos servidores web rodando apache http server sete servidores cache rodando software squid,Portugeese
wikipédia recebe entre 000 000 pedidos página por segundo dependendo hora dia,Portugeese
solicitações página são servidas por uma camada servidores cache squid,Portugeese
além disso estatísticas ficam disponíveis publicamente por meses para acesso wikipédia,Portugeese
pedidos não podem ser atendidos partir cache são enviados para servidores balanceamento carga executando software linux virtual server por sua vez passa solicitação para do servidores web apache para renderização páginas banco dado,Portugeese
servidores web atualizam cache conforme solicitado realizando renderização páginas para toda versões wikipédia,Portugeese
para aumentar velocidade ainda páginas processadas são armazenadas cache memória distribuído até ser invalidado permitindo maioria solicitações páginas comuns dispensem nova renderização,Portugeese
atualmente grande parte carga tráfego wikipédia suportada por doi cluster maiores países baixos coreia sul,Portugeese
sua ideia original wikipédia tinha sido feita para usuários lessem editassem conteúdo utilizando qualquer navegador web padrão através uma conexão internet fixa,Portugeese
entanto conteúdo wikipédia está agora também acessível através web móvel,Portugeese
acesso wikipédia partir telefones móveis foi possível 2004 através wireless application protocol wap através serviço wapedia,Portugeese
junho 2007 wikipédia lançou mobile wikipedia org site oficial para dispositivos sem fio,Portugeese
2009 novo serviço móvel foi lançado oficialmente localizado wikipedia org atende aos avançados dispositivos móveis como iphone dispositivos baseados android palm pre,Portugeese
vários outros métodos acesso móvel wikipédia surgiram,Portugeese
vários dispositivos aplicações otimizam melhoram exibição conteúdo wikipédia para dispositivos móveis enquanto alguns também incorporam funcionalidades adicionais tai como uso metadados wikipédia como geoinformação,Portugeese
alguns observadores afirmam wikipédia uma ameaça econômica para editores enciclopédias tradicionais muitos do quais podem ser incapazes competir com produto essencialmente livre,Portugeese
nicholas carr escreveu ensaio amoralidade web falando sobre chamada web como todo implícita na visões êxtase web hegemonia amador,Portugeese
pelo menos não posso imaginar nada assustador,Portugeese
outros defendem ideia wikipédia projetos semelhantes deverá deslocar inteiramente publicações tradicionais,Portugeese
por exemplo chris anderson editor chefe revista wired escreveu revista nature abordagem sabedoria multidões wikipédia não substitui revista científicas com seus rigorosos processos revisão,Portugeese
além crescimento logístico número seus artigos wikipédia tem conquistado status como site referência geral desde sua criação 2001,Portugeese
acordo com dado novembro 2018 alexa wikipédia quinto website visitado mundo,Portugeese
crescimento wikipédia tem sido alimentado por sua posição dominante resultado buscas google cerca tráfego motores buscas para wikipédia vem google boa parte está relacionado com pesquisa acadêmica,Portugeese
número leitores wikipédia todo mundo atingiu marca 365 milhões final 2009,Portugeese
pew research center projeto american life constatou terço do usuários internet do estados unidos consultam wikipédia,Portugeese
outubro 2006 valor mercado hipotético site era estimado 580 milhões dólares ele publicasse anúncios,Portugeese
conteúdo wikipédia também tem sido utilizado estudos acadêmicos livros conferências processos judiciais,Portugeese
website parlamento canadá refere artigo wikipédia sobre casamento homossexual link relacionados sua lista leitura adicional civil marriage act,Portugeese
afirmações enciclopédia são cada vez utilizadas como fonte por organizações como tribunais federais do estados unidos organização mundial propriedade intelectual ma principalmente para obter informações apoio invés informações decisivas caso,Portugeese
conteúdo exibido wikipédia também tem sido citado como fonte referência alguns relatórios comunidade inteligência do estados unidos,Portugeese
dezembro 2008 revista científica rna biology lançou uma nova seção para descrição famílias moléculas rna requereu autores contribuem para seção também apresentassem projeto artigo sobre rna familiar wikipédia,Portugeese
wikipédia também tem sido utilizada como fonte jornalismo muitas vezes sem atribuição sendo vários jornalistas foram demitidos por plagiar wikipédia,Portugeese
julho 2007 wikipédia foi foco documentário minutos bbc radio argumentava com aumento uso número referências wikipédia cultura massa tal termo membro grupo marcas século xxi são tão familiares google facebook youtube não precisam explicações estão com termos século como hoovering coca cola,Portugeese
setembro 2007 político italiano franco grillini levantou uma questão parlamentar com ministro do recursos atividades culturais sobre necessidade liberdade panorama,Portugeese
ele disse falta tal liberdade força wikipédia sétimo site consultado proibir toda imagens edifícios modernos italianos obras arte isso era extremamente prejudicial para receitas turísticas,Portugeese
setembro 2007 washington post informou wikipédia tornou ponto focal eleições do eua 2008 dizendo digite nome candidato google dentre primeiros resultados estará uma página wikipédia tornando sem dúvida tão importante quanto qualquer anúncio definição candidato,Portugeese
enquanto artigos do presidenciais estão sendo editados debatidos inúmeras vezes cada dia,Portugeese
várias paródias wikipédia foram abertas para inserir falsidades com características vandalizadoras com modificações do artigos enciclopédia,Portugeese
comediante stephen colbert citou wikipédia vários episódios seu programa colbert report cunhou termo relacionado wikiality significa junto podemos criar uma realidade todos nós concordamos,Portugeese
outro exemplo pode ser encontrado artigo primeira página onion julho 2006 com título wikipédia comemora 750 ano independência americana,Portugeese
outros brincam com lema wikipédia como negotiation episódio office onde personagem michael scott diz wikipédia melhor coisa qualquer pessoa mundo pode escrever quiser sobre qualquer assunto para você saiba você está recebendo melhor informação possível,Portugeese
number one doctor episódio 2007 programa televisão scrub também satirizou dependência wikipédia sobre editores editam artigos cultura erudita pop uma cena perry cox reage paciente diz artigo wikipédia indica crudivorismo reverte efeitos tumor ósseo por autoclavagem mesmo editor escreveu artigo também escreveu lista episódios battlestar galactica,Portugeese
episódio rock pete frank adicionam informações sem sentido para página janis joplin wikipédia depois jenna dizer ela deveria procurá para saber sobre ela poi uma vez wikipédia poderia ser editada por qualquer pessoa foi pesquisa informativa poi eles descobrem cada dia,Portugeese
website satírico desciclopédia parodia wikipédia,Portugeese
fundado 2005 formato uma wiki inglês projeto atualmente tem versões idiomas,Portugeese
projeto foi lançado janeiro 2005 por jonathan huang,Portugeese
julho 2009 bbc radio transmitiu uma série comédia chamada bigipedia baseada site era uma paródia wikipédia,Portugeese
alguns do esboços foram diretamente inspirados wikipédia seus artigos,Portugeese
site comédia collegehumor produziu esboço vídeo chamado professor wikipédia fictício professor wikipédia instrui uma classe com várias declarações inverificáveis ocasionalmente absurdas,Portugeese
wikipédia ganhou doi prêmios importantes maio 2004,Portugeese
primeiro foi nica ouro comunidades digitais concurso anual prix ar electronica valendo mil euro convite para assistir cyberart pae festival áustria tarde naquele ano,Portugeese
segundo foi prêmio webby para categoria comunidade,Portugeese
wikipédia também foi indicada para melhores práticas webby,Portugeese
janeiro 2007 wikipédia também foi premiada com classificação quarta melhor marca pelos leitores brandchannel com recebendo do votos resposta pergunta qual marca teve impacto nossas vidas 2006,Portugeese
setembro 2008 wikipédia recebeu prêmio quadriga uma missão iluminação atribuído por werkstatt deutschland juntamente com boris tadic eckart höfling peter gabriel,Portugeese
prêmio foi entregue jimmy wale por david weinberger,Portugeese
dia janeiro 2015 comunidade wikipédia foi agraciada com prêmio erasmus por sua ter promovido disseminação conhecimento através uma enciclopédia ampla universalmente acessível,Portugeese
também 2015 wikipédia foi laureada com prémio princesa astúrias 2015 categoria cooperação internacional,Portugeese
júri refere figura entre dez site visitados mundo tem crescido continuamente incluindo número línguas indígenas,Portugeese
exemplo importante cooperação internacional democrática aberta participatória,Portugeese
uma série enciclopédias interativas incorporam artigos escritos pelo público existiam muito ante wikipédia ser fundada,Portugeese
primeira delas foi bbc domesday project 1976 incluía textos entraram bbc micro computadores fotografias feitos por milhão contribuintes reino unido cobrindo temas como geografia arte cultura desse país,Portugeese
essa foi primeira enciclopédia interativa também foi primeiro grande documento multimídia conectado através link internos sendo maioria do artigos acessíveis através mapa interativo reino unido,Portugeese
interface usuário parte conteúdo projeto domesday foram emulados site até 2008,Portugeese
uma bem sucedidas enciclopédias online incorporava edições feitas pelo público foi h2g2 criada por douglas adam dirigida pela bbc,Portugeese
enciclopédia h2g2 tinha foco artigos informativos,Portugeese
ambo projetos citados tinham semelhanças com wikipédia ma também não davam privilégios editoriais completos para seus usuários,Portugeese
projeto não wiki similar gnupedia coexistia com nupedia início sua história,Portugeese
entanto esse foi aposentado seu criador richard stallman deu apoio wikipédia,Portugeese
wikipédia também gerou vários projetos irmãos são executados pela wikimedia foundation,Portugeese
primeiro memória setembro wiki criado outubro 2002 falava sobre ataques setembro 2001 este projeto foi inativado outubro 2006,Portugeese
wikcionário dicionário eletrônico conteúdo livre foi lançado dezembro 2002 wikiquote uma coleção citações foi criado uma semana depois lançamento wikimedia ainda wikilivros uma coleção livros textos escritos forma colaborativa,Portugeese
wikimedia desde então começou uma série outros projetos incluindo wikimedia common site multimídia dedicado conhecimento livre wikinotícias para jornalismo wikiversidade projeto para criação materiais aprendizagem prestação atividades aprendizagem online,Portugeese
destes apenas common tem tido sucesso comparável wikipédia,Portugeese
várias edições wikipédia também mantêm serviço orientação onde voluntários respondem perguntas público geral,Portugeese
acordo com estudo realizado por pnina shachaf journal documentation qualidade serviço orientação wikipédia comparável uma mesa orientação uma biblioteca com uma precisão,Portugeese
outros site centrados colaboração base conhecimento têm inspirado wikipédia,Portugeese
alguns como susning enciclopedia libre hudong baidu baike wikiznanie também empregam processos formais revisão enquanto outros usam métodos tradicionais revisão por pares como encyclopedia life stanford encyclopedia philosophy scholarpedia h2g2 everything2,Portugeese
wiki online citizendium foi iniciada pelo cofundador wikipédia larry sanger tentativa criar auxiliar para wikipédia,Portugeese
wikipedia watch criticou site 2006 quando listou dezenas exemplos plágio cometidos pelos editores wikipédia inglês,Portugeese
jimmy wale cofundador wikipédia disse este respeito nós precisamos lidar com tai atividades com rigor absoluto sem piedade porque este tipo plágio está 100 desacordo com todos nossos princípios fundamentais,Portugeese
wikipédia tem sido criticada por permitir publicação seus artigos materiais visuais conteúdo sexual como imagens vídeos masturbação ejaculação bem como cenas filmes pesadamente pornográficos,Portugeese
ativistas proteção criança dizem conteúdo sexual visual aparece várias páginas wikipédia exibido sem qualquer aviso categorização idade,Portugeese
maio 2010 houve discussões entre editores sobre existência imagens com tema sexual wikimedia common,Portugeese
estas resultaram outras discussões sobre mudanças na norma repositório,Portugeese
artigo sobre virgin killer álbum 1976 banda alemã heavy metal scorpion apresenta uma imagem capa original álbum retrata uma menina pré adolescente nua,Portugeese
publicação capa original causou polêmica ela foi substituída alguns países,Portugeese
dezembro 2008 acesso artigo versão inglesa virgin killer foi bloqueado durante quatro dia pela maioria do provedores serviços internet reino unido depois foi denunciado por leitor como pornografia infantil,Portugeese
internet watch foundation uma organização não governamental sem fin lucrativos criticou inclusão fotografia como mau gosto,Portugeese
abril 2010 larry sanger escreveu uma carta para federal bureau investigation destacando sua preocupação por duas categorias imagens wikipédia conterem pornografia infantil violando lei federal sobre obscenidade do eua,Portugeese
sanger tarde esclareceu imagens eram relativas pedofilia uma sobre lolicon não eram fotos crianças verdadeiras ma disse eram representações visuais obscenas abuso sexual crianças termos protect act 2003,Portugeese
essa lei proíbe pornografia infantil fotográfica imagens desenhos animados quadrinhos são consideradas obscenas pela legislação americana,Portugeese
sanger também expressou preocupações sobre acesso escolas imagens wikipédia,Portugeese
wikipédia rejeitou enfaticamente acusação sanger,Portugeese
porta voz wikimedia foundation jay walsh disse wikipédia não possui material consideremos ilegal,Portugeese
tivéssemos seria removido,Portugeese
sequência queixa apresentada por larry sanger wale excluíu imagens sexuais sem consultar comunidade,Portugeese
depois alguns editores argumentaram decisão excluí la foi tomada demasiado pressas wale voluntariamente renunciou alguns do poderes detinha por seu estatuto cofundador,Portugeese
ele escreveu uma mensagem enviada lista correio wikimedia foundation agira assim interesse encorajar esta discussão seja sobre questões reais filosofia conteúdo invés ser sobre mim sobre rapidez com agi,Portugeese
problema privacidade wikipédia envolve direito cidadão permanecer privado continuar ser cidadão vez uma figura pública aos olhos lei,Portugeese
uma espécie batalha entre direito ser anônimo ciberespaço direito ser anônimo vida real,Portugeese
wikipedia watch afirma wikipédia uma ameaça potencial qualquer pessoa valorize vida privada maior grau responsabilidade estrutura wikipédia seria primeiro passo para solucionar problema privacidade,Portugeese
2005 agence france presse citou daniel brandt proprietário wikipedia watch dizendo problema básico ninguém nem administradores wikimedia foundation nem voluntários estão conectados com wikipédia consideram responsáveis pelo seu conteúdo,Portugeese
janeiro 2006 tribunal alemão ordenou fechamento wikipédia alemão alemanha por ter publicado nome completo boris floricic também conhecido como tron hacker era antigamente membro chaos computer club,Portugeese
especificamente tribunal ordenou url domínio alemão não poderia redirecionar para servidores enciclopédia flórida embora leitores alemães ainda permanecessem capazes usar url baseada eua diretamente não houve praticamente nenhuma perda acesso por parte deles,Portugeese
ordem judicial surgiu uma ação movida pelos pais floricic exigindo sobrenome seu filho fosse retirado wikipédia,Portugeese
fevereiro 2006 liminar contra wikimedia deutschland foi anulada com juiz rejeitando noção direito privacidade tron seus pais estivesse sendo violado,Portugeese
demandantes apelaram para tribunal estado berlim ma processo foi recusado maio 2006,Portugeese
dezembro 2008 internet watch foundation organização lista site possuem material ilegal potencialmente ilegal adicionou wikipédia sua lista site perigosos,Portugeese
devido seis do maiores provedores internet reino unido usarem site para bloquear páginas perigosas residências país ficaram impossibilitadas acessar site devido imagem capa álbum virgin killer banda alemã scorpion,Portugeese
mediawiki tem documentação sobre wikipédia inglês cebuano ceb sueco alemão francês neerlandês russo italiano espanhol polonês polaco samarês vietnamita japonês árabe egípcio arz chinês árabe ucraniano português persa catalão sérvio indonésio norueguês bokmål coreano finlandês húngaro checo servo croata min nan min nan romeno turco basco checheno malaio esperanto hebraico arménio búlgaro dinamarquês azeri meridional azb tártaro eslovaco cazaque croata minangkabau min estoniano lituano bielorrusso grego inglês simple simple azeri esloveno galego urdu norueguês nynorsk georgiano hindi tailandês usbeque latim tâmil galês volapuque macedónio asturiano ast cantonês yue letão tajique bengali birmanês africâner malgaxe occitano bósnio baixo saxão nd albanês quirguiz bielorrusso taraškievica tarask bhasa new malaiala telugu bretão véneto vec marata piemontês pm tagalo javanês sundanês crioulo haiti suaíli luxemburguês panjabi ocidental pnb basquir irlandês silesiano szl islandês wikipédia não possui artigo com este nome exato,Portugeese
por favor procure por machine learning wikipédia para buscar por títulos alternativos,Portugeese
outras razões pelas quais esta mensagem pode aparecer estamos todos procurando maneiras rápidas tornarmos fluentes inglês sei entendo acontece existem apenas algumas palavras circulando nosso cérebro precisamos fazer toda essa conversa usando apenas incrível incrível legal épico então tal nós aprenda algumas palavras nova inteligentes inglês você pode usar sua vida diária elevar seu vocabulário minutos,Portugeese
então hoje vamos aprender nova palavras inteligentes seus significados palavras raiz frases exemplo então vamos começar pessoal vocês estão assistindo,Portugeese
neste vídeo vou dar vocês palavras inteligentes para uso diário final deste vídeo,Portugeese
também vou dar uma dica inteligente para soar realmente fluente número palavras inteligentes está inundado inundado significa afogamento inundação ma inundado frequentemente usado contexto trabalho como estou atolado trabalho tenho muito trabalho fazer estou atolado trabalho esta semana inteira mal tive tempo respirar agora vamos dar uma olhada raiz desta palavra,Portugeese
pântano pedaço pântano alguém pisar lugar errado pântano eles podem facilmente afogar forma verbal pântano significa afundar então veja como você pode usar essa palavra,Portugeese
digamos você tenha muitas tarefas teste chegando seus amigo vão até você dizem,Portugeese
por você não sai com gente você pode dizer eles sinto muito ma estou atolado trabalho estou atolado com algumas outras palavras você pode usar lugar atolado tenho demais façam,Portugeese
muito meu prato estou afogando trabalho,Portugeese
estou inundado com atribuições palavra inteligente número doi catch agora tenho certeza você ouvi essa palavra ante catch significa uma situação impossível você não pode fazer uma coisa menos tenha feito outra não pode fazer outra porque não fez primeira vez,Portugeese
confundi então deixe dar alguns exemplos,Portugeese
uma situação complicada quando você não consegue emprego sem ter experiência trabalho,Portugeese
ma você não pode obter experiência até conseguir emprego catch foi cunhado por joseph heller seu famoso livro mesmo nome catch quando ele estava descrevendo algumas regras contraditórias eram aplicáveis aos soldados durante segunda guerra mundial,Portugeese
outro exemplo catch você precisa empréstimo bancário porque não tem suficiente,Portugeese
dinheiro ma você não obterá esse empréstimo bancário menos prove banco tem dinheiro suficiente então próxima vez estiver preso uma situação difícil lembre,Portugeese
para usar palavra catch,Portugeese
obter esses olhares admiração seus amigo outras palavras você pode usar lugar catch são paradoxo dilema,Portugeese
número três suave suave significa ser sofisticado para ser educado equilibrado,Portugeese
bem educado palavra suave tem várias origen diferentes ma uma origem muito interessante palavra significa exemplo sabor agradável doce,Portugeese
ele tão elegante suave especialmente frente dama barack obama tão suave polido agora lembre quando você estiver uma festa próxima vez ver essa pessoa assim,Portugeese
bem educado culto sofisticado,Portugeese
não esqueça dizer quem aquele cara gentil forum canto usando essa palavra vai fazer seu vocabulário instantaneamente,Portugeese
muito suave tão inteligente palavra número quatro atroz atroz palavra atroz significa algo realmente ruim horrível terrível cruel apavorante ofensiva atroz tem uma raiz latina chamada significa medo cruel terrível alguns exemplos palavra atroz são recentes incidentes estupro deli foram atrozes prisioneiros são tratados,Portugeese
maneira atroz vezes na prisões atroz também usado dia dia para falar sobre alguma ação comum você deseja exagerar,Portugeese
por exemplo seus modos mesa eram atrozes seu senso vestir tão atroz sua gramática atroz,Portugeese
então próxima vez você ouvir falar ato horrível noticiário lembre disso,Portugeese
observar dizer este ato atroz palavra inteligente número estupendo estupendo estupendo significa incrível espantoso,Portugeese
agora costumamos usar palavra incrível aqui outra palavra você pode usar lugar incrível estupendo por exemplo hoje obtive uma pontuação estupenda meu teste significa obtive uma pontuação muito alta,Portugeese
tive uma pontuação quase perfeita palavra stupendous tem raízes latinas clássicas palavra significa,Portugeese
estar atordoado tão estupendo usado para descrever algo incrivelmente bom por exemplo ela parece estupenda naquele vestido vista estupenda desta varanda estou lendo este livro estupendo não consigo largar tal você vai contar,Portugeese
seus amigo este canal estupendo para estudantes algumas outras palavras você pode usar invés estupendo são incríveis fantásticas excepcionalmente boa então ante continuarmos com cinco palavras equilibradas neste vídeo lembre colocar comentário abaixo deste vídeo,Portugeese
dizer qual dessas dez palavras era sua palavra inteligente favorita número seis está uma situação difícil significa estar uma situação problemática por exemplo garoto estou uma situação difícil porque fiz plano com doi amigo diferentes para isso tarde,Portugeese
perdi meu telefone estou apuros nosso ônibus quebrou esta manhã estou apuros meu amigo sempre pede ajuda quando está apuros quando coisas estão boa ele esquece,Portugeese
então próxima vez você pegar lição matemática escola por exemplo você deixou seu livro matemática escola então você pode dizer aos seus amigo você está realmente apuros agora você pode pensar palavra consertar tem algo ver com reparação algo,Portugeese
ma não uma solução significa estar uma situação problemática,Portugeese
outras palavras você pode usar vez uma solução são estou uma sopa estou bagunçado ponto incômodo apenas ponto palavra inteligente número flummox flummox significa confundir alguém,Portugeese
tanto eles esquecem fazer agora confuso tende ser uma palavra usada demasia então vez disso por você não usa confuso por exemplo menino parecia completamente,Portugeese
seu próprio reflexo espelho turista ficava perplexo com diferentes costume,Portugeese
ele encontrou durante suas viagens uma entrevista quando perguntaram ela por deveríamos contratá ela parecia completamente confusa então próxima vez você ficar confuso com alguma dúvida por exemplo exame então você,Portugeese
sempre posso dizer isso porque não tinha preparado muito bem para exame fiquei confuso com algumas perguntas outras palavras você pode usar vez confuso são perplexo confuso perplexo palavra inteligente número oito rendezvous rendezvous rendezvous,Portugeese
uma maneira muito francesa dizer encontro data por exemplo tenho encontro com meus amigo durante almoço sábado estou planejando encontro com meus amigo shopping para filmes encontro pode ser usado como substantivo verbo por exemplo,Portugeese
tenho encontro com meus amigo esta noite vou encontro com meus amigo amanhã,Portugeese
frança encontro anterior era usado pelo exército para indicar local encontro para tropas agora algo pouco excitante secreto sobre palavra encontro embora você possa usar encontro para qualquer reunião,Portugeese
geral ma ganhou seja muito apropriado para uma reunião oficial então você tiver encontro talvez possa certamente ligar uma palavra inteligente encontro número obtusa obtusa obtusa insulto você usaria quando estiver tentando chamar alguém burro não inteligente,Portugeese
estúpido agora você ouviu palavra obtuso geometria ângulo obtuso ângulo agudo então ângulo obtuso ângulo maior graus ma menor 180 graus,Portugeese
ângulo agudo este ângulo agudo menos graus tão agudo quanto uma palavra usada para denotar agudo portanto também mentalmente agudo obtuso denota embotado portanto também pouco lento mente então frases exemplo com obtuso são homem era tão obtuso deu sua senha para chamador falso para criança obtusa,Portugeese
não foi capaz,Portugeese
para responder uma única pergunta teste homem obtuso teve dificuldade entender até instruções básicas agora suponha sua situação vida diária seu namorado sua namorada está zangado com você você não sabe por então pode,Portugeese
diga eles talvez esteja sendo obtuso ma não sei por você está tão chateado,Portugeese
palavra inteligente número lento lento lento significa mover maneira lenta para ter ritmo pouco lento,Portugeese
normal para parecer pouco cansado com falta exemplo energia almoço pesado deixa muito preguiçoso tarde tem raízes palavra significa uma pessoa lenta uma lesma animal move realmente muito devagar como exemplo caracol,Portugeese
economia tem estado muito lenta este ano jogo acelerou após início lento,Portugeese
negócios estão fracos neste trimestre você pode usá sua vida diária dia estiver sentindo muito cansado você pode contar para sua mãe pode contar,Portugeese
seus amigo estou sentindo muito lento,Portugeese
hoje poderia fazer com uma bebida energética outras palavras você pode usar lugar lento poderia ser letárgico arrastar meus pés então essas foram palavras inteligentes ante,Portugeese
dou lhe aquela dica secreta para parecer muito fluente,Portugeese
quero lembrá caso esteja procurando palavras inteligentes para usar uma chamada telefônica estou colocando link para vídeo,Portugeese
caixa descrição para isso agora dica secreta dica secreta para soar fluente não usar uma palavra frase inteligente vezes conheço,Portugeese
ficamos muito animados porque,Portugeese
nós aprendi muitas dessas palavras inteligentes tendemos enfiar duas três quatro delas uma frase não parece natural,Portugeese
então uma cada vez certifique está pronunciando palavra maneira certa google digite palavra pesquisa logo acima você verá pequeno ícone alto falante clique alto falante,Portugeese
ouvir pronúncia uma duas vezes,Portugeese
você está pronto para você gostou deste vídeo não esqueça dar polegar para cima com comentário,Portugeese
para mim embaixo dele dizendo qual dessas palavras qual sua favorita também,Portugeese
você ainda não pressionou botão inscrição ícone sino lado dele feliz assistindo,Portugeese
olá pessoal sejam bem vindos meu canal neste vídeo,Portugeese
vou dar melhores frases inglês você pode usar sua vida cotidiana,Portugeese
então você está prestes embarcar sua jornada,Portugeese
para país língua inglesa você pode usar isso totalmente,Portugeese
frases você está aprendendo inglês algum tempo deseja retomar aprendizado,Portugeese
este melhor vídeo para começar então vamos frases inglês minutos,Portugeese
frase número esta outra maneira perguntar,Portugeese
como você está,Portugeese
como vão coisas,Portugeese
como indo,Portugeese
então você conhece alguém você cronometra como está indo,Portugeese
frase número doi quando você não alguém por tempo você diz ela muito tempo não então isso significa você não essa pessoa semanas meses muito tempo sem ver frase número,Portugeese
três você quiser perguntar você tem feito,Portugeese
você pergunta tem feito então está acontecendo sua vida,Portugeese
você tem feito para criá los ante tudo está indo,Portugeese
bem você pode apenas responder não pode reclamar tudo muito legal,Portugeese
não posso reclamar próxima frase alguém lhe diz algo você não mencionou realmente conversa como alguém tivesse adivinhado você tem novo emprego você pergunta ele,Portugeese
como você sabe,Portugeese
onde você tirou notícia como você,Portugeese
saiba alguém conta uma piada legal você percebe uma boa piada,Portugeese
essa uma ótima piada então frase boa,Portugeese
você quiser agradecer alguém pode dizer muito gentil sua parte muito obrigado por fazer isso isso muito gentil sua parte muito gentil sua parte alguém,Portugeese
estava tentando ajudar ma não conseguiu alcançar resultado você pode dizer,Portugeese
obrigado qualquer maneira não importa ma obrigado qualquer maneira,Portugeese
obrigado pelo seu esforço,Portugeese
não obrigado mesmo assim outra frase uso meu mail vezes quando não pergunto por uma pessoa,Portugeese
pergunto depois digo final,Portugeese
agradeço antecipadamente significa realmente espero você,Portugeese
faça alguns agradecendo com antecedência,Portugeese
agradeço antecipadamente alguém cometer erro ele estiver muito chateado com isso,Portugeese
você pode apenas dizer não preocupe,Portugeese
não preocupe não preocupe significa não preocupe com isso,Portugeese
está bem,Portugeese
não preocupe imagine você chegou casa todos seus amigo estão sentados sofá,Portugeese
você fica tipo está acontecendo aqui como você está fazendo aqui,Portugeese
está acontecendo você não pegou algo ele não entendeu pessoa você sempre pode perguntar entendi bem,Portugeese
então frente explique onde você saiu entendi bem,Portugeese
você pedir alguém para não ficar chateado não chorar você pode dizer para não levar sério,Portugeese
não leve isso sério como sério não fique tão chateado não leve isso sério,Portugeese
outra forma perguntar você não entendeu parte uma frase pode dizer não entendi última palavra,Portugeese
sinto muito,Portugeese
pode repetir porque não entendi última palavra ele quiser alguém repita frase inteira,Portugeese
você pode pedir desculpas,Portugeese
não estava ouvindo porque talvez você estivesse ocupado,Portugeese
talvez você estivesse falando telefone alguém estivesse falando com você você gosta,Portugeese
meu deus,Portugeese
desculpe não estava ouvindo,Portugeese
você pode repetir,Portugeese
sinto muito,Portugeese
não estava ouvindo outra frase uso tempo todo,Portugeese
não importa como não preocupe você deixar cair seu café cima mim,Portugeese
como não importasse,Portugeese
vou ficar bem,Portugeese
estou indo para roupa qualquer maneira,Portugeese
não importa você deseja desejar sorte alguém,Portugeese
sempre faço isso você pode dizer dedos cruzados você cruza dedos assim,Portugeese
dedos cruzados,Portugeese
outra frase americanos usam ruim explica situação você não conseguiu algo então obteve efeito extra conseguiu,Portugeese
você fica tipo isso explica isso explica,Portugeese
outra maneira dizer pessoa para não ficar chateada dizer coisas acontecem como estivesse tudo bem,Portugeese
coisas acontecem não fique chateado você não tem nome uma pessoa com quem deseja falar,Portugeese
você pode pedir desculpas por incomodá você sabe,Portugeese
alguém está ocupado você pode sempre pedir desculpas por incomodá depois perguntar,Portugeese
desculpe incomodá,Portugeese
você está meio algo alguém está perguntando algo você pode dizer,Portugeese
você está meio algo alguém está lhe pedindo para fazer algo você diz desculpe,Portugeese
estarei com você minuto estarei com você então você retoma fazer algo diz onde estávamos,Portugeese
como quando paramos onde estávamos você tem repetir porque som algumas pessoas confundem,Portugeese
então esta uma ótima maneira praticar onde estávamos novamente você estiver meio uma conversa,Portugeese
você não entendeu outra pessoa estava dizendo você pode dizer estava dizendo com ponto interrogação,Portugeese
significa lev pessoa repetir uma vez,Portugeese
você estava dizendo,Portugeese
alguém conseguiu emprego do seus sonhos quer você possa dizer com sorte alguém entrou universidade do seus sonhos como sorte sua esta uma forma parabenizar pessoa sortuda você apenas enfatizar ele tem sorte você outra forma dizer você está realmente bravo dizer surtei como estivesse com tanta raiva surtei isso super raiva,Portugeese
isso quase louco,Portugeese
surtei outra frase falantes nativos usam bom para você isso pode ser positivo negativo quando você diz fui promovido eles dizem bom para você parabéns vezes quando você diz estou saindo deste lugar,Portugeese
eles são bons para você seria melhor sem você este significado negativo então realmente ouça entonação,Portugeese
algo surpreender você também pode dizer deve estar brincando comigo como meu deus,Portugeese
não acredito você deve estar brincando comigo para dizer alguém para sorrir para ser feliz você pode sempre dizer anime anime,Portugeese
você quiser alguém soe como estivesse chorando reclamando algo não está acontecendo você pode dizer venha estou você pode fazer isso,Portugeese
vamos,Portugeese
você pode fazer isso você pode passar toefl você pode passar gmat você vai conseguir vir,Portugeese
você pode fazer isso alguém está indo muito bem você pode dizer ela continue bom trabalho continue bom trabalho como seja tão bom quanto você continue bom trabalho continue sendo outra frase coloquial isso americanos dizer,Portugeese
está aceso significa isso incrível muitos americanos disseram califórnia,Portugeese
isso está aceso você provavelmente ouviu músicas aceso alguém bem sucedido após falhas então você pode dizer pronto disse você vai fazer você vai alguém está perguntando você está cansado você quer dizer não está cansado jeito nenhum posso dizer nem pouco nah,Portugeese
quero continuar não estou cansado disso quando alguém pergunta você tem certeza você tem quase certeza pode dizer não espaço para isso,Portugeese
não lugar para dúvidas américa você quer enviar sm para alguém mandar uma mensagem você diz texto para texto então mandarei uma mensagem significa enviarei uma mensagem pelo whatsapp telegrama mensageiro qualquer coisa usando vou mande uma mensagem novo para animar alguém diga ela para não ficar chateada você pode dizer não vale pena como por você está chorando,Portugeese
não vale pena,Portugeese
você muito melhor problema você está chorando sobre isso não vale pena suas lágrimas,Portugeese
não vale pena pessoalmente adoro frase você arrasa significa você incrível,Portugeese
meu deus,Portugeese
você balança você balança,Portugeese
não você fez trabalho incrível,Portugeese
você arrasa alguém não está trabalhando muito bem você quer ele trabalhe você pode dizer você deve além significa você deve além,Portugeese
outra maneira dizer exatamente mesma coisa você pode dizer intensifique seu jogo como trabalhe arduamente trabalhe melhor intensifique seu jogo,Portugeese
alguém está chorando não quer,Portugeese
afunda você diz recomponha como literalmente pegue recomponha pare trabalhar pare chorar recomponha,Portugeese
hey acalme junto outra frase,Portugeese
amo você vendeu porque vezes pessoas descrevem sua viagem alguém compraram descrevem muito bem,Portugeese
eles dizem quero comprar mesma coisa digo eles você vendeu você vendeu não compraria isso certo você vendeu não estiver interessado conversa,Portugeese
você como sentar você pode dizer não poderia importar menos isso tão chato,Portugeese
não estou interessado,Portugeese
não importo alguém está perguntando algo esta uma decisão muito fácil para você como alguém dissesse para você pegar meu milhão dólares você dissesse isso acéfalo,Portugeese
vou levar,Portugeese
isso acéfalo significa uma decisão muito fácil para você você fez algo errado você admite pode dizer estraguei tudo sim rapazes,Portugeese
sei,Portugeese
sinto muito,Portugeese
estraguei tudo,Portugeese
este meu erro,Portugeese
estraguei tudo estraguei tudo você quer alguém trabalhe vez mim você pode dizer,Portugeese
você pode cobrir como você pode trabalhar vez mim enquanto estou saindo com meu amigo,Portugeese
você pode dar cobertura hora embora caras melhor significa devo,Portugeese
você sabe,Portugeese
verdade são horas,Portugeese
agora mesmo,Portugeese
melhor por outra maneira dizer adeus,Portugeese
posso dizer para cuidar significa cuidar mesmo,Portugeese
vejo você tarde,Portugeese
cuidar,Portugeese
não sei dia quando você está assistindo este vídeo ma sexta feira por exemplo fim semana,Portugeese
você pode dizer graças deus sexta feira pensar céus disse descoberta sábado fim semana,Portugeese
estou tão feliz tenham sido frases inglês digam isso foi útil curtindo este vídeo comentando abaixo vocês souberem alguma frase legal,Portugeese
seria ótimo houvesse botão vermelho ali algum lugar,Portugeese
olá bem vindo,Portugeese
neste vídeo apresentarei 100 frases comuns muito úteis você pode usar uma conversa,Portugeese
quando ouvir uma frase pratique dizendo depois mim,Portugeese
tente copiar minha pronúncia exatamente incluindo tom voz uso,Portugeese
tudo bem vamos começar,Portugeese
saudações básicas como vai,Portugeese
como estão coisas,Portugeese
,Portugeese
prazer conhecê,Portugeese
quanto tempo,Portugeese
como você tem estado,Portugeese
ótimo obrigado,Portugeese
quanto você,Portugeese
não muito,Portugeese
costume,Portugeese
tenho,Portugeese
foi prazer ver tarde,Portugeese
manter contato,Portugeese
pedindo informação,Portugeese
você poderia dizer essa palavra significa,Portugeese
você saberia onde fica biblioteca,Portugeese
hesitando,Portugeese
esta uma boa pergunta,Portugeese
deixe ver,Portugeese
deixe pensar por momento,Portugeese
pedindo repetição,Portugeese
com licença,Portugeese
desculpe não entendi isso,Portugeese
você importaria repetir isso,Portugeese
você pode falar pouco devagar por favor,Portugeese
dizendo não sei,Portugeese
receio não ter ideia,Portugeese
não posso ajudar desculpe,Portugeese
bate,Portugeese
opiniões,Portugeese
você acha disso,Portugeese
quais são suas opiniões sobre isto,Portugeese
acho uma boa ideia,Portugeese
sinceramente acho não vai funcionar,Portugeese
para mim esse melhor restaurante cidade,Portugeese
evitando uma pergunta,Portugeese
não tenho opinião sobre assunto,Portugeese
deixe voltar para você sobre isso,Portugeese
não tenho liberdade para dizer,Portugeese
concordando discordando,Portugeese
não poderia concordar,Portugeese
você está absolutamente correto,Portugeese
concordo com você 100,Portugeese
você acerta prego cabeça,Portugeese
não tenho certeza concordo,Portugeese
receio discordo,Portugeese
acho você está enganado,Portugeese
interrompendo educadamente,Portugeese
desculpe por interromper você,Portugeese
posso parar por momento,Portugeese
você importa pular aqui,Portugeese
continue,Portugeese
com certeza,Portugeese
deixe terminar,Portugeese
espere momento,Portugeese
sugestões,Portugeese
você acha irmos cinema,Portugeese
tal comer pizza para jantar esta noite,Portugeese
isso seria bom,Portugeese
parece bom para mim,Portugeese
não tenho certeza sobre isso,Portugeese
não não penso assim,Portugeese
fazendo plano,Portugeese
você fará esta noite,Portugeese
tem plano para amanhã,Portugeese
você está livre próximo sábado,Portugeese
você quer fazer algo neste fim semana,Portugeese
claro você tem mente,Portugeese
estou livre fim semana todo vamos fazer alguma coisa,Portugeese
não desculpe fiz alguns plano,Portugeese
estou meio ocupado amanhã,Portugeese
adoraria fazer algo ma não posso,Portugeese
permissão,Portugeese
você importa usar seu celular,Portugeese
estaria tudo bem tirasse dia folga amanhã,Portugeese
sim por favor tenha certeza frente,Portugeese
não forma alguma,Portugeese
infelizmente tenho dizer não,Portugeese
preferia você não fizesse,Portugeese
temo sim,Portugeese
fazendo pedidos,Portugeese
poderia passar sal por favor,Portugeese
você importaria emprestar algum dinheiro,Portugeese
queria saber você poderia ajudar com isso,Portugeese
claro sem problemas,Portugeese
sim claro,Portugeese
ficaria feliz ajudar,Portugeese
desculpe não posso agora,Portugeese
receio não posso,Portugeese
fazer ofertas,Portugeese
posso dar copo água,Portugeese
tal sorvete,Portugeese
você gostaria lhe desse uma carona para casa,Portugeese
sim por favor,Portugeese
isso seria ótimo obrigado,Portugeese
estou bem ma obrigado por oferecer,Portugeese
não estou bem obrigado,Portugeese
agradecendo pessoas,Portugeese
obrigado milhão,Portugeese
saúde realmente aprecio isso,Portugeese
muita gentileza sua parte,Portugeese
não posso agradecer suficiente,Portugeese
não nada,Portugeese
não mencione isso,Portugeese
qualquer momento,Portugeese
meu prazer,Portugeese
pedindo alguém para esperar,Portugeese
você pode esperar momento por favor,Portugeese
espere segundo,Portugeese
tenha paciência comigo por momento,Portugeese
estarei com você,Portugeese
desculpando,Portugeese
realmente sinto muito por isso,Portugeese
por favor aceite minhas desculpas,Portugeese
não preocupe com isso,Portugeese
não preocupe,Portugeese
tudo bem você quiser aulas sobre frases frases comuns deixe saber seção comentários abaixo,Portugeese
além disso você gostou deste vídeo like clicando botão curtir lembre inscrever neste canal clicando botão inscrever para obter minhas últimas lições aqui mesmo youtube,Portugeese
feliz aprendizagem vejo você outra lição breve,Portugeese
pão ouro era uma vez uma pequena aldeia onde vivia uma mulher chamada marion,Portugeese
com sua única filha narcisa marion era extremamente humilde doce narcisa porém era completamente oposto você ela era linda além palavras ela era como uma vida,Portugeese
boneca parte divertida ela amou infinitamente narcisa você faria,Portugeese
ajude assar pão hein jeito nenhum mamãe donzelas farinha todos meus olhos brilhantes brilhantes,Portugeese
narcisa você ajudaria plantar essas sementes por faria isso tenho toda aquela sujeira meus lindos dedos pior ela caísse bem meu rosto esse era problema com narcisa ela considerava grande demais para fazer qualquer trabalho muitos pretendentes viessem pedir mão narciso casamento,Portugeese
sua beleza era conhecida todos lugares ma ela rejeitou todos eles muito rudemente por você mandou aqueles homens embora ontem eles pareciam legais você não pode estar falando sério mãe deles,Portugeese
tinha olhos tão pequenos quase como pássaro outro tinha nariz enorme não gostaria estar perto dele,Portugeese
quando ele espirrou última parada não não quero ouvir nada tudo pude ver foi aqueles homens eram realmente legais minha querida você deve conhecer essa beleza,Portugeese
não tudo mãe você precisa entender mereço alguém como príncipe cavaleiro,Portugeese
querida uma noite quando ela estava dormindo sua mãe sentou lado dela observando,Portugeese
minha querida criança você tão linda amável ma não importa com nada além sua beleza,Portugeese
naquele momento narciso começou rir seu sono sua mãe ficou extremamente surpresa com quão bom ela deve estar tendo sonho muito engraçado manhã seguinte quando narciso,Portugeese
acordei ela era toda sorrisos risos aqui querida diga com você sonhou,Portugeese
noite passada bem mãe foi sonho incrível você sabe havia príncipe veio até mim,Portugeese
disse queria casar comigo ele tinha vindo uma carruagem dourada ele estava vestido cima baixo ouro também sonho bobo,Portugeese
você sabe melhor parte foi quando estava com meu vestido noiva era ouro também claro todo mundo estava olhando para mim narcisa não nada incrível nesse sonho,Portugeese
foi sonho muito egoísta mãe você não sabe está dizendo aquele sonho fez perceber preciso comida muito grandiosa tipo como aqui casa pão feito ouro,Portugeese
apenas pense naquela pobre mãe narciso estava tão preocupada com sua filha como,Portugeese
ela viveria sua vida naquele dia doi amigo vieram visitar mãe narciso eles eram mellie terry três eram amigo muito tempo ma terry ellie tinham segredo do doi,Portugeese
eram seres mágicos algo mãe narcisse não sabia nada sobre terry melli tão bom ver você faz muito tempo não como você tem estado tenho sido muito bom teria sido melhor menos menos minha filha narcisa fosse pouco compreensiva marian contou mellie terry tudo sobre narcisa como ela estava preocupada com ela ela quer comer pão feito ouro faço bem com ela talvez sonho dela tornar realidade,Portugeese
isso seria maravilhoso não seria bem não importa acho com tempo ela aprenderá vamos conversar sobre outra coisa,Portugeese
agora tarde mellie terry acenaram para despedir velho amigo foram embora sorrindo secretamente uma para outra naquela noite mãe filha,Portugeese
prepare para cama mãe realmente espero meu sonho torne realidade você sabe narcisa dia seguinte como narcisa sua mãe estavam forum seu jardim lindo,Portugeese
uma carruagem dourada veio cavalgando até eles era cravejada pedras preciosas diamante parecia extremamente impressionante,Portugeese
assim parou homem bonito saiu dele olhou para narcisa ela ficou completamente surpresa com quão bonito ele era meu sonho está realmente tornando realidade umm,Portugeese
vim aqui para pedir mão narciso casamento ma como você sabe nome dela quem você,Portugeese
sou terrence anjo boa fortuna nome beleza sua filha são conhecidos todo mundo aqui trouxe presente para você ma você mal conhece você não pode com ele,Portugeese
bobo ele rico bonito poderia querer terrence,Portugeese
aceito sua proposta,Portugeese
com isso ela entrou sua carruagem sem nem mesmo despedir sua mãe cavalgou com anjo enquanto eles estavam viajando carruagem repente entrou portal mágico viajou por uma área tempestuosa carruagem sacolejou tremendamente narcissa,Portugeese
estava com muito medo não preocupe minha querida tudo isso acabará logo assim ele disse isso carruagem passou por outro portal chegou garagem,Portugeese
enorme magnífico castelo dourado narcisa ficou maravilhada com toda beleza viu sabia mereço tantas riquezas sabia você gostaria tudo quiser você encontrará aqui desde vestidos bonito até comidas saborosas,Portugeese
meu palácio por falar comida estou com muita fome depois daquela cavalgada estou morrendo fome posso comer pouco daquela comida saborosa claro,Portugeese
carne fedorenta melissa ela vai buscar você quiser ouvi muito sobre você pobre querido você está com fome não venha vamos para mesa jantar vou pegar pouco comida para você obrigado eles foram para sala jantar sobre mesa estava comida incrível narcisa tinha visto porque porque geléias são feitas,Portugeese
rubis saladas esmeraldas pão ali feito pão dourado dourado como esta geléia ficará linda terá sabor adorável com pão ela pegou com geléia rubi sobre ele deu uma mordida enorme isso tão quente não posso comer tão bem pão feito ouro melhor também ma você não pode comer deveria dar pão prata prata huh por não você come,Portugeese
outra coisa ma quero pão normal pão possa comer você não tem aquela aparência tão futura esposa meu pai,Portugeese
ma estava com coração partido por tudo era intragável ela logo começou chorar não quero isso ma comida muito boa,Portugeese
experimente aqui algumas batatas douradas ela são muito boa depois você casar comigo,Portugeese
você vai ter comer tudo isso pensei você gostasse coisas chiques não não quero casar com você quero para casa,Portugeese
para minha mãe deixe para casa melissa terrence entreolharam piscaram bem,Portugeese
isso mesmo você quer então vou levar para casa terrence levou choro infeliz,Portugeese
narcis casa carruagem ela começou pensar profundamente sobre escolhas fizera chegar casa,Portugeese
ela correu para abraçar mãe estava sentada casa triste nem irmã minha querida filha pensei nunca veria,Portugeese
mãe amo tanto você estava certa aparência riquezas não são tudo pão ouro era inútil porque não poderia comê homem mesmo ele era bonito ele não importava nem pouco comigo ma minha querida você percebe exatamente assim você tratava outros,Portugeese
qual foi seu erro vamos alimentar você com algo legal daquele dia diante,Portugeese
narcisa mudou seus hábitos ela lutou início ma lentamente pacientemente ela começou tornar muito legal dia mellie terry vieram encontrar com marian novamente olá vocês doi então digam marian,Portugeese
como narcisismo agora marian contou ambo tudo tinha acontecido ela mudou muito desde aquela época,Portugeese
tem ela acho ela não iria querer pão ouro agora hein você sabe,Portugeese
terry você realmente parece pouco com aquele anjo embora estou vendo como você pode ser ele vocês doi são tão legais,Portugeese
disposez ouvrages article référence connaissez site web qualité traitant thème abordé ici merci compléter article donnant références utiles vérifiabilité liant section note références pratique quelles source attendues,French
comment ajouter source,French
cette page section train être traduite français partir article wikipédia nature rédigé anglais raison laquelle peut avoir lacunes contenu erreurs syntaxiques voire texte non traduit,French
pouvez aider développement wikipédia continuant traduction partir article original,French
mot nature terme polysémique dire plusieurs sen peut signifier composition matière chose essence origine devenir chose ensemble réel indépendant culture humaine ensemble systèmes phénomènes naturels,French
sen commun nature peut regrouper face constat répercussions négatives activités humaines environnement biophysique perte accélérée naturalité biodiversité cours dernières décennies protection nature milieu naturels sauvegarde habitat espèces mise place développement durable raisonnable éducation environnement devenues demandes grande partie citoyens plupart pay industrialisés,French
principe éthique environnementale nouvelles lois chartes protection environnement fondent développement idéologie culturelle humaine relation biosphère,French
étymologie terme nature relativement bien connue évolution sen beaucoup plus complexe déterminer terme connu signification très différentes voire contradictoires pendant histoire,French
mot nature attesté français depuis 1119,French
vient latin natura désignait cours choses caractère naturel constitution qualité univers littéralement naissance,French
terme vient verbe nascor naître ici supin,French
terme signifie essentiellement caractère inné iie siècle avant ère latin classique notamment biais cicéron enrichir tous sen terme grec phusis beaucoup plus complexe obscur dont devient traduction philosophie latine,French
phusis vient verbe phuein dérivé racine phu désigne croissance végétale,French
phuein éclosion manifeste révélant contenu semence ainsi phuein propre plante croît partir soi centre changement intérieur non extérieur comme pierre,French
merleau ponty cette parenté phusis végétal fait nature sen sans sen posé pensée,French
autoproduction sen,French
cette étymologie indique anciens grecs romains conception dynamique vitaliste nature conception selon laquelle vivant réductible lois physico chimiques matière,French
grecs antiquité aristote particulier nature puissance engendrement êtres cette puissance séparée choses elles mêmes immanente chaque être naturel soi principe mouvement repos,French
aristote énumère cependant plusieurs définitions différentes nature introduit opposition entre naturel artificiel naturel produit phusis existe soi artificiel produit technè action travail hommes animaux dieux,French
cette opposition plus tard reprise philosophie romaine cicéron travers opposition nature culture,French
cette première approche dynamique vitaliste estompée xviie siècle mot devient synonyme univers matériel réglé lois,French
ainsi fontenelle après descartes dira nature grand montre petit,French
cette vision mécaniste nature reste encore largement répandue critiquée génération romantique début xixe siècle notamment engels anti dühring faut concevoir nature aussi bien terre univers comme processus évolutif historique dialectique rien nature reste identique soi tout change transforme permanence,French
cette nouvelle approche redevenue dynamique illustrera pendant tout xixe siècle notamment travers darwin instaure foulée buffon approche historique nature dès lors plus fixe espèces évoluent permanence ainsi milieu lesquels elles vivent,French
tandis darwin concentre histoire êtres celle roches illustrée alfred wegener théorise dérive continent,French
première grande philosophie nature trouve œuvre aristote,French
selon nature fait rien vain signifie nature puissance orientée vers certaines fin,French
explication scientifique consistera donc découvrir cette finalité,French
exemple eau monte tuyau dont aspire air parce nature horreur vide,French
selon jan patocka peut demander cette philosophie offre ca typique anthropomorphisme,French
fait aristote pense action nature partir travail artisan imprime forme matière arriver créer objet,French
différence travail artisan reste extérieur matière alors nature agit intérieur matière chaque être naturel soi principe mouvement repos,French
cette action nature infiniment plus parfaite celle artisan techné homme peut produire être vivant être animé aussi parfait êtres nature,French
pourquoi aristote affirme art imite nature cette conception finaliste nature contredite philosophie mecaniste développée xvii siècle descartes,French
selon miguel espinoza mécanisme squelette métaphysique science,French
cette philosophie nature plus vue comme puissance orientée vers perfection homme devrait imiter comme univers matériel soumis règles lois nature,French
connaissant règles homme peut alors rendre comme maître possesseur nature descartes,French
cependant cette conception réduit nature statut objet dont êtres humains sujets pourraient disposer guise,French
écologie contemporaine montré limites dualisme,French
comme dit michel serres devon modifier rapport nature propose livre contrat naturel 1990 considérer nature comme sujet droit nature sujet droit lequel passerait fameux contrat,French
perspective françois flahault montre séparation homme nature remonte dualisme platonicien chrétien séparent âme corp propose affranchir prenant conscience homme fait intégralement partie nature,French
faut reconnaître quoi devon vie verbe devoir ici oriente vers gratitude soin invite cultiver relation affiliation assumer responsabilités devoir,French
usage commun religieux nature longtemps présentée dichotomiquement europe comme autour homme opposé culture animé processus force échappent réf,French
souhaitée façon horizontale puis lors moyen âge arrivée pensée industrielle hiérarchie entre homme nature impose homme dessus nature jusqu arriver stade opposition nature,French
présent progrès scientifiques généralement considéré comme acquis espèce humaine parmi autres nature,French
science notamment écologie montrent nature évolue temp espace selon dynamiques complex incluant celles évolution espèces sélection naturelle force animées détournées être humain autres espèces devenues capables modifier grand processus naturels planétaires,French
interprétation philosophy animistes religieuses nature présentée comme manifestant équivalent volonté autonome sen déterminé,French
ainsi celle vengera fait mal contraire rendra centuple bien fait,French
certains actes considérés comme contre nature,French
expression laissent penser culture homme contemporain accordent valeur particulière nature ordre éthique ordre moral ordre naturel inclut non,French
nature perçue sen pensée façon variable selon espèces individus inclus réf,French
souhaitée,French
point vue philosophique distinction fait simplement entre nature nature espèces représentation nature humaine homo sapiens,French
raisonnement confine limite précise donc défaut capacité humaine envergure accorder reconnaître considérer valeur exercice,French
représentation nature humaine correspond logiquement philosophy humaines existantes culture humaines possible,French
philosophie nature sujet apparence inexplorable être vivant malgré multiple miroitements perceptibles,French
certaine façon peut dire christianisme suivant tradition biblique judaïque désacralisé nature alors associée celle transcendance divine extérieure homme,French
mot nature apparaît jamais bible,French
genèse nature présentée récit création comme œuvre dieu créateur création poursuit tout long six jours,French
sixième jour dieu crée homme femme nature alors présentée comme accès écriture sainte,French
actuellement catholiques nature appellation laïque création,French
saint augustin reprenant tradition philosophique grecque voit créatures deux type nature essence essentia substance substantia,French
plus ignorant lit monde,French
clés accès écritures alors quatre sen écriture,French
littérature allégorique moyen âge faisait appel plusieurs sen interprétation textes,French
alain lille 1114 1203 écrivit exemple deux poèmes anticlaudianus planctu naturae dont principal personnage nature figure emblématique lois monde créé dieu,French
précise poèmes doivent être lu trois niveaux sen littéral entendement puéril sen moral sen allégorique,French
autre illustration représentations nature trouve série tapisseries dame licorne toute chargée allégories,French
idée sou jacente nature fait rien hasard soumise commandement divin,French
transcendantalisme xixe siècle suit principe selon lequel nature être divin apprenant homme raison beauté,French
transcendantalistes trouvent nature source expériences aventures indispensables développement intellectuel spirituel homme,French
cette idée prévaut jusqu apparition conception moderne science galilée,French
nouvelles représentations galilée descartes nouvelle représentation monde apparaît nouvelle hiérarchie,French
descartes rejette philosophie scolastique philosophie descartes introduisit rapport radicalement nouveaux entre homme nature divisant monde entre re extensa choses donc nature passive re cogitans esprit donc homme dieu actifs pourvus intentionnalité,French
âge classique xviie siècle naissance science moderne assiste ainsi invention nouvelle représentation nature,French
cette représentation résultat croyance beaucoup philosophes xviie xviiie siècles selon lesquels nature gouvernée loi universelle gravitation,French
perçoit extension limites monde connu autres planètes,French
monde étend alors système solaire dont connaît lois évolution possible décrire sou forme mathématique,French
méthode expérimentale permit faire progresser connaissance histoire naturelle,French
science naturelles,French
fait dire maurice merleau ponty découvertes scientifiques provoqué changement idée nature,French
changement idée nature permis découvertes,French
émancipation pensée époque moderne aussi inventé liberté pensée cogito ergo sum dit descartes devient possible parler publiquement athéisme,French
intervention divine devient alors plus abstraite confinée mystère foi,French
ainsi certaines formes empirisme rejettent notion foi religion contraire méthode expérimentale physicien chimiste irlandais robert boyle exemple appuie foi vécue expérimentation scientifique,French
descartes rejette conception aristotélicienne nature existence dieu perçue plan purement métaphysique,French
nouvelle conception homme apparut xviiie siècle homme appuie davantage raison expérience comprendre monde,French
xixe siècle notion métaphysique estompe presque complètement submergée idéologies,French
spinoza reviendra propos descartes récuse notamment travers expression deus sive natura dieu dire nature,French
spinoza traité théologico politique éthique identifie dieu nature nécessaire divinité infinie immanente fait nature,French
substance universelle compose ainsi aussi bien corp esprit,French
conception homme développée descartes tardive occident également inédite histoire monde,French
science humaines héritent domaine vacant car homme existait,French
cette émancipation partielle humanité autant supprimé toute forme croyance,French
pendant lumières alors pratiques religieuses souvent perçues comme superstition philosophes conception populaire sacralisation nature prit emphase toute particulière,French
ainsi croyance dieu créateur très présente travers déisme voltaire croyait dieu créateur abandonné humanité triste destin,French
cette croyance poussée extrême engendra culte raison être suprême,French
significatif constater contexte déchristianisation parmi fêtes civiques fête nature réellement succès,French
évolutions sémantiques esthétiques changement représentation fit faveur changement linguistique majeur apparition français classique,French
ainsi mot physique étymologiquement grec signifie nature ensemble phusika changea sen prendre sen presque exclusivement scientifique,French
autre corollaire évolution sensibilité esthétique,French
hiérarchie genre peinture classique exemple accordait peu importance paysage,French
celui occupa partir xixe siècle place beaucoup plus importante,French
conception cartésienne nature autant supprimé sen donnent naturalistes mot,French
histoire science naturelles montre interaction êtres vivants entre milieu préoccupation constante beaucoup scientifiques pris importance croissante jusqu avènement écologie plus holistique dont naissance peut situer vers xviiie siècle,French
illustre diversité thèmes étudiés écologie façon plus générale science naturelles,French
étude 2020 suggère existe actuellement quatre sen principaux terme nature irréductibles autres notion nature porte donc question philosophiques travers rapport homme entretient milieu naturel environnement conception vie sociale multiple sen possible attribuer mot nature représentations sociales,French
mot nature donc conservé sen multiple polysémie,French
préoccupations environnementales actuelles montrent combien importe identifier sen leurs finalités chaque contexte particulier suivant définition utilisée rapport humanité nature idée conservation nature change objet objectifs méthodes,French
nature recouvre réalités suivantes terre seule planète connue abriter vie caractéristiques naturelles font objet nombreuses recherches scientifiques,French
système solaire troisième plus proche soleil plus grande planète tellurique cinquième plus grande toutes,French
principales caractéristiques climatiques présence deux grandes régions polaires deux zone tempérées relativement étroites vaste région équatoriale tropicale subtropicale réf,French
confirmer,French
précipitations varient considérablement selon endroit plusieurs mètres eau année moins millimètre réf,French
nécessaire,French
surface terre recouverte océans eau salée,French
reste constitué continent îles réf,French
nécessaire majeure partie terres habitées trouvant hémisphère nord,French
terre évolué grâce processus géologiques biologiques laissé trace condition originales,French
surface extérieure divisée plusieurs plaque tectoniques migrent progressivement,French
intérieur reste actif épaisse couche manteau convection noyau rempli fer génère champ magnétique,French
noyau fer composé phase interne solide phase externe fluide,French
mouvement convection noyau génère courants électriques dynamo tour génèrent champ géomagnétique réf,French
nécessaire,French
condition atmosphériques considérablement modifiées rapport condition origine présence formes vie crée équilibre écologique stabilise condition surface,French
malgré grandes variation régionales climat selon latitude autres facteurs géographiques climat mondial moyen long terme assez stable pendant périodes interglaciaires variation degré deux température moyenne mondiale historiquement effets majeurs équilibre écologique géographie terre,French
voir caractère imprécis définition nature entretient ambiguïté relation entre hommes nature,French
biosphère terrestre plus plus marquée empreinte homme devient plus plus difficile trouver espaces purement naturels sen dépourvus influence humaine,French
nature sen plus strict refoulée part vers ba sou sol lointain grand fonds océaniques autre part vers haut espace intersidéral,French
phénomènes climatiques mêmes plus considérés comme indépendants activité humaine,French
autre côté concept souvent employé sen dérivé désigner espaces aménagés homme lesquels large place réservée peuplements végétaux animaux ainsi peut parler nature propos forêt cultivée exploitée depuis siècles qualifie parcs naturels territoires exercent activités agricoles intensive dotées moyens mécaniques chimiques modernes,French
ca qualificatif naturel désigne certaines caractéristiques paysagères variable selon lieu sans définition universelle implique absence artifice humain,French
fait référence mode gestion espace homme plutôt absence intervention humaine,French
mot naturel également employé époque coloniale sen équivalent celui mot anglais native dire sen étymologique désigner habitant natifs pay colonisés,French
cette appellation voulait injurieuse cependant connotation raciste mesure suggérait hommes vivaient condition plus proches nature autres,French
ordre idées imagination populaire représente souvent hommes préhistoire comme plus naturels hommes aujourd hui suggérant nature correspond état primitif dont progrès amène inéluctablement éloigner,French
idée nature remaniée culture urbaine travers notion mythique sauvagerie désignant manière générale extérieur civilisation,French
fait mot sauvage utilisé part comme synonyme naturel autre part qualifier actes particulièrement violents cruels commis sociétés urbaines moyens technique sophistiqués met bien évidence certaine tradition idéologique place plus moins consciemment côté nature étranger culture dominante mauvais,French
paradoxalement trouve aussi autres contextes mot naturel employé langue populaire comme synonyme normal légitime logique nature lieu sauvagerie donc aussi celui bon sen fondamental voie conséquence source principe plus légitimes homme civilisé,French
développement science technique cours deux derniers siècles côté largement accompagné idéologie opposition entre homme nature connaissance généralement perçue comme instrument domination nature plutôt comme moyen vivre harmonie,French
cette époque aussi développer philosophie droit naturel dont découlent notamment droits homme selon laquelle homme verrait attribuer nature prérogatives immuables ici paradoxe apparent car contexte notion nature employée sen nature humaine implique aucune espèce réconciliation nature promotion droits homme ailleurs jusqu présent indépendante toute préoccupation environnementale,French
fait distinction entre humain naturel repose essentiellement notion historiques subjectives voire contradictoires,French
question bien fondé universel reste ouverte,French
distinction parfois conçue comme opposition inspirée justifiée besoin origine religieuse découlant certaines formes humanisme représenter homme comme être dehors dessus nature ailleurs homme séparable environnement naturel lequel interaction permanente dont peut plus affranchir importe quelle autre espèce vivante,French
voir thèmes suivants forêt stratégiquement importante fourniture bois fait objet protection foncière particulière renforcée france depuis colbert xviie siècle,French
récemment génome espèces sauvages domestiques pris valeur juridique particulière privatisation permise marque propriété hybrides variétés végétales créées isolées semenciers puis premières autorisations brevetage vivant,French
faune flore fonge organismes vivant encore france nombreux pay considéré législateur comme re nullius chose sans propriétaire,French
depuis peu niveau international tendent cependant être identifiés comme partie bien commun biodiversité source service écosystémiques donne valeur nouvelle nature notamment marquée europe directive habitat oiseaux,French
nature récemment plusieurs pay dont france acquis droit protection puis représentation assimilable certaine mesure certains ca celui droits victimes,French
ainsi aménageurs doivent prospectivement appliquer principe éviter réduire compenser impact écologiques lors grand projets,French
ca pollution catastrophe pollueur doit maintenant prendre charge compensation réparations,French
théoriquement cela fait selon principe pollueur payeur reste cependant difficile appliquer quand pollution ancienne diffuse,French
principe préjudice écologique france 2012 confirmé cour cassation lors procès erika,French
notion nature renvoie priori idée domaine propres principe développement hors action homme,French
réalise aujourd hui changement climatique origine anthropique,French
idée nature donc suffisante,French
complémentarité interaction entre nature communautés humaines,French
esquisse cette complémentarité réciproque peut éclairer notion culture écologique,French
constate exemple notion patrimoine naturel patrimoine culturel intimement liées observant patrimoine mondial unesco dresse liste site naturels culturels,French
convention 2007 unesco souligne interaction communautés humaines nature définition donnée patrimoine culturel immatériel voir aussi culture nature notion culture recouvre deux sen premier correspond idée civilisation,French
cette idée aussi ancienne histoire humanité trouvé nouvelle signification philosophie lumières,French
sen culture trait distinctif espèce humaine associé savoirs savoir faire,French
cette conception française culture plutôt individualiste,French
second sen allemand émergeant sou influence romantisme,French
culture configuration particulière croyances coutumières trait matériels organisation sociales totalité singulière sphère autonome incommensurables autres totalités,French
cette conception plus collective oppose conception française,French
mot choses michel foucault définit anthropologie comme étude rapport entre nature culture,French
globalement peut appréhender cette question distinguant anthropology matérialistes anthropology symbolistes,French
anthropology matérialistes intéressent fonctions structurantes vie matérielle,French
idée sou jacente nature déterminant base définie termes ethnocentrique comme moteur vie sociale,French
trouve anthropologie marxiste années 1970 france laquelle nature donnée brute peut être appropriée transformée environnement naturel précondition environnement économique,French
trouve aussi sociobiologie écologie culturelle entre lesquelles souligne certain parallèle puisque deux cause ultime comportements revient champ nature,French
tous ca anthropology matérialistes culture forme particulière adaptation nature partout élément déterminant conditionnant,French
anthropology symbolistes intéressent caractères symboliques vie sociale,French
elles mettent accent aptitude hommes créer monde signification intentionnalités dépendant déterminations brute nature,French
anthropologie structurale lévi strauss dit anthropologie discipline pense relation entre nature culture,French
dichotomie nature culture soulevée opposition nature culture suggère deux possibilités,French
culture donne sen nature culture impose signification nature,French
nature détermine rapport sociaux nature donne forme culture,French
dichotomie nature culture utilisée comme outil analytique partie dérivée claude lévi strauss,French
notamment utilisée comme opérateur central décoder mythology,French
celui reconnu pertinent ethnologues sociétés amérindiennes,French
mythologie retrace construction nature fond initial indifférenciation culturelle ainsi mythes amérindiens début animaux hommes apparence,French
chez lévi strauss opposition pertinente dire mythes façon mettre étiquette contrastes,French
écologie culturelle donne crédit illimité nature,French
anthropologie structurale propos oppose forme idéalisme aussi naturalisme naturalisme principe,French
lévi strauss jamais varié idée nature conditionne opérations intellectuelles nature devenant donc construction empirique,French
étude naturaliste doit permettre comprendre structure groupes culturels,French
intéresse lévi strauss rendre compte manière dont esprit opère contextes culturels géographiques distincts mythologiques,French
mythologie révèle forme épurée opérations esprit plus condamné mettre ordre peut jouer règles fonctionnement pensée,French
dichotomie nature culture spécificité culturelle occidentale développée europe partir renaissance puis occident moderne descartes darwin répandue monde entier temp accroissait influence politique culturelle commerciale occident grandes découvertes colonisation science occidentale partagée universellement,French
paradigme simplement outil analytique parmi autres aussi clef voûte épistémologie moderne,French
ainsi philippe descola delà nature culture 2005 distingue quatre mode identification totémisme animisme analogisme naturalisme,French
selon seule société naturaliste occidentale produit cette frontière entre soi autrui travers idée nature sen relève culture relève trait distinctifs espèce humaine savoirs savoir faire humains quatre définitions énumérées plus haut,French
usage comme outil analytique ethnologie parfois fécond,French
toutefois descola montré delà nature culture idée nature étrangère nombreuses sociétés,French
wikipédia écouter encyclopédie universelle multilingue créée jimmy wale larry sanger janvier 2001,French
agit œuvre libre dire chacun libre rediffuser,French
gérée wiki site web wikipedia org grâce logiciel mediawiki permet tous internautes écrire modifier article,French
devenue quelques années encyclopédie plus fournie plus consultée monde,French
organisation non lucratif américaine wikimedia foundation dépositaire marque wikipedia,French
finance hébergement web encyclopédie,French
anglais première langue utilisée wikipédia anglais compte plus six million article début 2020,French
wikipédia français ouverte mar 2001 compte peu plus deux million article année,French
wikipédia existe plus 300 langues apparence unie grandes variation contenus,French
mar 2000 jimmy wale met ligne web encyclopédie libre appelée nupedia,French
bénéficie cela soutien société bomis dont actionnaire majoritaire,French
larry sanger engagé cette société titre rédacteur chef,French
comme nupedia fonctionne comité scientifique progression nombre article très lente,French
janvier 2001 larry sanger discute programmeur ben kovitz explique concept wiki,French
frustration occasionnée lenteur progrès nupedia larry sanger propose jimmy wale créer wiki sou licence publique générale gnu afin accroître vitesse développement article aboutit lancement formel wikipédia janvier 2001,French
effet étymologiquement terme wikipédia mot valise issu fusion deux termes wiki type site web collaboratif après mot hawaïen wikiwiki signifie rapide référant fait encyclopédie toujours vocation améliorer rapidement être constamment active mode fonctionnement pédia dérivé mot grec παιδεία paideia instruction éducation,French
nouveau projet devait servir fournir contenu textuel selon méthode plus souple permettant ensuite éventuellement alimenter nupedia après passage filtre comité expert,French
version française wikipédia officiellement créée mar 2001,French
première version wikipédia langue autre anglais suivie version allemand catalan,French
partir moment larry sanger travaille parallèlement nupedia wikipédia,French
participe élaboration plupart règles fonctionnement cette dernière,French
février 2002 rétribution travail nupedia wikipédia supprimée budget alloué bomis conséquence quoi démissionne officiellement 1er mar 2002 fonctions deux projets,French
2003 progression nupedia stagne alors wikipédia développe très rapidement,French
septembre 2003 nupedia définitivement fermée contenu intégré wikipédia poursuit expansion,French
selon larry sanger nupedia échoué cause chaîne éditoriale trop lourde difficulté trouver rédacteurs bénévoles,French
juin 2003 wikimedia foundation créée financer soutien technique wikipédia,French
jimmy wale intervient fin 2005 article wikipedia wikipédia anglais retirer information selon laquelle larry sanger cofondateur puisque sanger toujours salarié,French
cet événement donne lieu nombreux article presse anglophone ainsi image humoristiques sujet,French
lors symposium international journalisme ligne jonathan dee new york time andrew lih mentionnent importance wikipédia non seulement comme encyclopédie référence aussi comme ressource actualités très fréquemment mise jour,French
attention cependant attirée nombreuses reprises problèmes éditoriaux interne encyclopédie,French
lorsque magazine time reconnu comme personnalité année 2006 reconnaissant accélération collaboration ligne interaction million utilisateurs monde cité wikipédia comme trois exemples service web youtube myspace,French
2015 fondation wikimedia héberge données wikipédias serveurs lance initiative durabilité afin réduire impact environnementaux activités réf,French
souhaitée,French
janvier 2021 occasion an existence wikipédia médias publient grand nombre article encyclopédie collaborative projet histoire,French
encyclopédie éditée site wikipedia org devenu quelques années plus consultés monde,French
serveurs hébergeant site financés fondation américaine wikimedia foundation,French
depuis lancement officiel wikipédia grande partie modifiable plupart lecteurs,French
mêmes principe fondateurs rédaction partagés différentes version linguistiques pratiques écriture convenues indépendamment internautes chacune elles,French
plusieurs autres moyens consulter encyclopédie internet jour tels site web miroirs appareil électronique dédié wikireader application smartphone,French
2012 février 2018 programme wikipedia zero permis diffusion gratuite encyclopédie projets annex pay sud,French
grâce partenariat opérateurs téléphonie mobile accès wikipédia téléphone portable décompté forfait,French
programme arrêté fait faible audience wikipedia pay concernés inadéquation nouveaux type appareils téléphoniques,French
recherche moyens technique économiques permettant rendre accessibles information wikipédia autres voies web liée projet diffusion plus large possible connaissances,French
projet distribution papier destiné particulier personnes moyens raccorder internet,French
réalisation version wikipédia anglais papier rom dvd initiée août 2003 jimmy wale,French
jusqu 2014 possible commander sélection article wikipédia appelée livres imprimée reliée laquelle fondation wikimédia percevait ventes brute ouvrages,French
courant 2015 artiste michael mandiberg imprima 106 473 volume correspondant version anglophone encyclopédie cadre projet intitulé print wikipedia,French
version allemande wikipédia vendue rom puis dvd partir deuxième semestre 2004 nombre 000 rom vendus franchi avril 2005,French
avril 2007 sélection environ 000 article version anglaise éditée rom société française linterweb,French
époque projet moulinwiki initié iesc geekcorps mali proposa version intégrale incluant tous article sans image réunis image disque 554,French
diffusion dvd sélection article wikipédia français fait objet projet équivalent projet anglophone abouti,French
projet diffusion document électroniques imprimables sujet donné cahiers wikipédia aussi abandonné,French
kiwix principaux logiciels libres permettant consulter wikipédia partir ordinateur personnel sou window mac gnu linux io android mode hors connexion,French
permet lira fichier format zim contenant importe quelle version linguistique wikipedia plupart projets annex wikiquote wikivoyage etc,French
textes illustration comprises taille fichier correspondant variant selon version linguistique utilisée,French
projet afripédia notamment fait usage logiciel campus universitaires afrique dont liaison internet disposait débit suffisant permettre consulter wikipédia ligne projet visait mise disposition ordinateurs plug équipés bornes copie locale wikipédia,French
kiwix également utilisé human right foundation corée nord version coréenne encyclopédie introduite contrebande dissident,French
depuis 2016 application mobile contenant corpus médical encyclopédie également fait apparition sou android toujours grâce kiwix sou nom wikimed,French
autre manière consulter wikipédia hors ligne utiliser dump sauvegardes disponibles ligne téléchargeables tout chacun,French
cependant particulièrement encombrants dépassant souvent plusieurs dizaines voire centaines gigaoctets nécessitent être utilisés certaine compétence technique,French
accès officiel wikipédia charge automatiquement plateformes iphone android webos opera mini netfront sony mobile playstation wii,French
contrairement contributeurs anonymes utilisateurs inscrits peuvent modifier article consulter liste suivi ajouter enlever article cette liste etc,French
bouton situé ba toutes page permet basculer version bureau version mobile réciproquement,French
existe également logiciels permettent transformer contenu wikipédia sou forme fichiers consultables assistant personnel comme webaroo plucker,French
appareil électronique wikireader permet également consultation hors ligne wikipédia 2012 cet appareil plus commercialisé france,French
wikipédia peut aussi être consultée grâce application android officielle disponible play store encore application iphone officielle disponible app store,French
wikipédia slogan projet encyclopédie librement distribuable chacun peut améliorer,French
projet décrit cofondateur jimmy wale comme effort créer distribuer encyclopédie libre meilleure qualité possible chaque personne planète propre langue,French
ainsi jimmy wale proposa comme objectif wikipédia puisse atteindre niveau qualité moins équivalent celui encyclopædia britannica,French
exemple collaboration massive non lucratif,French
revanche wikipédia présenter information inédites vise donc exposer connaissances déjà établies reconnues appuyant source secondaires qualité,French
wikipédia mot valise conçu partir wiki système gestion contenu site web permet écrire facilement page consultées pédia provient mot encyclopédie présent nombreuses langues comme anglais certaines graphies latines,French
contributeurs francophones ainsi ceux certaines autres version linguistiques utilisent aussi bien nom dactylographié logo wikipédia plupart autres communautés tenant écriture wikipedia,French
wikipédia réalisée collaborativement internet via réseau coopératif autoorganisé sans frontières linguistiques,French
système wiki wikipédia permet création modification immédiates page tous visiteurs sans inscription,French
wikipédia première encyclopédie généraliste ouvrir grâce système modification article tous internautes,French
aucun article considéré comme achevé wikipédia présente comme encyclopédie amélioration continue,French
constante surveillance modification également ouverte tous travers système wiki,French
aucun système hiérarchique validation aussi encyclopédie objet nombreuses incompréhensions critique quant qualité fiabilité contenu objet études fiabilité wikipédia anglais langue plus développée,French
projet veut universel traitant tous domaines connaissance compris culture populaire,French
veut aussi multilingue gratuit version ligne afin favoriser accès plus grand nombre connaissance,French
wikipédia disponible sou licence libre signifie chacun libre recopier modifier redistribuer gratuitement onéreusement,French
cette notion contenu libre découle celle logiciel libre formulée avant wikipédia free software foundation,French
jusqu 2009 contenu textuel wikipédia publié sou licence documentation libre gnu gfdl,French
partir 2009 principalement publié sou licence creative common paternité partage condition initiales identique gfdl devenant licence secondaire disponible sou certaines condition,French
modification apportées utilisateurs publiées sou deux licence import contenu uniquement sou licence creative common autorisé entraîne impossibilité réutiliser globalement page concernées sou licence gfdl,French
autres médias image son vidéos etc,French
disponibles sou diverses licence,French
toutes langues confondues centaines site web reprennent tout partie contenu wikipédia,French
chaque site héberge copie wikipédia propre politique éditoriale wikipédia contributeurs développé nombreuses règles recommandations viser qualité,French
contenu encyclopédique veut respectueux neutralité point vue définie jimmy wale comme fait décrire débat plutôt participer,French
tout contributeur article wikipédia doit efforcer jamais prendre parti discussion argumentée rapporte,French
neutralité point vue consiste présenter objectivement idées faits rapportés source extérieures vérifiables notoires indépendamment préjugés rédacteurs article,French
wikipédia règles écriture visent convenir personnes rationnelles celles toujours avis,French
politique neutralité wikipédia stipule article doivent évoquer toutes facettes question controversée déclarer insinuer autre point vue priori bon,French
neutralité point vue implique cependant représentation égalitaire toutes opinion wikipédia accordant plus place opinion plus largement acceptées,French
objectifs fonctionnement projet wikipédia inscrit série filiation culturelles revanche wikipédia assez éloignée encyclopédie dictionnaire raisonné science art métiers volonté présenter information neutres alors ouvrage conçu denis diderot jean rond alembert caractérisait contraire fort engagement contre obscurantisme,French
historien livre roger chartier souligne cependant wikipédia repose contribution multiple sorte société gen lettres invisibles tout observant diderot sûrement accepté simple juxtaposition article sans arbre connaissances ordre raisonné caractérise,French
succès wikipédia poussé communauté développer autres site reprenant mécanismes fonctionnement cette bibliothèque multimédia propose uniquement contenu libre publié sou licence libre domaine public états unis pay origine œuvre celui contributeur ajoutant site,French
cette banque données regroupe majeure partie schémas photo vidéos son libres servent illustrer article wikipédia différentes version linguistiques,French
créée septembre 2004 wikimedia common dispose plus trente million fichiers début 2016,French
politique licence libre obligé monde juridique prendre position droits auteur œuvres créées non humains lors controverse selfie macaque,French
wikimedia common collabore médiathèques afin diffuser plus largement leurs fonds image libres travers wikipédia notamment,French
décembre 2008 archive fédérales bundestag allemand ainsi téléchargé 000 image vers site puis avril bibliothèque land saxe fait 250 000 image novembre 2009 musée ethnographique amsterdam tropenmuseum téléchargé 000 image concernant indonésie,French
image dont beaucoup valeur historique servent ensuite illustration article wikipédia site web journaux ligne,French
type collaboration offre bibliothèques musées plus grande diffusion fonds image révision fonds internautes signalent erreurs comme description incorrectes confusion entre auteur homonymes permettent correction autorités biography succinctes identifiant auteur collection archive,French
wiktionary dictionnaire thésaurus créé décembre 2002 wikiquote recueil citation juin 2003 wikibooks annuaire livres électroniques destinés étudiants juillet 2003 wikisource recueil textes domaine public novembre 2003 wikinews site information décembre 2004 wikispecies répertoire vivant 2004 wikiversity communauté pédagogique créée 2006 wikivoyage guide touristique ligne octobre 2012,French
créé 2001 meta wiki wiki utilisé coordonner tous projets servir communication entre communautés linguistiques wikipédia celles projets frères wikimedia foundation,French
wikipédia organisée afin regrouper article rédigés langue forment version wikipédia cette langue,French
page wikipédia regroupées différents espaces noms tels principal discussion aide encore utilisateur,French
espace principal contient article encyclopédiques peuvent être rangés plusieurs catégories lesquelles peuvent être organisées selon hiérarchisation arborescente thématique exemple pay europe puis italie puis ville italie,French
page outre reliées unes autres hyperliens interne permettant lecteur déplacer travers encyclopédie,French
autres hyperliens permettent naviguer entre différentes version linguistiques conduire vers projets frères exemple fournir définition mot wiktionnaire galerie image wikimedia common,French
clic souris illustration wikipédia conduit page description fichier multimédia indiquant notamment nom auteur licence sou laquelle publié,French
hyperliens externes mènent source information ligne venant appui article,French
article proposent aussi souvent lien externes vers références documentation ligne permettant approfondir sujet,French
lien classés follow suivre robot indexation moteurs recherche afin décourager insertion lien publicitaire,French
afin assurer pérennité lien vers source internet archive réparé 2018 près million lien brisés,French
chaque page onglets permettent accéder fonctions modification intermédiaire éditeur visuel intermédiaire code source wikicode,French
historique permet lister auteur consulter modification successives article rédacteurs,French
modification identifiées adresse rédacteur pseudonyme préalablement identifié,French
chaque article rattachée page discussion permettant rédacteurs lecteurs discuter débattre rédaction article,French
différentes communautés linguistiques rédacteurs wikipédia élaboré règles convention principe guidant rédaction article propres,French
elles respectent toutes principe fondateurs encyclopédie passage cet article désuets annoncent événements désormais passés,French
améliorez discutez,French
pouvez également préciser section actualiser utilisant section actualiser,French
analysis statistiques menées chercheurs université carnegie mellon palo alto research center étudient état couverture thématique wikipédia anglais janvier 2008,French
répartition montre nette prédominance article culturels,French
pourcentages suivent ceux janvier 2008 variation entre parenthèses représentent évolution depuis juillet 2006,French
intervalle nombre page catégories plus doublé wikimedia foundation permet différentes version linguistiques wikipédia héberger directement contenu multimédia image vidéo carte plan son,French
incite néanmoins différentes communautés déplacer contenu libre vers plate forme multimédia commune ensemble 303 version linguistiques wikipédia wikimedia common,French
cependant nombreuses image celles dont statut vi vi droit auteur varie selon pay celles protégées copyright incompatibles téléversement sou licence ouverte acceptées,French
chaque version linguistique dotée critères spécifiques doctrine réglementant hébergement contenu non libre comme illustration protégées droit auteur publiées grâce exception présentes certaines législations,French
exemple wikipédia anglais adopté principe américain fair use usage raisonnable français contrairement wikipédia français,French
afin augmenter nombre image libres disponibles illustrer article concours photographique international wiki love earth propose prendre photo sujet patrimoine naturel puis téléverser répertoire wikimedia common,French
wikimédia common héberge plus million image,French
depuis création contenu encyclopédie wikipédia cessé grandir quantité proportion difficilement imaginables débuts,French
départ comparable autres encyclopédies existantes rapidement dépassées taille couverture,French
wikipédia site plus fréquentés monde plus 600 million visites quotidiennes,French
constitue plus grand plus populaire ouvrages références générales internet total 160 million page disponibles,French
ainsi fin 2009 wikipédia contenait déjà million article auxquels convenait ajouter document médiathèque wikimedia common contenant million fichiers,French
document chaque mois consultés 346 million visiteurs uniques,French
dessin dessous illustre cette volumétrie,French
2015 image volumétrie 2009 reprenant étude menée jacopo farina collègues réalisée aide logiciel minecraft,French
wikipédia projet multilingue composé près 300 projets linguistiques distincts,French
chaque version linguistique gérée communautés bénévoles différentes bénéficie certaine autonomie fonctionnement,French
règles édition peuvent exemple varier version linguistique autre,French
total ensemble version linguistiques représente milliard modification dizaines million page encyclopédiques construites centaines milliers contributeurs,French
liste wikipédias actualisée régulièrement disponible site méta wiki,French
certaines éditions wikipédia telles éditions cebuano waray waray nombre article très élevé malgré nombre limité utilisateurs raison utilisation logiciel robot générer article,French
existe également classement qualitatif fondé existence taille article liste arbitraire environ 000 article toute édition wikipédia devrait avoir,French
projet wikipédia limite langues vivantes comptant très grand nombre locuteurs officielles attachées pay,French
effet version encyclopédie wikipédia rédigées langues corse occitane bretonne picarde basque catalane latine espéranto anglais simplifié,French
sept version linguistiques encyclopédie recourent orthographe typographie wikipédia accent aigu désigner encyclopédie trois éditions wikipédia plus consultées 2010 après site alexa internet version anglais trafic version japonais trafic version allemand trafic,French
depuis juillet 2020 abstract wikipedia projet fondation wikimedia vise créer version indépendante langue wikipédia utilisant données structurées provenant wikidata,French
tout lecteur wikipédia rédacteur correcteur potentiel,French
fin 2008 sondage effectué wikimedia foundation unu merit,French
environ 130 000 lecteurs contributeurs wikipédia répondu principalement langues anglaise allemande espagnole,French
moyenne âge sondés environ an,French
fois résultats lissés environ entre déclaraient seulement lecteurs contributeurs,French
parmi contributeurs entre fait études supérieures obtenu master plus,French
contributeurs passent moyenne heures semaine wikipédia leurs motivation principales partager savoir corriger erreurs,French
certains comptes utilisateurs utilisés logiciels dit robot bot programmés assurer maintenance article exemple corriger erreurs commune orthographe mise forme lutter contre vandalismes encore certaines éditions wikipédia créer nombreux nouveaux article,French
2014 robot effectué près ensemble contribution,French
arrive mener guerres édition entre parfois pendant plusieurs années,French
rédacteurs répartissent généralement communauté linguistique concentrée rédaction version wikipédia correspondante interviennent aussi souvent ponctuellement version wikipédia autres langues projets frères wikimedia foundation,French
depuis 2008 comptes enregistrés peuvent être unifiés seul compte sert ainsi identifier utilisateur tous projets wikimedia foundation,French
parmi contributeurs toujours plus hommes femmes,French
2010 étude réalisée partir enquête auprès contributeurs contributrices travaux antérieurs genre expérience internet compétences contribuer suggère ceci partie fait hommes manière générale plus développé certaines compétences utiles internet contribuer type projet,French
contributeur classé actif tant fait moins cinq modification mois,French
depuis 2007 nombre contributeurs actifs ensemble version linguistiques wikipédia presque divisé deux,French
rédacteur peut être identifié adresse pseudonyme enregistré site,French
plus million éditeurs créé compte 300 000 considérés comme actifs,French
wikipédia comptes utilisateurs disposent différents statuts technique gérés logiciel mediawiki contrôlant action permises,French
critères acquérir statut façon servir capacités fournies fixés indépendamment chaque communauté,French
parmi statuts principaux wikimedia foundation fournit statistiques mensuelles site,French
trouve notamment somme nombres contributeurs fait moins 100 modification ensemble éditions trouve également somme nombres contributeurs fait moins modification ensemble éditions trouve également nombre page vues ensemble éditions modification apportées article font objet plusieurs niveaux surveillance posteriori permettent corriger erreurs plus évidentes,French
selon figaro cofondateur wikipédia jimmy wale affirme ainsi général correction erreur information fallacieuse lieu quelques heures voire quelques minute,French
étude université minnesota affirme jusqu 2006 deux million modification problématiques réparées temp rend peu probable lecture visiteur alors environ vandalismes détectés persistaient après avoir vus cent fois,French
manière grande majorité vandalismes détectés corrigés après révisions plus,French
2009 dominique cardon julien levrel attribuent partie réussite mode correction processus amélioration continue wikipédia gouvernance fondée vigilance participative,French
premier niveau tous changements accessibles temp réel page récapitulant modification récentes,French
flux scruté permanence volontaires ainsi quelques automates,French
vandalismes plus évidents écrasements page entières message insulte graffiti généralement détectés stade corrigés secondes minute suivent retour version précédente,French
premier niveau contrôle porte essentiellement forme,French
surveillants volontaires peuvent également corriger problèmes évidents orthographe style éventuellement effectuer contrôle cohérence rapide ajout particulièrement suspect,French
2006 vandalismes détectés facilement humains modification dénuées sen offensantes encore suppression massif certaines catégories modification semblaient plus délicates repérer désinformation suppression partielle spam autres,French
deuxième niveau contrôle consiste rédacteur inscrit examiner liste suivi liste page marquées surveiller modification apportées récemment,French
cet examen permet détecter corriger assez rapidement principaux problèmes fond erreurs manifestes ajouts hors sujet manque objectivité neutralité formulation,French
coauteurs article peuvent ainsi contrôler manière plus approfondie ajouts suspect nécessaire appuyant source référence,French
quand deux premier niveaux contrôle conduisent correction correcteur volontaire peut examiner ensuite ensemble ajouts effectués contributeur peut permettre rattraper modification échappé deux premier niveaux contrôle,French
quand apparaît contributeur problème trop souvent contribution négative wikipédia peut faire interdire écriture toute encyclopédie administrateurs élus parmi contributeurs pouvoir supprimer protéger page bloquer exclure contributeur suite décision comité arbitrage aussi composé membres choisis communauté,French
erreurs échappent premier niveaux contrôle erreurs peu évidentes portent article marginaux faible avancement peu surveillés,French
erreurs peuvent rester mois voire années article restent autant plus longtemps article peu peu modifié,French
elles peuvent être corrigées spontanément lecteur,French
plus faveur nouvelle modification article repasse contrôles précédents correcteurs volontaires peuvent décider cette occasion relire intégralité corriger éventuelles erreurs anciennes,French
dernier niveau contrôle collectif formé projets amélioration article rattachés thème donné organisé autour portail,French
cadre article relus complétés corrigés volontaires passionnés thème,French
article bénéficient relectures initialement corrigés continuent généralement être suivis équipe portail réf,French
nécessaire chaque communauté établit aussi procédures labelliser article fonction critères spécifiques processus conduit exemple deux catégories article bon article good article wikipédia anglais article qualité featured article wikipédia anglais,French
autres procédures développées testées différentes communautés langue comme projet wikitrust filtres automatiques contrôlant texte proposé publication version travail nécessitant relecture avant être incorporés version publiée flagged revision réf,French
souhaitée,French
étude menée chercheurs université carnegie mellon palo alto research center année 2008 intéresse également contribution différents thèmes encyclopédie conflits décomptant nombre annulations modification ramené taille catégorie correspondant thème annulations modification plus nombreuses certains article dont ensemble partie contenu trouve particulièrement controversé,French
étude montre article diffèrent selon langues encyclopédie,French
encyclopédie wikipédia français dix article plus controversés selon critère annulations fin mar 2010 suivants statut wikipédia tant source référence sujet controverses particulier cause système rédaction ouvert tous,French
audience grandissante wikipédia conduit grand nombre personnes formuler avis critique fiabilité information présentées cette encyclopédie,French
critique récurrentes page spéciale wikipédia consacrée réponses participant wikipédia objection plus fréquentes,French
principales critique portent critique wikipédia accusent incohérences partialité systémique forme anti élitisme avoir politique favorisant trop consensus processus éditorial,French
fiabilité précision wikipédia aussi question débattues,French
autres critique portent essentiellement sensibilité vandalisme ajout fausses information bien travaux suggéré vandalisme généralement courte durée,French
autres critique révèlent plutôt positive,French
ainsi juin 2009 philosophe français bernard stiegler estime wikipédia passage obligé tout utilisateur internet exemple frappant économie contribution encyclopédie conçu système intelligence collective réseau,French
études menées qualité contenu proposée wikipédia comparaisons effectuées autres encyclopédies,French
évaluations fournissent généralement conclusion positive wikipédia résultats font aussi objet critique,French
traitement inégalitaire hommes femmes tant nombre article qualité neutralité contenu présentation femmes plus péjorative fait objet analysis convergentes,French
toutefois études concluent fait savoir biais provient contributeurs mêmes source disponibles,French
2017 journée internationale droits femmes mar nombreuses initiative améliorer nombre article consacrés personnalités féminines,French
octobre 2018 lors attribution nobel physique donna strickland absence wikipédia fait réagir suscite certaines critique représentativité femmes encyclopédie tout pointant doigt responsabilité médias universitaires préalablement donné couverture significative durable cette chercheuse,French
critique souvent formulée communauté transgenre transphobie communauté anglophone wikipédia,French
refus utilisation source primaires peut notamment mener utiliser deadnames respecter identité genre personne relève transphobie,French
version wikipedia anglais dispose convention style propos identité genre préconisent article doit utiliser identité genre exprimée sujet article source plus récente,French
toutefois souligner magazine marianne rappelle quelques heures ellen remplacé elliot titre article fiche wikipédia elliot page,French
wikimedia foundation fait part inquiétude quant départ personnes contribuant wikipédia raison harcèlement lié identité genre,French
conséquent wikipedia adopte code conduite lutter contre harcèlement suite problèmes comportementaux certains éditeurs fils discussion tournent pugilat voire harcèlement membre communauté encontre autres notamment encontre femmes personnes communauté lgbt etc,French
jusqu conseil administration vienne suspendre administrateur pendant encontre tradition communauté règle généralement problèmes manière collégiale,French
wikipédia projets parallèles wikis libres,French
premier wiki créé 1995 ward cunningham appelle wikiwikiweb,French
wiki site web dynamique dont visiteurs autorisés peuvent modifier page lisent navigateur web,French
wikipédia exemple syntaxe utilisée modifier page beaucoup plus simple celle hypertext markup language censée permettre apprentissage rapide,French
fonctionnement wikipédia assuré logiciel libre mediawiki plate forme wiki adaptée wikipédia écrite php utilisant base données mysql,French
mediawiki sou licence gnu gpl 2010 utilisé tous projets wikimedia ainsi nombreux autres site wikis,French
origine wikipédia utilisait logiciel usemodwiki développé clifford adam perl requérant usage camel case création lien entre article,French
partir janvier 2002 version anglais wikipédia utilise logiciel développé magnus manske écrit php version autres langues restées sou logiciel usemodwiki,French
partir 2002 tous site progressivement migrés vers mediawiki,French
information contenues wikipédia toutes langues confondues conservées base données peuvent être téléchargées,French
succès croissant wikipédia nécessite emploi grand nombre serveurs informatiques fonctionnent tous système exploitation gnu linux principalement ubuntu,French
installation présentes tampa floride amsterdam pay ba site sud coréen hébergement yahoo,French
accueille serveurs,French
wikimedia foundation,French
serveurs organisés trois couch plusieurs site web comme ganglion permettent consulter diverses information fonctionnement serveurs notamment charge processeurs mémoire occupée description précise architecture serveurs difficile car change très fréquemment raison améliorations régulièrement apportées répondre très fort trafic engendré consultation wikipédia,French
cet aspect wikipédia géré personnel technique wikimedia foundation,French
wikimedia foundation possède différentes marque wikipedia wikimedia serveurs site web agit comme hébergeur web,French
association nationales promouvoir wikipédia libre partage connaissances existent plusieurs pay,French
elles reprennent généralement intitulé wikimedia wikimédia belgique wikimédia france wikimédia suisse etc,French
association reconnues comme association locale wikimedia foundation juridiquement liées aucune responsabilité contenu wikipédia,French
elles généralement désignées comme chapter chapitre pay donné,French
association type présentes angleterre allemagne argentine australie autriche france hong kong israël italie pay ba pologne république tchèque russie serbie suède suisse taïwan,French
différentes communautés linguistiques wikimedia foundation accordent publier wikipédia projets frères sans recourir financement publicitaire réf,French
nécessaire,French
soutenue uniquement don lecteurs mécènes fondations wikimedia foundation emploie trentaine personnes septembre 2014 213 noms constituent équipe wikimédia principalement techniciens gérant serveurs hébergeant différents site,French
année fiscale 2007 2008 reçu million dollar don,French
selon comscore wikipédia acquis influence mondiale,French
selon comscore alexa internet wikipédia figure depuis 2007 parmi dix site plus visités monde seul site non commercial,French
croissance wikipédia favorisée classement résultats recherche google environ trafic moteurs recherche vers wikipédia provenant google dont grande partie liée recherche universitaire,French
avril 2007 pew internet american life project constaté tier internautes américains consultaient wikipédia,French
octobre 2006 site estimé valeur marché hypothétique 580 million dollar américains publicités,French
juillet 2007 wikipédia fait objet documentaire minute bbc radio affirmait wikipédia devenu terme connu tout monde titre google facebook youtube,French
cinéaste néerlandais ijsbrand van veelen créé documentaire télévisé minute avril 2008 truth according wikipedia,French
pay pauvres livre rare abonnement internet hors prix wikipédia massivement utilisé étudiants ainsi comme produit appel opérateurs,French
communiqué presse novembre 2009 wikimedia foundation annonce recevoir plus 320 million visiteurs mois wikipédia projets frères après comscore medium metrix,French
nombreux projets encyclopédie existent déjà existé internet,French
certains tels stanford encyclopedia philosophy défunte nupedia adopté politique éditoriale traditionnelle exemple seul auteur article,French
forte fréquentation wikipédia combinée critique principe fonctionnement également poussé développement projets concurrents,French
citizendium exemple encyclopédie ligne anglais dirigée larry sanger publiée sou licence libre,French
distingue notamment obligation rédacteurs indiquer nom préciser leurs diplômes,French
décembre 2009 citizendium propose 790 article dont 121 approuvés système sélection,French
titre comparaison date wikipédia anglais propose 116 306 article dont 710 présentés comme article qualité featured article,French
exemple wikipédia aussi suscité création projets plus spécialisés comme encyclopédie thématique memory alpha consacrée univers star trek site parodique désencyclopédie,French
également inspirée wikipédia wikimini vikidia offrent dessein pédagogique nouveaux wikis proposant enfants adolescent construire propre encyclopédie ligne,French
autres tels susning enciclopedia libre universal español wikis lesquels article écrits diver collaborateurs sans processus formel révision,French
conservapedia encyclopédie collaborative ligne anglais conservatrice créationniste construite réaction neutralité point vue wikipédia anglais jugée trop gauchiste liberal sen américain terme,French
projet wikipédia aussi influencé création encyclopédie extrême droite dit encyclopédie alternative metapedia créée octobre 2006 suédois puis pendant slave wikislavia,French
metapedia existe suédois anglais hongrois espagnol français slovaque portugais tchèque roumain allemand estonien norvégien croate danois néerlandais grec,French
wikislavia existe russe langue appelée sibérien tchakavien croate kaïkavien croate russe latinisé cosaque panslavon moldave,French
réf,French
nécessaire ukrainien,French
influencées positionnement wikipédia internet éditions larousse ouvert mai 2008 encyclopédie ligne accès public gratuit développé espace consacré article rédigés internautes,French
encyclopædia universalis propose aussi version consultable ligne modèle payant abonnement reposant érudition auteur assumant parti pris éclairé rédaction article,French
octobre 2009 comparatif magazine clubic portant six encyclopédies ligne francophones concluait prédominance wikipédia exhaustivité actualisation information universalis pertinence,French
encyclopédie larousse perçue comme compromis viable cumulant aussi défauts deux autres modèles,French
chine moteur recherche baidu ouvert encyclopédie ligne baidu baike avril 2006,French
contenu million article juillet 2009 rédigé internautes sinophones cèdent leurs droits auteur baidu,French
baike com autre encyclopédie ligne chinois reposant technologie wiki contient septembre 2009 million article placés sou copyright,French
systèmes contrôle assurent deux site information jugées inappropriées gouvernement république populaire chine publiées,French
titre comparaison wikipédia chinois contient 270 000 article septembre 2009 site web fréquemment bloqué chine notamment parce présentait article sujets sensibles comme manifestation place tian anmen falun gong dalaï lama réf,French
nécessaire wikipédia devenue sujet actualité débat satire nombreux pay,French
certaines source médiatiques font satire insistant manque fiabilité wikipédia comme journal satirique onion,French
autres critiquent fait tout monde peut modifier wikipédia comme épisode série télévisée office michael scott déclare wikipédia meilleure chose tous temp,French
importe monde peut écrire importe quoi importe quel sujet,French
émissions radiophoniques télévisées comme colbert report plusieurs fois incité téléspectateurs modifier page wikipédia parfois inclure information volontairement erronées fantaisistes,French
inversement illustration protestataire wikipédien xkcd amuse obsession wikipédiens fournir source toutes affirmation dénonce démagogie politiques foule assistant discours politique individu brandit pancarte mettant doute assertion homme politique demandant référence,French
nombreux site internet comme blog site officiels journalistiques peuvent proposer lien complémentaires vers article wikipédia approfondir sujet,French
2015 puis 2017 londonien sert base wikipédia façon ludique faire voyager virtuellement internautes,French
2017 compositeur biélorusse ale tsurko réalise album partir article wikipédia,French
wikipédia travail collaboratif produit rapidement devenus objet études part chercheurs dont partie réunie réseau dit wikimedia research network travaille wikimedia foundation association locale,French
contenu wikipédia sert références plusieurs article littérature médicale professionnelle,French
cette tendance bien minoritaire semble 2014 augmentation depuis 2010,French
plupart citation appuie définition description,French
cette situation limitée journaux faible facteur impact,French
suivi consultation article wikipédia états unis pourrait refléter situation épidémique américaine malady telles grippe,French
2017 archive cantonales canton vaud suisse étudient utilisation vecteur wikipédia mettre valeur vulgariser travaux historiens,French
certaines réutilisations jugées inappropriées,French
états unis deux jugements cassés appel parce partis présenté contenu encyclopédie wikipédia soutenir information contenu article jugé trop volatil servir référence sans prévaloir exactitude non information présentée,French
wikipédia aussi utilisée comme source article presse provoquant polémiques lorsqu information erronée non supportée note référence indiquant source reprise sans vérification journalistes,French
plusieurs journalistes licenciés plagiat wikipédia,French
2007 washington post déclare wikipédia devenue point central campagne électorale 2008 états unis précisant tapez nom candidat google premier résultats page wikipédia rend entrées peut être aussi importantes publicités définir candidat,French
entrées présidentielles déjà modifiées disséquées débattues nombreuses fois chaque jour,French
article octobre 2007 agence presse reuters indiquait avoir article wikipédia commençait prouver notoriété personne,French
lors campagne électorale présidentielle française 2017 europe analyse poids chaque candidat wikipédia volume article post discussion etc,French
médias ensuite relevé engouement wikipédiens créer 300 article consécutifs élections législatives,French
suite élection nombreux nouveaux députés élus première fois assemblée nationale wikipédiens souvent créer nihilo nouveaux article nouveaux parlementaires,French
parisien rapporte seuls 309 députés élus marche,French
page wikipédia avant premier tour législatives,French
selon ob lors création article personnalités tentatives censure enregistrées article concernant alain péréa buon tan émilie guerel didier martin fait objet intervention visiblement partisanes,French
volonté wikipédia diffuser contenu libre compris nombre illustration petite influence italie débat parlementaire relatif libertés protection droit auteur,French
septembre 2007 homme politique italien franco grillini soulevé question parlementaire adressée ministre ressources culturelles activités nécessité introduire législation italienne liberté panorama telle existe autres pay européens,French
affirmé absence cette liberté forçait wikipédia septième site plus consulté interdire toutes image bâtiments modernes art moderne italien déclaré très handicapant recettes touristiques,French
contenu figurant wikipédia également cité comme source référence certains rapport communauté renseignement états unis,French
mar 2015 union américaine libertés civiles aclu déposé plainte nom amnesty international états unis human right watch hrw sept autres organisation non gouvernementales médiatiques juridiques dont fondation wikimedia encontre national security agency nsa accusant avoir dépassé autorité congrès confère,French
plainte argue droits constitutionnels plaignants violés particulier premier amendement protège liberté parole presse quatrième amendement interdit fouilles saisies sans raison,French
lila tretikov directrice fondation wikimedia déclare alors wikipedia fondé liberté expression enquête information,French
violant vie privée usagers nsa menace liberté intellectuelle centrale capacité créer comprendre connaissances,French
juin 2015 wikimedia foundation annonce utilisation protocole communication chiffré http tout trafic wikimedia optique contrer surveillance globale exercée nsa profite particulier insuffisances protocole communication http matière sécurité,French
aujourd hui heureux annoncer train mettre œuvre protocole http chiffrer tout trafic wikimedia,French
allons aussi utiliser mécanisme http strict transport security hsts afin prémunir contre effort visant casser trafic http intercepter ensuite trafic annonce fondation via blog poursuit dénonçant surveillance internet monde surveillance masse devenue menace sérieuse liberté intellectuelle connexion sécurisées devenues essentielles protéger utilisateurs tout autour monde,French
utilisation protocole http étendra donc wikipédia projets frères afin garantir maximum sécurité utilisateurs,French
turquie bloque accès wikipédia avril 2017 raison présence article évoquant possible collaboration entre gouvernement turc organisation jihadistes active syrie,French
décembre 2019 saisie fondation wikimédia cour constitutionnelle pay juge blocage wikipédia constitue violation liberté expression,French
blocage levé janvier 2020 jour publication arrêt complet cour journal officiel 991 jours après début blocage,French
turquie seul pay chine toutes éditions wikipédia bloquées,French
chine bloque accès wikipédia toutes langues avril 2019 cadre censure internet pay,French
mai 2017 étude berkman klein center internet society relève contrairement certaines craintes exprimées lors débats nourris passage chiffrement http 2015 changement contribué faire baisser censure wikipédia monde,French
http empêchant censeurs voir quelle page internautes consultent risque états comme russie royaume uni bloquaient accès certaines page site uniquement décident censurer intégralité site,French
contenu wikipédia utilisé site web devoir scolaires études universitaires livres conférences affaire judiciaires,French
développement numérique amené changements initiative monde enseignement notamment émergence démarches collaboratives,French
certains enseignants comme lionel barbe université paris nanterre proposent leurs étudiants atelier collaboratifs notamment wikiversité,French
cette plate forme permet guider étudiants leurs travaux leurs contribution page wikipédia selon sujets choisis,French
démarche universitaire intéresse plus plus monde enseignement notamment cours mobilisent utilisation outils propres tic technology information communication,French
rapport conseil national numérique bâtir école créative juste monde numérique propose réflexion manière inclure culture numérique vie tous citoyens formation apprentissage,French
wikipédia cité tant modèle socio technique individus peuvent échanger autres travers système partage connaissances,French
pouvoirs public commencent soutenir modèle enseignement partenariats tels celui ministère culture donnent lieu institutionnalisation progressive wikipédia,French
autres initiative aussi menées afin développer culture collaborative enseignement,French
wikipedia education program permet nombreux étudiants universités américaines canadiennes contribuer cadre précis,French
continuité modèle web enseignement tend développer lien plus savoir pur professeur devenu davantage passeur encourage élèves acquérir mêmes base savoirs,French
passe alors diffusion connaissance horizontale plutôt verticale laissant étudiants occasion être proactifs,French
historien science alexandre moatti parle numérique comme nouveau mode communication lequel wikipédia offre terrain recherche adéquat passer concept autre langue autre,French
2015 étude usage wikipédia enseignement français montre utilisation accrue encyclopédie participative tant ressource enseignants élèves,French
lors forum numérique éducatif organisé enseignants locaux insa blois intervenant rappelé pertinence wikipédia longue échéance établissements scolaires particulier vue montrer élèves comment construit savoir,French
ensemble prix décernés wikipédia peut être wikipédia meta page trophy shelf,French
wikipédia reçu deux prix mai 2004,French
premier golden nica communautés numériques remis ar electronica somme 000 invitation présenter pae cyberart festival autriche plus tard année,French
deuxième webby award catégorie communauté remis international academy digital art science basée new york,French
wikipédia également proposée webby award catégorie meilleures pratiques,French
septembre 2004 version japonaise wikipédia reçu web creation award part association publicitaires japonais,French
cette récompense normalement donnée personnes réelles grandes contribution web japonais acceptée contributeur longue date wikipedia japonais,French
janvier 2007 wikipédia aussi nommée quatrième meilleure marque lecteurs brandchannel recevant voix réponse question quelle marque plus impact vies 2006,French
septembre 2008 wikipédia reçu prix quadriga 2008 également attribué boris tadić eckart höfling peter gabriel,French
prix décerné jimmy wale david weinberger,French
2009 webby award classent création wikipédia 2001 comme moment plus importants vie web dix dernières années,French
janvier 2013 astéroïde 274301 wikipédia nommé honneur encyclopédie,French
2015 wikipédia reçoit prix érasme doté 150 000 euro apport particulier diffusion connaissances,French
wikipédia reçoit prix princesse asturies coopération internationale juin 2015,French
2019 espèce viola wikipedia nommée honneur encyclopédie,French
wikipédia financée don internautes consultant encyclopédie,French
wikipedia organise collecte fonds annuelle annoncée bandeau présents chaque page sou forme appels jimmy wale diver contributeurs,French
bien fonds reçus chaque année plus élevés année précédente suffisent forcément équilibrer budget wikimedia foundation héberge wikipédia selon rapport financier,French
argent nécessaire budget comblé don diverses institution entreprises ceux reçus particuliers reste année,French
google puis amazon exploitent contenu encyclopédie deux premier géants web respectivement 2017 2018 apporter wikipédia chaque fois montant million dollar,French
contrairement grand nombre site wikipedia refuse afficher publicité financer fonctionnement,French
selon certaines méthodes évaluation 2013 coût remplacement wikipedia pourrait être estimé milliard dollar 630 million dollar frais mise jour bénéfice wikipédia utilisateur estimé centaines milliard dollar,French
utilisation informatique contribue augmentation énergie grise consultation modification concourent consommation directe énergie,French
2018 serveurs wikimedia foundation hébergent données différentes wikipédias alimentés source énergie renouvelables hauteur envoyé atmosphère kilotonne co2,French
cela équivaut émissions 000 voitures parcourant 000 raison 120 émissions co2,French
suite accord paris climat 2015 fondation wikimedia décidé lancer initiative durabilité sustainability initiative réduire impact environnementaux activités,French
fondation wikimedia aussi décidé réaliser chaque année étude impact environnementaux,French
autres projets wikimedia modifier modifier code modifier wikidata apprentissage automatique anglais machine learning litt,French
apprentissage machine apprentissage artificiel apprentissage statistique champ étude intelligence artificielle fonde approches mathématiques statistiques donner ordinateurs capacité apprendre partir données dire améliorer leurs performance résoudre tâches sans être explicitement programmés chacune,French
plus largement concerne conception analyse optimisation développement implémentation telles méthodes,French
apprentissage automatique comporte généralement deux phase,French
première consiste estimer modèle partir données appelées observation disponibles nombre fini lors phase conception système,French
estimation modèle consiste résoudre tâche pratique telle traduire discours estimer densité probabilité reconnaître présence chat photographie participer conduite véhicule autonome,French
cette phase dite apprentissage entraînement généralement réalisée préalablement utilisation pratique modèle,French
seconde phase correspond mise production modèle déterminé nouvelles données peuvent alors être soumises afin obtenir résultat correspondant tâche souhaitée,French
pratique certains systèmes peuvent poursuivre apprentissage fois production peu moyen obtenir retour qualité résultats produits,French
selon information disponibles durant phase apprentissage apprentissage qualifié différentes manières,French
données étiquetées dire réponse tâche connue données agit apprentissage supervisé,French
parle classification classement étiquettes discrètes régression elles continues,French
modèle appris manière incrémentale fonction récompense reçue programme chacune action entreprises parle apprentissage renforcement,French
ca plus général sans étiquette cherche déterminer structure sou jacente données peuvent être densité probabilité agit alors apprentissage non supervisé,French
apprentissage automatique peut être appliqué différents type données tels graphes arbres courbes plus simplement vecteurs caractéristiques peuvent être continues discrètes,French
depuis antiquité sujet machine pensantes préoccupe esprit,French
concept base pensées deviendra ensuite intelligence artificielle ainsi sou branch apprentissage automatique,French
concrétisation cette idée principalement due alan turing mathématicien cryptologue britannique concept machine universelle 1936 base ordinateurs aujourd hui,French
continuera poser base apprentissage automatique article ordinateur intelligence 1950 lequel développe entre autres test turing,French
1943 neurophysiologiste warren mcculloch mathématicien walter pitt publient article décrivant fonctionnement neurones représentant aide circuit électriques,French
cette représentation base théorique réseaux neuronaux,French
arthur samuel informaticien américain pionnier secteur intelligence artificielle premier faire usage expression machine learning français apprentissage automatique 1959 suite création programme ibm 1952,French
programme jouait jeu dame améliorait jouant,French
terme parvint battre meilleur joueur états unis,French
avancée majeure secteur intelligence machine succès ordinateur développé ibm deep blue premier vaincre champion mondial échecs garry kasparov 1997,French
projet deep blue inspirera nombre autres cadre intelligence artificielle particulièrement autre grand défi ibm watson ordinateur dont gagner jeu jeopardy,French
atteint 2011 quand watson gagne jeopardy,French
répondant question traitement langage naturel,French
durant années suivantes application apprentissage automatique médiatisées succèdent bien plus rapidement auparavant,French
2012 réseau neuronal développé google parvient reconnaître visage humains ainsi chat vidéos youtube,French
2014 an après prédiction alan turing dialogueur eugene goostman premier réussir test turing parvenant convaincre juges humains bout cinq minute conversation non ordinateur garçon ukrainien an,French
2015 nouvelle étape importante atteinte lorsque ordinateur alphago google gagne contre meilleurs joueurs jeu jeu plateau considéré comme plus dur monde,French
2016 système intelligence artificielle base apprentissage automatique nommé lipnet parvient lira lèvres grand taux succès,French
algorithmes utilisés permettent certaine mesure système piloté ordinateur robot éventuellement assisté ordinateur adapter analysis comportements réponse fondant analyse données empiriques provenant base données capteurs,French
difficulté réside fait ensemble tous comportements possible compte tenu toutes entrées possible devient rapidement trop complexe décrire parle explosion combinatoire,French
confie donc programme soin ajuster modèle simplifier cette complexité utiliser manière opérationnelle,French
idéalement apprentissage visera être non supervisé dire nature données entrainement connue,French
programme selon degré perfectionnement intègrent éventuellement capacités traitement probabiliste données analyse données issue capteurs reconnaissance reconnaissance vocale forme écriture fouille données informatique théorique apprentissage automatique utilisé doter ordinateurs machine systèmes perception environnement vision reconnaissance objets tels visage schémas langages naturels caractères manuscrits formes moteurs recherche aide diagnostics médical notamment bio informatique chémoinformatique interface cerveau machine détection fraudes carte crédit cybersécurité analyse financière dont analyse marché boursier classification séquences adn jeu génie logiciel adaptation site web locomotion robot analyse prédictive matière juridique judiciaire exemples algorithmes apprentissage peuvent catégoriser selon mode apprentissage emploient domaine méthodes souvent combinées obtenir diverses variantes apprentissage,French
utilisation tel tel algorithme dépend fortement tâche résoudre classification estimation valeurs,French
apprentissage automatique utilisé large spectre application exemple qualité apprentissage analyse dépendent besoin amont priori compétence opérateur préparer analyse,French
dépend aussi complexité modèle spécifique généraliste adéquation adaptation sujet traiter,French
fine qualité travail dépendra aussi mode mise évidence visuelle résultats utilisateur final résultat pertinent pourrait être caché schéma trop complexe mal mi évidence représentation graphique inappropriée,French
avant cela qualité travail dépendra facteurs initiaux contraignants liées base données apprentissage automatique résume ensemble algorithmes suit succession étapes,French
apprentissage automatique demande grandes quantités données fonctionner correctement,French
peut avérer difficile contrôler intégrité jeux données notamment ca données générées réseaux sociaux,French
qualité décisions prises algorithme dépend non seulement qualité donc homogénéité fiabilité etc,French
données utilisées entrainement surtout quantité,French
donc jeu données sociales collecté sans attention particulière représentation minorités statistiquement injuste vi vi celles,French
effet capacité prendre bonnes décisions dépend taille données celle proportionnellement inférieure minorités,French
distingue actuellement cause corrélation construction mathématique incapable delà cadre imposé données donc capacité extrapolation,French
exemple apprend algorithme retourner chiffre donne application identité entraînant uniquement nombres incapable correctement répondre,French
donc incapable extrapoler,French
utilisation algorithmes apprentissage automatique demande donc avoir conscience cadre données utilisé apprentissage lors utilisation,French
donc prétentieux attribuer vertu trop grandes algorithmes apprentissage automatique,French
voiture autonome paraît réalisable grâce apprentissage automatique énormes quantités données générées flotte automobile plus plus connectée,French
contrairement algorithmes classiques suivent ensemble règles prédéterminées apprentissage automatique apprend propres règles,French
principaux innovateurs domaine insistent fait progrès provient automatisation processus,French
ceci présente défaut processus apprentissage automatique devient privatisé obscur,French
privatisé car algorithmes constituent gigantesques opportunités économiques obscurs car compréhension passe derrière optimisation,French
cette évolution peut potentiellement nuire confiance public envers apprentissage automatique surtout potentiel long terme technique très prometteuses,French
voiture autonome présente cadre test confronter apprentissage automatique société,French
effet seulement algorithme forme circulation routière règles aussi inverse,French
principe responsabilité remis cause apprentissage automatique car algorithme plus écrit apprend développe sorte intuition numérique,French
créateurs algorithmes plus mesure comprendre décisions prises leurs algorithmes ceci construction mathématique algorithme apprentissage automatique,French
ca voitures autonomes question responsabilité ca accident pose,French
société doit apporter réponse cette question différentes approches possible,French
états unis existe tendance juger technologie qualité résultat produit alors europe principe précaution appliqué plus tendance juger nouvelle technologie rapport précédentes évaluant différences rapport déjà connu,French
processus évaluation risques cours europe états unis,French
question responsabilité autant plus compliquée priorité chez concepteurs réside conception algorithme optimal non comprendre,French
interprétabilité algorithmes nécessaire comprendre décisions notamment lorsque décisions impact profond vie individus,French
cette notion interprétabilité dire capacité comprendre pourquoi comment algorithme agit aussi sujette interprétation,French
question accessibilité données sujette controverse ca voitures autonomes certains défendent accès public données permettrait meilleur apprentissage algorithmes concentrerait cet numérique main poignée individus plus autres militent privatisation données nom libre marché sans négliger fait bonnes données constituent avantage compétitif donc économique,French
années 2000 2010 apprentissage automatique encore technologie émergente polyvalente nature théoriquement capable accélérer rythme automatisation autoaprentissage,French
combiné apparition nouveaux moyens produire stocker faire circuler énergie ainsi informatique ubiquiste pourrait bouleverser technology société comme fait machine vapeur électricité puis pétrole informatique lors révolutions industrielles précédentes,French
apprentissage automatique pourrait générer innovation capacités inattendues risque selon certains observateurs perte maitrise part humains nombreuses tâches pourront plus comprendre faites routine entités informatiques robotisées,French
ceci laisse envisager impact spécifiques complex encore impossible évaluer emploi travail plus largement économie inégalités,French
selon journal science fin 2017 effets emploi plus complex simple question remplacement substitution soulignées certains,French
bien effets économiques relativement limités aujourd hui confrontés fin travail imminente comme cela parfois proclamé implication économie main œuvre profondes,French
tentant inspirer êtres vivants sans copier naïvement concevoir machine capables apprendre,French
notion percept concept comme phénomènes neuronaux physique ailleurs popularisés monde francophone jean pierre changeux,French
apprentissage automatique reste avant tout sou domaine informatique étroitement lié opérationnellement science cognitives neuroscience biologie psychologie pourrait croisée domaines nanotechnology biotechnology informatique science cognitives aboutir systèmes intelligence artificielle assise plus vaste,French
enseignements public notamment dispensés collège france stanislas dehaene orienté aspect bayésien neuroscience autre yann lecun aspect théoriques pratiques apprentissage profond,French
algorithme peut être biaisé lorsque résultat dévie rapport résultat neutre loyal équitable,French
certains ca biais algorithmiques peuvent conduire situation discrimination,French
algorithmes apprentissage automatique posent problèmes explicabilité globale système,French
certains modèles comme régression linéaire régression logistique nombre paramètres limité peuvent être interprétés autres type modèle comme réseaux neurones artificiels interprétation évidente,French
recherchons tous moyens rapides devenir plus couramment anglais sais comprends passe quelques mot entourent cerveau devon faire toute cette conversation utilisant juste génial incroyable cool épique alors diriez apprenez nouveaux mot anglais intelligents pouvez utiliser vie quotidienne améliorez vocabulaire quelques minute,French
donc aujourd hui allons apprendre nouveaux mot intelligents leurs signification mot racine exemples phrase alors allons tout monde regardez,French
cette vidéo vais donner mot intelligents usage quotidien fin cette vidéo,French
vais également donner astuce intelligente donner numéro mot intelligent très fluide,French
submergé inondé signifie noyade inondation inondé souvent utilisé contexte travail comme submergé travail trop travail faire submergé travail cette semaine entière peine temp respirer maintenant regardons racine mot,French
marais morceau zone humide quelqu marche mauvais endroit marais pourrait facilement noyer forme verbale marais signifie couler alors voici comment utiliser mot,French
disons beaucoup devoir test venir amis viennent voir disent,French
pourquoi traînes peux dire tellement désolé submergé travail submergé autres mot pouvez utiliser place submergé trop faire,French
trop choses assiette noie travail,French
submergé affectation mot intelligent numéro deux catch maintenant sûr entendu mot avant catch signifie situation impossible laquelle pouvez faire chose moins avoir fait autre pouvez faire autre parce fait première,French
confondu alors laissez donner quelques exemples situation catch lorsque obtenez emploi sans avoir expérience travail,French
pouvez acquérir expérience jusqu obteniez emploi catch inventé joseph heller célèbre livre nom catch alors décrivait certaines règles contradictoires applicables soldats pendant seconde guerre mondiale,French
autre exemple catch besoin prêt bancaire parce assez,French
obtiendrez prêt bancaire moins prouviez banque suffisamment argent alors prochaine fois coincé situation délicate rappelez,French
utiliser mot catch,French
obtenez regard admiratifs amis autres mot pouvez utiliser place catch mot intelligents paradox dilemmes,French
numéro trois suave suave suave signifie être sophistiqué être poli cool,French
bien élevé mot suave plusieurs origines différentes origine très intéressante mot signifie exemple dégustation agréable sucré,French
tellement posé suave surtout devant dame barack obama tellement suave poli maintenant souvenez quand fête prochaine fois voyez cette personne,French
bien élevé cultivé sophistiqué,French
oubliez dire gar suave juste ba coin utilisant mot fera instantanément vocabulaire,French
très suave intelligent mot numéro quatre atroce atroce mot atroce signifie quelque chose vraiment mauvais horrible terrible cruel horrible offensant atroce racine latine appelée signifie peur cruelle terrible prisonniers traités,French
manière atroce parfois prison atroce également utilisé vie tous jours parler certains actes répréhensibles voulez exagérer,French
exemple manières table atroces sen vestimentaire atroce grammaire atroce,French
alors prochaine fois entendrez parler acte horrible nouvelles oubliez faire,French
remarquez dites acte atroce mot intelligent numéro prodigieux prodigieux prodigieux signifie étonnant étonnant,French
maintenant utilisons souvent mot génial ici autre mot pouvez utiliser place génial stupéfiant exemple aujourd hui obtenu score incroyable test signifie obtenu score très élevé obtenu partition presque parfaite mot prodigieux racine latines classiques mot signifie,French
être stupéfait prodigieux utilisé décrire quelque chose incroyablement bon exemple air magnifique cette robe quelle vue magnifique balcon li livre extraordinaire peux dire diriez dire,French
amis cette chaîne formidable étudiants autres mot pouvez utiliser lieu prodigieux incroyablement fantastiques exceptionnellement bons alors avant continuer cinq mot équilibrés cette vidéo oubliez mettre commentaire sou cette vidéo,French
dire lequel dix mot mot intelligent préféré numéro six correctif correctif signifie être situation gênante exemple garçon difficulté parce fait plan deux amis différents cela soir,French
perdu téléphone difficulté bus tombé panne matin situation difficile ami tourne toujours vers obtenir aide quand situation difficile quand choses vont bien oublie,French
donc prochaine fois devoir mathématiques école exemple laissé livre mathématiques école pourrez dire amis vraie difficulté maintenant pensez peut être mot correctif quelque chose faire réparation quelque chose,French
non correctif signifie être situation gênante autres mot pouvez utiliser place correctif soupe désordre endroit ennuyeux juste endroit,French
mot intelligent numéro flummox flummox signifie confondre quelqu,French
tellement oublient quoi faire maintenant confus tendance être mot surutilisé alors lieu cela pourquoi utilisez flummox exemple garçon air complètement décontenancé quand professeur posé question classe chien décontenancé propre reflet miroir touriste étonné différentes coutumes,French
rencontré cours voyage lors interview quand demandé pourquoi devrions embaucher air complètement déconcertée donc prochaine fois confus question exemple lors examen,French
peux toujours dire parce très bien préparé examen décontenancé certaines question autres mot pouvez utiliser lieu déconcertés déconcertés perplexes perplexes mot intelligent numéro huit rendez rendez rendez,French
façon très française dire réunion date exemple rendez amis pendant déjeuner samedi prévois rendez amis centre commercial film rendez peut être utilisé fois comme nom comme verbe exemple,French
rendez amis soir vais rendez amis demain,French
france auparavant rendez utilisé armée indiquer lieu rencontre troupe,French
maintenant quelque chose légèrement excitant secret mot rendez maintenant alors pouvez utiliser rendez importe quelle réunion,French
général gagné être très approprié réunion officielle donc rendez peut être pouvez certainement appeler rendez mot intelligent numéro obtus obtus obtus insulte utiliseriez lorsque essayez appeler quelqu stupide incompréhensible,French
faible esprit maintenant entendu mot obtus géométrie angle obtus angle aigu donc angle obtus angle supérieur degrés inférieur 180 degrés,French
angle aigu cet angle aigu moins degrés aigu mot utilisé désigner pointu donc aussi pointu mentalement obtus dénotant émoussé donc aussi peu lent esprit donc phrase exemple obtus homme obtus donné mot passe faux appelant enfant obtus,French
,French
répondre seule question test homme obtus mal comprendre instruction base supposons maintenant situation vie quotidienne petit ami petite amie colère contre savez pourquoi alors pouvez,French
dites peut être obtus sais pourquoi bouleversé,French
mot intelligent numéro lent lent lent signifie déplacer lentement être peu plus lent,French
habitude avoir air peu fatigué manquant,French
exemple énergétique déjeuner lourd rend très lent après midi racine mot signifie personne lente limace animal déplace vraiment très lentement comme exemple escargot,French
économie très atone cette année match repris après début lent,French
affaire lentes trimestre pouvez utiliser vie quotidienne sentez très fatigué jour pouvez dire mère pouvez dire,French
amis sen très lent,French
aujourd hui pourrais faire boisson énergisante autres mot pouvez utiliser place paresseux pourraient être léthargiques traîner pieds donc mot intelligents avant,French
donne cette astuce secrète avoir air très fluide,French
veux rappeler ca cherchez mot intelligents utiliser lors appel téléphonique mets lien vers vidéo,French
zone description cela maintenant conseil secret conseil secret avoir fluide utiliser plus mot phrase intelligente connais parfois,French
très excités parce,French
appris beaucoup mot intelligents tendance mettre deux trois quatre phrase semble naturelle,French
donc fois assurez prononcez mot bonne manière allez google tapez mot recherche juste haut verrez petite icône haut parleur cliquer haut parleur,French
écoutez prononciation deux fois,French
prêt partir aimé cette vidéo oubliez féliciter commentaire,French
dessous dire lequel mot quel préféré aussi,French
déjà fait appuyez bouton inscription icône forme cloche juste côté bonne écoute,French
gar bienvenue chaîne cette vidéo,French
vais donner top phrase anglaises pouvez utiliser vie quotidienne,French
donc point lancer voyage,French
pay anglophone pouvez totalement utiliser,French
phrase apprenez anglais depuis certain temp souhaitez reprendre apprentissage,French
meilleure vidéo commencer alors allons phrase anglais minute espérons,French
phrase numéro autre façon demander,French
comment va,French
comment passe,French
comment,French
alors rencontrez quelqu chronométrez comment passe,French
phrase numéro deux quand quelqu depuis moment dites depuis longtemps voir signifie cette personne peut être semaines mois depuis longtemps sans numéro phrase,French
trois voulez demander fait,French
demandez fait alors passait vie,French
fait élever avant tout passe,French
bien pouvez simplement répondre peut plaindre tout vraiment cool,French
peux plaindre phrase suivante quelqu dit quelque chose vraiment mentionné conversation comme pensait nouvel emploi demandez,French
comment savez,French
nouvelles comme comment allez,French
sachez quelqu raconte blague cool pouvez dire bonne blague,French
bonne blague donc phrase bonne,French
voulez remercier quelqu pouvez dire très gentil part merci beaucoup avoir fait cela très gentil part très gentil part quelqu,French
essayait aider atteindre résultat pouvez dire,French
merci quand importance merci quand,French
remercie effort,French
non merci toute façon autre phrase utilise parfois email quand demandé personne,French
demande puis dis fin,French
merci avance signifie espère vraiment allez,French
faites remerciant avance,French
merci avance quelqu fait erreur vraiment énervé,French
pouvez simplement dire soucis,French
inquiétez inquiétez signifie faites,French
bon,French
soucis imaginez rentré maison tous amis assis canapé,French
comme passe ici comme faites ici,French
passe attrapé quelque chose comprenez personne pouvez toujours demander bien compris,French
puis allez expliquez obtenu bien compris,French
demandez quelqu être contrarié pleurer pouvez dire prendre cœur,French
prenez sérieux contrarié prenez cœur,French
autre façon demander saisi partie phrase pouvez dire saisi dernier mot,French
désolé,French
pouvez répéter parce saisi dernier mot veut quelqu répète phrase entière nouveau,French
pouvez dire désolé,French
écoutais parce peut être occupé,French
peut être parliez téléphone quelqu parlait comme,French
dieu,French
désolé écoutais,French
pouvez répéter,French
désolé,French
écoutais autre phrase utilise tout temp,French
importance comme inquiète laisse tomber café partout comme importance,French
ira,French
vais quand lessive,French
peu importe voulez souhaiter bonne chance quelqu,French
fais toujours peux dire doigts croisés croises doigts comme,French
doigts croisés,French
autre phrase américains utilisent vraiment mauvaise explique,French
situation obtenu quelque chose obtenez effet supplémentaire,French
comme explique explique,French
autre façon dire personne être contrariée dire choses passent comme tout allait bien,French
choses arrivent inquiétez nom personne voulez parler,French
pouvez dire pardon déranger savez voyez,French
quelqu occupé pouvez toujours dire pardon déranger ensuite pouvez demander,French
désolé déranger,French
milieu quelque chose chez quelqu demande quelque chose pouvez dire,French
milieu quelque chose quelqu quelqu demande faire quelque chose dites désolé,French
minute puis recommenceras faire quelque chose diras,French
comme quand arrêtés devez répéter parce lequel certains trompent,French
donc excellent moyen pratiquer encore milieu conversation,French
compris autre personne disait pouvez dire disiez point interrogation,French
signifie incite personne répéter encore fois,French
disais,French
quelqu travail rêves tout pouvez dire chanceux quelqu entré université rêves comme chance façon féliciter personne chanceuse simplement souligner chance chance autre façon dire vraiment colère dire paniqué comme tellement colère paniqué super colère,French
presque fou,French
paniqué autre phrase locuteurs natifs utilisent bonne cela pourrait être fois positif négatif quand dites promu disent bien comme félicitations parfois dites quitte cet endroit,French
comme bons mieux sans signification négative alors écoutez vraiment intonation,French
quelque chose surprend pouvez aussi dire moquez comme dieu,French
peux croire moquez dire quelqu sourire être heureux pouvez toujours dire remonter moral,French
voulez quelqu air pleurer plaindre quelque chose passe pouvez dire viens peux faire,French
allons,French
pouvez faire pouvez passer toefl pouvez passer gmat obtiendrez,French
pouvez faire quelqu vraiment bien pouvez dire continuer bon travail continuer bon travail comme être aussi bon continuer bon travail continue être autre phrase familière américains dire,French
allumé signifie incroyable nombreux américains dit californie,French
allumé probablement entendu chansons allumé quelqu réussit après échecs donc pouvez dire allez dit arriverez allez quelqu demande fatigué voulez dire fatigué tout peut dire peu nah,French
veux continuer fatigué avoir quand quelqu demande sûr presque sûr peux dire place,French
place doute amérique voulez envoyer sm quelqu envoyer message dites texte texte donc vais envoyer sm signifie enverrai message via whatsapp télégramme messager tout utilise vais envoyez nouveau texto remonter moral quelqu dire être contrarié pouvez dire vaut peine vaut coup,French
tellement meilleur problème dont pleures vaut larmes,French
vaut peine aime personnellement phrase rockez signifie incroyable,French
dieu,French
bercez,French
non fait travail incroyable,French
rock quelqu travaille vraiment bien voulez travaille plus dur pouvez dire devriez faire effort supplémentaire signifie comme travailler plus dur devriez faire kilomètre supplémentaire,French
autre façon dire chose pouvez dire intensifier jeu comme travailler plus dur travailler mieux intensifier jeu,French
quelqu pleure veut,French
coule dis ressaisis comme littéralement prends ressaisis arrête travailler hey calmez ensemble autre phrase,French
aime vendu parce parfois gen décrivent voyage quelqu acheté décrivent bien,French
comme voulais acheter chose dis vendu vendu achèterais bien vendu intéressé conversation,French
comme assis pouvez dire fiche tellement ennuyeux,French
intéressé,French
fiche quelqu demande quelque chose décision vraiment facile comme quelqu dit prendre million dollar dites évidence,French
vais prendre,French
évidence signifie décision très facile fait quelque chose mal admettez pouvez dire merdé oui gar,French
sais,French
désolé,French
foiré,French
erreur,French
foiré foiré voulez quelqu travaille place pouvez dire,French
peux couvrir comme peux travailler place pendant vois ami,French
pouvez couvrir temp partir gar ferais mieux signifie devrais déjà,French
savez,French
fait heures,French
maintenant,French
ferais mieux autre façon dire revoir,French
peux dire prendre soin signifie prendre soin,French
verrai plus tard,French
prendre soin,French
sais quel jour regardez cette vidéo vendredi exemple week end,French
pouvez dire merci cieux vendredi penser cieux dit samedi week end découverte,French
heureux gar phrase anglais faites savoir cela utile aimant cette vidéo commentant dessous connaissez autres phrase intéressantes,French
génial bouton rouge ba quelque part,French
bonjour bienvenue,French
cette vidéo vais donner 100 phrase courante très utiles pouvez utiliser conversation,French
quand entendez phrase pratiquez après,French
essayez copier prononciation exactement incluant voix utilise,French
accord commençons,French
salutation base comment,French
comment,French
quoi neuf,French
ravi rencontrer,French
fait longtemps,French
comment,French
grand merci,French
,French
tant,French
habituel,French
doi,French
plaisir rencontrer plus tard,French
reste contact,French
demander information,French
pouvez dire signifie mot,French
sauriez trouve bibliothèque,French
hésitant,French
bonne question,French
laisse voir,French
laissez réfléchir instant,French
demander répétition,French
pardon,French
désolé compris,French
cela dérangerait répéter,French
peux parler peu plus lentement plaît,French
disant sais,French
peur avoir aucune idée,French
peut aider désolé,French
bat,French
avis,French
penses,French
quel avis dessus,French
pense bonne idée,French
honnêtement pense marcher,French
concerne meilleur restaurant ville,French
éviter question,French
opinion question,French
laisse reparler,French
libre dire,French
accord désaccord,French
pourrais être plus accord,French
absolument raison,French
accord 100,French
frappez clou tête,French
sûr être accord,French
peur être accord,French
pense trompez,French
interrompre poliment,French
désolé interrompre,French
puis arrêter instant,French
dérange saute ici,French
avant,French
allez,French
laissez finir,French
attendez instant,French
suggestion,French
dites allons cinéma,French
diriez avoir pizza dîner soir,French
génial,French
semble bien,French
sûre,French
non pense,French
faire plan,French
fais soir,French
projets demain,French
libre samedi prochain,French
veux faire quelque chose week end,French
bien sûr esprit,French
libre tout week end faisons quelque chose,French
non désolé déjà plan colère,French
peu occupé demain,French
adorerais faire quelque chose peux,French
autorisation,French
cela dérange utilise téléphone portable,French
irait prenais congé demain,French
oui assurez allez,French
non tout,French
malheureusement doi dire non,French
préfère fassiez,French
peur faire,French
faire demandes,French
pourrais passer sel plaît,French
dérangerait prêter argent,French
demandais pouviez aider,French
bien sûr problème,French
ouais bien sûr,French
heureux aider,French
désolé peux moment,French
peur pouvoir,French
faire offres,French
puis offrir verre eau,French
diriez glace,French
voulez ramène maison,French
oui plaît,French
génial merci,French
vais bien merci offre,French
non vais bien merci,French
remercier gen,French
mille mercis,French
bravo apprécie vraiment,French
très gentil part,French
peux remercier assez,French
rien,French
mentionnez,French
tout moment,French
plaisir,French
demander quelqu attendre,French
pouvez tenir moment plaît,French
attendez seconde,French
supporte juste instant,French
bien,French
excuser,French
vraiment désolé,French
veuillez accepter excuse,French
fais,French
soucis,French
accord voulez plus leçons phrase expression courante faites savoir section commentaires dessous,French
aussi aimé cette vidéo donnez coup pouce appuyant bouton aime oubliez abonner cette chaîne cliquant bouton abonnement obtenir dernières leçons ici youtube,French
bon apprentissage verrai bientôt autre leçon pain fois petit village femme nommée marion,French
fille unique narcisa marion extrêmement humble douce narcisa cependant complètement contraire voyez belle delà mot comme vie,French
poupée partie plus amusante aimait sans fin narcisa,French
aidez faire cuire pain hein question maman servantes farine tous yeux brillants brillants,French
narcisa pourriez aider planter graines pourquoi ferais cela,French
croyait trop grande faire quelque travail nombreux prétendants venaient demander main narcisse mariage,French
comme beauté connue loin tous rejetés très grossièrement pourquoi renvoyé hommes semblaient gentils pouvez être mère sérieuse,French
petits yeux presque comme ceux oiseau autre nez énorme voudrais être près,French
quand éternué dernier arrêt non veux plus entendre tout pouvais voir hommes vraiment gentils chère doi connaître cette beauté,French
tout doi réaliser maman mérite quelqu comme prince chevalier,French
chérie nuit alors dormait mère assise côtés regardant,French
chère enfant belle adorable soucies rien autre beauté,French
moment narcisse rire sommeil mère extrêmement surprise voir quel point devait être gentille train faire rêve vraiment drôle lendemain matin quand narcisse,French
réveillé tout sourire rire ici chérie dis quoi rêvais,French
soir bien maman rêve tellement incroyable sais prince venu vers,French
dit voulait épouser venu voiture habillé haut ba aussi quel rêve idiot,French
savez meilleure partie cela quand robe mariée aussi bien sûr tout monde regardait narcisa rien étonnant rêve,French
maman rêve très égoïste savez dites rêve fait réaliser besoin nourriture beaucoup plus grande type mange ici maison pain,French
suffit penser cette pauvre mère narcisse inquiète fille comment,French
vivrait vie jour deux amis venus rendre visite mère narcisse mellie terry tous trois amis depuis lustre terry ellie secret,French
êtres magiques quelque chose mère narcisse savait rien terry melli bon voir fait très longtemps comment très bien mieux seulement seulement seulement fille narcisa peu plus compréhensive marian dit mellie terry tout narcisa comment inquiète veut manger pain doi faire bien peut être rêve réalise,French
merveilleux bien peu importe suppose temp apprendra parlons autre chose,French
plus tard mellie terry firent leurs adieu vieil ami allèrent souriant secrètement cette nuit mère fille,French
préparée mère lit espère vraiment rêve réalise savez narcisa lendemain alors narcisa mère dehors jardin belle,French
chariot rejoignit parsemé pierre précieuses diamants extrêmement magnifique,French
alors cela arrêtait bel homme sortit regarda narcisa complètement décontenancée voir quel point beau rêve réalisait réellement euh,French
quel bonjour venu ici demander main narcisse mariage comment connaissez nom,French
terrence ange bonne fortune nom beauté fille connus monde entier ici apporté cadeau quoi connais peine peux,French
idiot riche beau demander plus terrence accepte proposition,French
cela monta voiture sans dire revoir mère partit ange alors voyageaient voiture entra soudainement portail magique traversa zone orageuse voiture cogna énormément narcissa,French
très effrayé inquiétez cher tout cela bientôt fini juste moment dit voiture passait autre portail atteignait allée,French
immense magnifique château doré narcisa étonnée toute beauté vue savais méritais tant richesses savais aimeriez tout voulez trouverez ici plus jolie robe plus savoureux aliment tout cela palais parlant nourriture vraiment faim après trajet affamé puis avoir plat savoureux bien sûr ici viande malodorante mélisse offrira tout voulez tellement entendu parler pauvre cher faim venez allons table manger vais apporter nourriture merci allés salle manger table trouvait nourriture plus étonnante narcisa jamais vue parce confiture faites,French
rubis salade émeraudes pain ba fait pain doré comme cette confiture air goût délicieux pain pris tranche,French
confiture rubis dessus pris énorme bouchée tellement chaud peux bien manger pain meilleur aussi pouvez manger devrais obtenir pain argent mangez,French
quelque chose autre veux pain normal puisse manger look alors future épouse père fait froid doi manger meilleur narcis regardé toute nourriture,French
cœur brisé tout immangeable vite commencé pleurer veux nourriture vraiment bonne,French
ici essayez pommes terre dorées elles vraiment bonnes après marié,French
devras manger tout pensais aimais choses chic non veux épouser veux rentrer maison,French
mère laissez rentrer maison melissa terrence regardèrent mirent bien clin œil,French
vraiment veux ramène chez,French
terrence pris pleurs malheureux,French
narcis maison voiture commencé réfléchir profondément choix faits rentrant chez,French
couru embrasser mère assise maison triste sœur douce fille pensais reverrais jamais,French
maman aime tellement air juste richesses tout pain inutile car pouvais manger homme,French
beau souciait tout cher rends compte exactement façon dont traité autres sais tellement désolé façon dont agi maman non bien depuis,French
quelle erreur allons nourrir quelque chose gentil partir jour,French
narcisa changé manières lutté début lentement patiemment commencé devenir beaucoup plus gentille jour mellie terry venus rencontrer marian nouveau bonjour deux alors dites marian,French
comment narcissisme maintenant marian dit tous deux tout passé tellement changé depuis cette époque,French
suppose voudrait plus pain maintenant hein sais,French
terry ressembles peu cet ange vois comment pourrais être deux gentils,French
nature engels voor natuur een brit vooral natuurwetenschappelijk tijdschrift,Dutch
het staat gerenommeerd bekend,Dutch
het verscheen voor het eerst november 1869 werd opgericht door amateur astronoom norman lockyer,Dutch
het groeide uit van een eenvoudige publicatie voor amateur wetenschappers tot een van meest gerenommeerde wetenschappelijke tijdschriften,Dutch
een publicatie nature wordt door wetenschappers zeer hoog aangeslagen,Dutch
zijn geen tijdschriften met een hogere impactfactor behalve misschien science dat met nature toppositie concurreert,Dutch
impactfactor van nature schommelt rond,Dutch
hoewel nature een lichte nadruk biologie legt accepteert het artikelen uit allerlei wetenschappelijke vakgebieden,Dutch
zijn inmiddels diverse speciale edities zich met aparte vakgebieden bezighouden verder bestaan nog enkele edities van nature review waarin hoogkwalitatieve overzichtsartikelen verschijnen,Dutch
gemeinsame normdatei 4499779 6bibliotheek van het japanse parlement 001097666virtual international authority file 193146331915918691819 worldcat identity via viaf 193146331915918691819 wikipedia een meertalige internetencyclopedie door auteur vrijwillige basis wordt geschreven,Dutch
wikipedia wordt gepubliceerd onder een vrije licentie waardoor inhoud elder opnieuw gebruiken,Dutch
website eigendom van wikimedia foundation het het oudste bekendste project van deze organisatie,Dutch
wikipedia opgezet vorm van een wiki hetgeen betekent dat elke inhoudelijke pagina door iedere bezoeker bewerkt kan worden,Dutch
voor wikipedia een apart programma ontworpen,Dutch
software mediawiki opensourcesoftware ook gebruikt wordt door projecten van wikimedia foundation door talloze projecten bedrijven,Dutch
wikipedia gelden vijf principe zuilen genoemd naast deze drie zuilen gelden twee interne zuilen naam wikipedia een samentrekking van wiki dat het hawaiiaans snel betekent het engelse woord encyclopedia,Dutch
wikipedia eerste serieuze algemene digitale encyclopedie waarbij met het wiki concept gewerkt werd,Dutch
vergelijking met concepten informatie verzamelen heeft dit tot gevolg dat wikipedia daar waar het actuele informatie betreft het algemeen snel bijgewerkt,Dutch
daar verwijst het eerder genoemde woord wiki ook naar,Dutch
kenmerkend voor het project het succes ervan tevens het feit dat inhoud onder een vrije licentie valt,Dutch
tekst medium worden door wikipedia door middel van gfdl sind 2008 licentie vrijgegeven beschikbaar gesteld voor het publiek,Dutch
iedere auteur blijft eigenaar van zijn bijdrage maar kunnen voortbouwen individuele bijdragen,Dutch
vrijgave van bijdragen onder licentie definitief kan niet ingetrokken worden,Dutch
eenieder daarmee gerechtigd inhoud kosteloos verspreiden wijzigen terwijl niemand toegang tot een uit wikipedia overgenomen eventueel gewijzigde inhoud kan worden onthouden,Dutch
wikipedia presenteert zich daarbij uitdrukkelijk een encyclopedie niet bijvoorbeeld een woordenboek discussieforum webportaal,Dutch
voor lexicografische informatie het zusterproject wiktionary het nederland wikiwoordenboek het leven geroepen,Dutch
voor mobiele apparaten zijn ook speciale apps beschikbaar,Dutch
documentering van menselijke kennis wordt vele jaren nagedacht,Dutch
onder bibliograaf paul otlet bedenker van universele decimale classificatie udc wijdde zijn leven aan vraag hoe gegevens kennis toegankelijk gemaakt kunnen worden een universeel boek een vernuftig kaartsysteem met behulp van een machinaal systeem,Dutch
later streefde herbert george well naar een world brain een samenvatting van kennis microfilm,Dutch
ook vannevar bush dacht dat toekomst van volledige documentatie lag een systeem met microfilm memex,Dutch
1960 begon ted nelson met zijn project xanadu dat gebruikmaakte van hypertekst,Dutch
compton interactive encyclopedia van philip cdi 1992 encarta 1993 van microsoft eerste encyclopedieën rom gebruikmaakten van hyperlink,Dutch
wikipedia een modern antwoord maakt gebruik van nieuwe mogelijkheden van internet software voor samenwerking,Dutch
wikipedia werd 2001 opgericht door amerikaanse ondernemer jimmy wale saman met zijn medewerker larry sanger,Dutch
2003 droeg wale zijn rechten naam wikipedia website zelf server waarop deze draaide aan wikimedia foundation een stichting hij oprichtte het behoud verdere ontwikkeling van wikipedia langdurig mogelijk maken,Dutch
stichting leeft bijna uitsluitend van donaties anno 2017 verenigde staten ongeveer 280 betaalde medewerkers,Dutch
wikipedia zelf wordt echter door vrijwilligers beheerd geschreven,Dutch
het project wikipedia begon met een conversatie tussen twee internetvrienden larry sanger hoofdredacteur van nupedia ben kovitz een computerprogrammeur bèta wetenschapper avond van januari 2001 san diego californië,Dutch
kovitz eerder maken gehad met een soort wikiproject,Dutch
toen hij het basisconcept aan sanger uitlegde zag deze onmiddellijk dat het wikiformat geschikt zou zijn voor het opzetten van een opener minder formeel project dan nupedia,Dutch
vier maanden daarvoor hadden sanger zijn baa jimmy wale president directeur van bomis inc eens verschillende mogelijkheden besproken naast nupedia een opener aanvullend project beginnen,Dutch
het kostte sanger dus niet veel moeite wale halen een wiki voor nupedia zetten,Dutch
nupedia eerste wiki ging online januari 2001,Dutch
van kant van auteur redacteuren van nupedia kwam echter het nodige protest tegen het plan nupedia nauw associëren met een webpagina gebaseerd het wikiconcept,Dutch
daarom kreeg het nieuwe project per januari naam wikipedia een eigen onafhankelijk adres het web,Dutch
deze datum werd later uitgeroepen tot wikipediadag,Dutch
nieuwe deelnemers meldden zich aan via een publicatie van slashdot maart juli,Dutch
ook publicaties trokken deelnemers zoals kuro5hin,Dutch
zoekmachines vooral google portal dirigeerden dagelijks honderden potentiële deelnemers naar wikipedia,Dutch
februari 2001 werd engelstalige wikipedia eerste mijlpaal van 1000 artikelen pagina overschreden daarna groeide het aantal artikelen met circa 1000 per maand inmiddels 2020 met ongeveer 150 000 per maand,Dutch
juni 2001 ging nederlandstalige versie van wikipedia van start,Dutch
oorspronkelijke verreweg grootste van wikipedia engelstalige versie van start ging januari 2001,Dutch
het oorspronkelijke doel komen tot een minimum van 100 000 artikelen,Dutch
toen dat aantal eenmaal bereikt ging groei echter nog volop door,Dutch
vanaf zomer van 2001 zijn naast oorspronkelijke engelstalige versie steed meer wikipedia talen gestart,Dutch
engelstalige 2015 gemeten naar het aantal individuele artikelen duits frans nederland zweedstalige wikipedia het grootst,Dutch
opgemerkt moet worden dat dit niets zegt grootte gemiddelde kwaliteit diversiteit van artikelen,Dutch
totaal februari 2015 meer dan miljoen artikelen vinden 288 verschillende talen,Dutch
zijn ook enkele wikipedia opgestart minderheidstalen dialecten inmiddels uitgestorven talen zoals het latijn oudengels,Dutch
bevatte wikipedia het zazaki begin 2010 ongeveer 2800 artikelen,Dutch
zijn eveneens versies begonnen enkele bekende kunsttalen zoals het esperanto het klingon,Dutch
een aantal van deze wikipedia bleek echter onvoldoende vaste bijdragers beschikken projecten draaiende houden,Dutch
deze weinig levensvatbare projecten zijn inmiddels weer gesloten wikimedia incubator beland,Dutch
meeste opslagcapaciteit nodig voor afbeeldingen medium wikipedia gebruikt worden,Dutch
januari 2009 meldde wikizine dat terabyte opslagruimte beschikbaar gekomen voor wikimedia common,Dutch
dat moment werd daar terabyte van gebruikt,Dutch
maanden augustus september 2003 werd een internationale logowedstrijd gehouden,Dutch
het logo van paul stansifer werd met grote meerderheid verkozen,Dutch
daarna werd dit aangepast tot een grijze versie basis van hetzelfde idee,Dutch
vanaf 2005 begonnen bewerkers user het nederland vaak gebruikers genoemd wikipedia steed meer saman werken met culturele instellingen organisaties meer materiaal beschikbaar krijgen voor het gebruik wikipedia,Dutch
wordt samengewerkt met onder musea galeries archieven bibliotheken meer specialistische informatie vooral ook beeldmateriaal meer artikelen hiervan kunnen voorzien,Dutch
nederland leverde bijvoorbeeld het tropenmuseum meer dan 000 afbeeldingen marrons suriname indonesië het nationaal archief haag spaarnestad photo haarlem doneren ruim 1100 foto van nederlandse politici belangrijke gebeurtenissen nederland het amsterdam museum doneerde 2011 zijn digitale collectie van 000 foto,Dutch
rijksdienst voor het cultureel erfgoed rce heeft september 2012 van 555 000 afbeeldingen van haar collectie 465 000 vrijgegeven met een maximale pixelgrootte van 1200 pixel onder licentie,Dutch
sind 2010 wordt samenwerking tussen wikipedia culturele instellingen verder geïntensiveerd met aanstelling van een wikipedian residence bij instellingen zelf hun materiaal via wikipedia ontsluiten,Dutch
januari 2016 15e verjaardag van wikipedia werd bekend dat een fonds opgericht wikimedia endowment dat komende jaar 100 miljoen dollar moet gaan inzamelen teneinde het voortbestaan van wikipedia lange termijn garanderen,Dutch
mei 2004 ontving wikipedia golden nica voor digitale gemeenschappen van jaarlijkse prix ar electronica wedstrijd,Dutch
later dat jaar ontving wikipedia judge webby award categorie community,Dutch
wikipedia werd ook genomineerd voor best practice prijs,Dutch
2007 stemden lezers van website brandchannel com voor wikipedia 4de lijst van merken via het antwoord vraag welk merk grootste invloed onze levens 2006,Dutch
september 2008 ontving wikipedia quadriga mission enlightenment van werkstatt deutschland saman met boris tadić eckart höfling peter gabriel,Dutch
deze prijs werd aangeboden aan jimbo wale door david weinberger,Dutch
januari 2015 kreeg wikipediagemeenschap erasmusprijs toegekend omdat zij verspreiding van kennis heeft bevorderd door een allesomvattende voor ieder toegankelijke encyclopedie zetten,Dutch
volgens organisatie van prijs droeg wikipedia door haar open karakter bij aan het besef dat bronnen van kennis niet neutraal zijn steed gewogen moeten worden,Dutch
met deze kritische aandacht sloot wikipedia goed aan bij het gedachtegoed van erasmus,Dutch
november 2015 reikte koning willem alexander deze prijs uit aan drie vertegenwoordigers van gemeenschap,Dutch
juni 2015 werd jaarlijkse prinses van asturiëprijs voor internationale samenwerking toegekend aan wikipedia,Dutch
wikipedia heeft net wiki kampen met vandalisme,Dutch
hiervoor zijn hulpmiddelen beschikbaar vandalisme bestrijden bijvoorbeeld misbruik van sokpopaccounts sporen,Dutch
onzichtbaar vandalisme hoaxen blijken echter hardnekkiger zijn,Dutch
door subtiele wijzigingen beperkte weglatingen wijziging van opmaak kan een heel wending aan een artikel worden gegeven,Dutch
ook kan iemand per ongeluk foutieve informatie toevoegen,Dutch
wanneer niemand doorheeft dat informatie onjuist kan maandenlang wikipedia blijven staan,Dutch
zijn gevallen bekend van artikelen niet bestaande personen waar wel maandenlang een artikel bestond,Dutch
artikelen wikipedia scoren het algemeen hoog zoekmachines,Dutch
dit heeft neveneffect dat ook eventuele foutieve informatie zich vanaf wikipedia snel het internet kan verspreiden,Dutch
wikipedia wordt bewerkt door vrijwilligers heeft een open structuur,Dutch
principe kan iedereen daardoor meewerken aan encyclopedie,Dutch
praktijk blijkt echter geen sprake van een volledige afspiegeling van maatschappij,Dutch
komt uit onderzoek van wikimedia foundation naar enkele kenmerken van bewerkers van wikipedia naar voren dat meerderheid van bewerkers mannelijk geen partner kinderen heeft,Dutch
ongeveer helft valt leeftijd tussen jaar oud terwijl groep jonger dan bedraagt,Dutch
het dominante profiel van bewerkers heeft algemeen gesproken gevolgen voor het soort aantal artikelen daarnaast ook voor inhoud van artikelen wat dale hoiberg voormalig hoofdredacteur van encyclopædia britannica een systematische fout bias noemt,Dutch
vergelijking met traditionele encyclopedieën dan ook meer aandacht voor sporters informatica popcultuur terwijl onderwerpen natuurwetenschap taal kunst afrika som ondervertegenwoordigd zijn,Dutch
bijvoorbeeld het artikel stripfiguren casper hobbes engelstalige wikipedia een tijdlang uitgebreider dan dat william shakespeare,Dutch
guardian gaf 2014 aan dat een artikel engelstalige wikipedia met een lijst van porno actrices meer voetnoten kende dan dat met een lijst van schrijfsters,Dutch
dit werd vroeg onderkend zoals bleek uit projecten crossbow het wikiproject systematische bias echter niet van lange duur,Dutch
naast kenmerken het onderzoek van wikimedia foundation spelen ook kenmerken een rol,Dutch
verschilt demografie per wikipedia sterk wat zijn invloed heeft het soort artikelen inhoud daarvan,Dutch
artikelen bepaalde landen volken gebruiken religies zullen niet elke wikipedia dezelfde aandacht krijgen,Dutch
initiatieven zijn onder meer het wegwerken van overmatige nadruk artikelen specifieke landen,Dutch
bewerkers van wikipedia zijn merendeels mannelijk,Dutch
daarom schreef new statesman dat engelstalige versie niet sum knowledge visie van jimmy wale een van oprichters van wikipedia maar eerder sum male knowledge,Dutch
het tijdschrift slate noemde heather mac donald dit 2011 echter geen probleem eenvoudigste verklaring voor het verschil deelname dat mannen vrouwen gemiddeld interesses hebben hun vrije tijd een manier willen besteden,Dutch
2011 bleek uit onderzoek dat engelstalige wikipedia weliswaar meer artikelen vrouwen dan encyclopaedia britannica maar ook dat kans dat een artikel een vrouw ontbrak groter dan een,Dutch
dat effect bovendien sterker wikipedia dan britannica,Dutch
uit onderzoek uit 2015 bleek dat biografieën van vrouwen heel geschreven dan van mannen,Dutch
het gebrek aan artikelen vrouwen werd belangrijk genoeg gevonden met verschillende nieuwe projecten werken,Dutch
presentatie van artikelen userinterface van wikipedia wordt wel kritiek geuit omdat deze niet modern rommelig niet gebruiksvriendelijk zou zijn,Dutch
een modernere presentatie van deze artikelen wordt bijvoorbeeld geboden door wikiwand een gepatenteerde software interface hiervoor ontwikkeld,Dutch
wikiwand zelf geen onderdeel van mediawiki,Dutch
het financieele dagblad verscheen 2016 een artikel waarin werd gesteld dat wikipedia negatief bijdraagt aan economische groei,Dutch
wikipedia werd eerder gezien een oneerlijke concurrent voor traditionele encyclopedieën,Dutch
nicholas carr amorality web 2005 web amoreel website met gebruikersbijdragen wikipedia aan omdat beroepsschrijvers volgens hem superieur zijn het brood uit mond kunnen stoten want gratis wint altijd van kwaliteit,Dutch
carr schreef geestdriftige visioenen van web gaan stilzwijgend van uit dat amateur overhand krijgt,Dutch
maar kan niets angstaanjagenders voorstellen,Dutch
bestrijden dat wikipedia iets dergelijks traditionele publicaties volledig gaat verdringen,Dutch
chris anderson hoofdredacteur van wired magazine beweerde het natuurwetenschappelijke tijdschrift nature dat wikipedia met haar gebruik van groepsverstand wisdom crowd wetenschappelijke toptijdschriften niet zal vervangen vanwege rol strenge procedure voor collegiale toetsing van tijdschriften,Dutch
wikipedia zou censuur willen vermijden,Dutch
werd 2006 duitstalige wikipedia geweigerd naam van een overleden hacker verwijderen toen familie daarom vroeg,Dutch
ook werd 2008 een platenhoes niet verwijderd nadat een britse organisatie hoe kinderpornografie bestempeld waardoor grote delen van het verenigd koninkrijk wikipedia niet meer bereikbaar,Dutch
turkije blokkeerde van april 2017 tot januari 2020 toegang tot talenversies van wikipedia nadat encyclopedie geweigerd sommige inhoud verwijderen,Dutch
niettemin werd 2009 wel informatie verwijderd ontvoering van david rohde door taliban omdat volgens new york time zijn leven gevaar kon komen door het bekendmaken van ontvoering,Dutch
bayer gaf 2012 een overzicht van verschillende onderzoeken uitwezen dat engelse duitse wikipedia gemiddeld betrouwbaar,Dutch
een vergelijking september 2004 van duitstalige wikipedia twee duitstalige encyclopedieën brockhaus encarta door het computertijdschrift het voordeel van wikipedia uit,Dutch
2005 publiceerde nature resultaten van een vergelijkend onderzoek naar kwaliteit van artikelen engelse wikipedia encyclopædia britannica,Dutch
universitaire deskundigen bogen zich natuurwetenschappelijke teksten zonder weten uit welke encyclopedie kwamen,Dutch
paren van overeenkomstige artikelen uit beide encyclopedieën vonden zowel totaal acht ernstige fouten,Dutch
gemiddeld bevatte een artikel vier een artikel drie foutjes weglatingen misleidende beweringen,Dutch
nature concludeerde dat hoewel schrijfstijl van britannica veel beter wikipedia natuurwetenschappelijk gebied bijna net goed britannica,Dutch
orlowski formuleerde het volgt kwaliteit van informatie deze artikelen wikipedia daarmee procent minder dan britannica,Dutch
het betrof een betrekkelijk kleine selectie van artikelen exacte wetenschappen techniek veel van aangetroffen fouten betroffen meningsverschillen tussen onderzoekers van nature redacteuren van britannica welke feiten vermeld zouden moeten worden een encyclopedie,Dutch
maart 2006 publiceerde encyclopædia britannica onder titel fatally flawed een weerlegging van onderzoeksresultaten van nature,Dutch
bestaan het internet een aantal klonen ook wel mirror spiegelsites genoemd van wikipedia,Dutch
dit zijn website inhoud van wikipedia artikelen een deel hiervan vrijwel letterlijk overnemen,Dutch
enkele voorbeelden zijn dbpedia everybodywiki bios wiki wikiwand specifiek het nederland encyclo,Dutch
ook sommige teksten wordpress com zijn min meer letterlijk afkomstig van wikipedia,Dutch
daarnaast wordt veel van vrij beschikbare inhoud van wikipedia door allerlei individuele site overgenomen hergebruikt dan niet vorm van letterlijk gekopieerde tekstpassages,Dutch
regelmatig laten deze site bron van deze informatie correct weer geven waardoor vereiste auteursrechtelijke kennisgevingen niet gerealiseerd worden,Dutch
een belangrijk neveneffect van dergelijke kloonwebsites site zich primair wikipedia baseren dat ervoor zorgen dat informatie het internet steed eenzijdiger wordt,Dutch
het geen zeldzaamheid dat vijf van eerste tien zoekresultaten google allemaal hetzelfde artikel bevatten verschillende site,Dutch
foutieve informatie kan deze manier snel het internet worden verspreid,Dutch
critici van wikipedia zien dit een zorgelijke ontwikkeling,Dutch
automatisch leren machinaal leren een breed onderzoeksveld binnen kunstmatige intelligentie dat zich bezighoudt met ontwikkeling van algoritmes technieken waarmee computer kunnen leren,Dutch
methodes zijn verdelen twee ruwe categorieën aanleidinggevend deductief,Dutch
aanleidinggevende methodes creëren computerprogramma door het vormen van regels het extraheren van patronen uit data,Dutch
deductieve methoden hebben resultaat een functie net generiek invoerdata,Dutch
automatisch leren sterk gerelateerd aan statistiek aangezien beide velden studie van data analyseren,Dutch
automatisch leren meer gericht algoritmische complexiteit implementatie programma,Dutch
het ook gerelateerd aan datamining waarin een geautomatiseerde manier patronen relaties worden gezocht grote hoeveelheden gegevens,Dutch
veel leerproblemen zijn hard moeilijker dus een belangrijk onderdeel van dit vakgebied algoritmes ontwikkelen oplossing benaderen,Dutch
methodes voor machinaal leren zijn onderverdeeld een typologie zijn allemaal zoek naar snelle manieren vloeiend engels spreken weet dat begrijp wat gebeurt dat maar een paar woorden rond onze hersenen cirkelen dat dit hele gesprek moeten voeren met gewoon geweldig geweldig cool episch dus hoe zit het met wij leer enkele slimme nieuwe engelse woorden dagelijks leven kunt gebruiken verbeter vocabulaire enkele minuten,Dutch
dus vandaag gaan nieuwe slimme woorden leren hun betekenis wortelwoorden voorbeeldzinnen dus laten aan slag gaan hey dit allemaal jullie kijken,Dutch
deze video slimme woorden geven voor dagelijks gebruik aan het einde van deze video,Dutch
ook een slimme tip geven heel vloeiend slim woordnummer laten klinken,Dutch
één overspoeld overspoeld betekent verdrinken overstromen maar overspoeld wordt vaak gebruikt context van werk zoals overspoeld met werk heb veel werk doen ben hele week overspoeld met werk heb amper tijd gehad ademen laten eens kijken naar wortel van dit woord,Dutch
moeras een stuk wetland iemand verkeerde plaats een moeras stapt kunnen gemakkelijk verdrinken werkwoordsvorm moeras betekent zinken dus hoe dit woord kunt gebruiken,Dutch
laten zeggen dat veel opdrachten hebt komt een toets aan vrienden komen naar toe zeggen,Dutch
hey waarom niet met ons kunt tegen zeggen dat het spijt maar word overspoeld door werk word overspoeld met woorden kunt gebruiken plaats van overspoeld heb veel doen,Dutch
ligt teveel mijn bord,Dutch
verdrink mijn werk,Dutch
word overspoeld met opdrachten slim woord nummer twee catch weet zeker dat heb dit woord gehoord voordat catch een onmogelijke situatie betekent waarin het ene niet kunt doen tenzij het hebt gedaan het niet kunt doen omdat eerste niet hebt gedaan,Dutch
heb gebracht dus laat wat voorbeelden geven,Dutch
een catch situatie wanneer geen baan krijgt zonder werkervaring hebben,Dutch
maar kunt ervaring opdoen een baan krijgt,Dutch
catch werd bedacht door joseph heller zijn beroemde boek met dezelfde naam catch toen hij enkele tegenstrijdige regels beschreef van toepassing soldaten tijdens tweede wereldoorlog,Dutch
een voorbeeld van catch dat een banklening nodig hebt omdat niet genoeg van hebt,Dutch
geld maar zou banklening niet krijgen tenzij aan bank bewijst dat genoeg geld hebt dus onthoud volgende keer dat vastzit een lastige situatie,Dutch
het woord catch gebruiken,Dutch
krijg deze bewonderende blikken van vrienden woorden kunt gebruiken plaats van catch zijn paradox dilemma slim woord,Dutch
nummer drie suave suave suave middelen verfijnd zijn beleefd evenwichtig cool,Dutch
welgemanierd heeft het woord suave verschillende oorsprong maar een zeer interessante oorsprong van het woord wat aangenaam zoet smakend voorbeeld betekent,Dutch
hij evenwichtig zacht vooral het bijzijn van dame barack,Dutch
obama zacht gepolijst onthoud wanneer volgende keer een feest bent deze persoon ziet,Dutch
welgemanierd gecultiveerd verfijnd,Dutch
vergeet niet zeggen vriendelijke kerel daar hoek met dit woord zal woordenschat meteen toenemen,Dutch
heel zacht slim woord nummer vier afschuwelijk afschuwelijk het woord afschuwelijk betekent iets heel erg afschuwelijk verschrikkelijk afschuwelijk aanstootgevend afschuwelijk heeft een latijnse wortel genaamd,Dutch
wat betekent angst wreed verschrikkelijk enkele voorbeelden van het woord afschuwelijk zijn recente verkrachtingsincidenten delhi afschuwelijk gevangenen worden behandeld,Dutch
een gruwelijke manier wordt som gevangenissen gruwelijk ook het dagelijks leven gebruikt een veelvoorkomend kwaad praten dat wil overdrijven,Dutch
zijn tafelmanieren bijvoorbeeld afschuwelijk haar gevoel voor kleding afschuwelijk zijn grammatica afschuwelijk,Dutch
dus vergeet niet volgende keer dat het nieuws een gruwelijke daad hoort,Dutch
opmerken zeggen dat dit een gruwelijke daad slim woord nummer ontzagwekkend ontzagwekkend ontzagwekkend betekent verbazingwekkend verbazingwekkend,Dutch
gebruiken vaak het woord geweldig een woord dat kunt gebruiken plaats van geweldig verbazingwekkend bijvoorbeeld vandaag heb een verbazingwekkende score mijn test wat betekent dat een zeer hoge score heb gehaald,Dutch
heb een bijna perfecte score,Dutch
het woord verbazingwekkend heeft klassieke latijnse wortels van het woord dat betekent,Dutch
verbluft zijn ontzagwekkend wordt gebruikt iets beschrijven dat verbluffend goed ziet bijvoorbeeld ontzagwekkend uit jurk wat een geweldig uitzicht vanaf dit balkon lee dit ontzagwekkende boek dat niet kan neerleggen hoe zit het met jou vertellen,Dutch
vrienden dat dit geweldige kanaal voor studenten sommige woorden kunt gebruiken plaats van verbluffend zijn ongelooflijk fantastisch uitzonderlijk goed oké dus voordat verder gaan met uitgebalanceerde vijf woorden deze video vergeet dan niet een opmerking onder deze video plaatsen,Dutch
vertellen welk van deze tien woorden favoriete slimme woord nummer z zit een fix een fix betekent dat een lastige situatie verkeert bijvoorbeeld jongen zit een moeilijke situatie omdat met twee verschillende vrienden plannen voor heb gemaakt avond,Dutch
ben mijn telefoon kwijt zit problemen onze bus vanmorgen kapot gegaan zit problemen mijn vriend wendt zich altijd tot mij voor hulp hij problemen zit het goed gaat vergeet hij het,Dutch
dus volgende keer dat wiskundehuiswerk van school krijgt bijvoorbeeld wiskundeboek school hebt achtergelaten kun vrienden vertellen dat een echte situatie zit denk misschien dat het woord repareren iets doen heeft met iets repareren,Dutch
maar nee een fix betekent dat een lastige situatie zit woorden kunt gebruiken plaats van een fix zit een soep zit een puinhoop zit problemen ben gewoon een plek slim woord nummer flummox flummox betekent iemand verwarren,Dutch
vaak dat vergeten wat moeten doen verward meestal een veel gebruikt woord dus waarom gebruik geen flummox bijvoorbeeld jongen zag helemaal uit,Dutch
stomverbaasd toen leraar hem een vraag stelde klas hond keek stomverbaasd bij zijn eigen spiegelbeeld spiegel toerist door verschillende gebruiken,Dutch
hij tegenkwam tijdens zijn reizen een interview toen haar werd gevraagd waarom zouden inhuren zag compleet stomverbaasd uit dus volgende keer raakt vragen bijvoorbeeld tijdens een examen dan jij,Dutch
kan dat altijd zeggen omdat dat niet gedaan heb goed voorbereid het examen,Dutch
stomverbaasd door enkele van vragen,Dutch
woorden kunt gebruiken plaats van verward zijn verbijsterd verbaasd verbijsterd,Dutch
een heel franse manier ontmoeting datum zeggen heb bijvoorbeeld een afspraak met mijn vrienden tijdens lunch zaterdag ben van plan met mijn vrienden spreken het winkelcentrum voor film rendez kan zowel zelfstandig naamwoord werkwoord worden gebruikt bijvoorbeeld,Dutch
heb vanavond een afspraak met mijn vrienden morgen met mijn vrienden afspreken,Dutch
frankrijk werd eerdere afspraak door het leger gebruikt een ontmoetingsplaats voor troepen aan duiden iets spannends geheimzinnigs aan het woord rendez zelfs terwijl rendez voor elke bijeenkomst kunt gebruiken,Dutch
het algemeen maar het het erg geschikt voor een officiële vergadering dus een date hebt kun misschien zeker noemen dat een rendez slim woord nummer stomp stomp stomp een belediging zou gebruiken iemand dom ongewild probeert noemen domme het woord stomp hebt gehoord geometrie stompe hoek scherpe hoek dus een stompe hoek een hoek groter dan graden maar kleiner dan 180 graden,Dutch
een scherpe hoek deze scherpe hoek minder dan graden scherp een woord wordt gebruikt scherp aan duiden daarom ook mentaal scherp stomp duidt bot daarom ook een beetje traag geest dus voorbeeldzinnen met stomp zijn stom dat hij zijn wachtwoord weggaf aan een nep beller het stompe kind,Dutch
niet staat,Dutch
een enkele vraag test beantwoorden stompe het moeilijk zelfs basisinstructies begrijpen,Dutch
stel dat dagelijkse situatie vriend vriendin boo weet niet waarom dus kunt,Dutch
zeg tegen hen misschien ben stom maar weet niet waarom van streek bent,Dutch
slim woord nummer traag traag traag betekent langzaam bewegen een beetje langzamer zijn,Dutch
dan normaal een beetje moe gebrekkig uit zien,Dutch
energievoorbeeld maakt een zware lunch erg namiddag traag heeft wortels van het woord wat een traag persoon betekent een naaktslak een dier dat echt heel langzaam beweegt zoals een slak bijvoorbeeld,Dutch
economie dit jaar erg traag wedstrijd werd hervat een trage start,Dutch
zaken zijn dit kwartaal traag geweest kunt het dagelijks leven gebruiken een dag erg moe voelt dat kan moeder vertellen kunt het zien,Dutch
vrienden voel erg traag,Dutch
vandaag zou kunnen doen met een energiedrank woorden kunt gebruiken plaats van traag kunnen lusteloos zijn slepend met mijn voeten dus dat slimme woorden eerder,Dutch
geef geheime tip heel vloeiend klinken,Dutch
wil eraan herinneren dat zoek bent naar slimme woorden voor een telefoongesprek een link naar een video plaats,Dutch
daarvoor het beschrijvingsvak geheime tip,Dutch
geheime tip vloeiend klinken niet meer dan één slim woord zin gebruiken som ken,Dutch
worden erg opgewonden omdat,Dutch
wij heb een heleboel van deze slimme woorden geleerd hebben neiging twee drie vier één zin proppen niet natuurlijk klinkt,Dutch
zorg dus een voor een voor dat het woord juiste manier uitspreekt,Dutch
naar google typ het woord zoekopdracht rechtsboven zie een klein luidsprekerpictogram klik luidspreker,Dutch
hoor uitspraak een twee keer,Dutch
bent klaar gaan deze video leuk vond vergeet dan niet ons een duim omhoog geven met een opmerking,Dutch
voor mij eronder vertellen welke van deze woorden favoriet ook,Dutch
nog niet abonneerknop het belpictogram ernaast hebt gedrukt blij bent met kijken,Dutch
hey guy welkom mijn kanaal deze video,Dutch
beste engelse zinnen geven dagelijks leven kunt gebruiken,Dutch
dus het punt staat aan real beginnen,Dutch
naar een engels sprekend land kunt dit volledig gebruiken,Dutch
zinnen een tijdje engels leert wilt hervatten,Dutch
dit beste video mee beginnen dus laten hopelijk minuten zinnen het engels bekijken,Dutch
zin nummer één dit een manier vragen,Dutch
hoe gaat het met jou,Dutch
hoe gaat het,Dutch
hoe gaat het,Dutch
dus ontmoet iemand tijd hoe gaat het,Dutch
zin nummer twee iemand een tijdje niet hebt gezien vertel hem een lange tijd niet gezien dus dat betekent dat deze persoon misschien weken maanden niet gezien hebt zin nummer,Dutch
drie wilt vragen wat hebt gedaan,Dutch
vraagt wat hebt uitgespookt dus wat gebeurde leven,Dutch
wat heb gedaan voeden goed gaat,Dutch
nou kunt gewoon antwoorden kan niet klagen dat echt gaaf,Dutch
kan niet klagen volgende zin iemand vertelt iets hebt het niet echt het gesprek genoemd alsof een manier raden dat een nieuwe baan hebt vraagt het hem,Dutch
hoe weet dat,Dutch
waar heb het nieuws vandaan zoals hoe gaat het,Dutch
weet dat iemand een leuke grap vertelt kunt zien dat het een goede,Dutch
dat een geweldige grap dus zin dat het een goede,Dutch
iemand wilt bedanken kun zeggen dat het erg aardig van heel erg bedankt dat dat gedaan hebt dat erg aardig van het erg aardig van iemand,Dutch
probeerde helpen maar kon het resultaat dat kunt zeggen niet bereiken,Dutch
toch bedankt het maakt niet uit maar toch bedankt,Dutch
bedankt voor moeite,Dutch
nee toch bedankt een zin som mijn mail gebruik niet een persoon heb gevraagd,Dutch
vraag dan zeg uiteindelijk,Dutch
bij voorbaat dank wat betekent dat echt hoop dat het gaat doen,Dutch
bedank bij voorbaat,Dutch
bij voorbaat dank iemand een fout heeft gemaakt hij echt van streek,Dutch
kunt gewoon geen zorgen zeggen,Dutch
maak geen zorgen maak geen zorgen dus maak geen zorgen,Dutch
het goed,Dutch
maak geen zorgen stel voor dat thuiskwam vrienden bank zitten,Dutch
bent net wat aan hand zoals wat doe,Dutch
wat gebeurt iets niet hebt opgevangen het persoon altijd kunt vragen niet begreep goed heb begrepen,Dutch
gang leg uit waar vandaan kwam heb goed begrepen,Dutch
iemand vraagt niet van streek zijn niet huilen kun zeggen dat het niet ter harte moet nemen,Dutch
neem het niet ter harte wee niet van streek neem het niet ter harte,Dutch
een manier vragen een deel van een zin niet hebt verstaan kun zeggen dat het laatste woord niet heb verstaan,Dutch
mijn excuse,Dutch
kun het herhalen omdat het laatste woord niet heb verstaan hij wil dat iemand hele zin opnieuw herhaalt,Dutch
kunt sorry zeggen,Dutch
luisterde niet omdat het misschien druk,Dutch
misschien aan het telefoneren iemand tegen aan het praten denkt,Dutch
mijn god,Dutch
sorry luisterde niet,Dutch
kan het herhalen,Dutch
mijn excuse,Dutch
luisterde niet naar een zin hele tijd gebruik,Dutch
het maakt niet uit maak geen zorgen koffie overal bij neerzet,Dutch
het alsof het niet toe doet,Dutch
red het wel,Dutch
toch naar,Dutch
het maakt niet uit iemand geluk wilt wensen,Dutch
doe altijd dat vingers gekruist kunt zeggen vingers kruist,Dutch
duimen,Dutch
een uitdrukking amerikanen gebruiken slecht het verklaart,Dutch
situatie dat iets niet hebt gekregen dan krijg een extra effect krijgt het,Dutch
bent van dat verklaart het dat verklaart het,Dutch
een manier persoon vertellen dat hij niet boo moet zijn door zeggen dat dingen gebeuren alsof het goed,Dutch
gebeuren dingen wee niet boo niet naam hebt van een persoon met hem wilt spreken,Dutch
kunt sorry zeggen dat stoor weet dat het ziet,Dutch
iemand het druk heeft kunt altijd sorry zeggen dat stoor dan kunt het vragen,Dutch
sorry dat stoor,Dutch
midden iets iemand zit vraagt iets wat kunt zeggen,Dutch
bent ergens middenin iemand vraagt iets doen wat zegt het spijt,Dutch
ben bij ben bij dan verder met iets doen zegt waar,Dutch
zoals wanneer zijn gestopt waar moet het herhalen want met wat het geluid waarmee sommige mensen zich vergissen,Dutch
dus dit een geweldige manier oefenen waar ook alweer midden een gesprek zit,Dutch
snapte niet wat persoon zei kunt wel zeggen dat het zei met een vraagteken,Dutch
wat betekent dat persoon ertoe aanzet nogmaals herhalen,Dutch
zei,Dutch
iemand een baan van zijn dromen heeft wat ook kunt zeggen gelukkig ben jij iemand universiteit van zijn dromen binnenstapte een geluksvogel dit een manier persoon geluk heeft feliciteren gewoon benadrukken dat hij geluk heeft gehad geluk een manier zeggen dat echt boo bent zeggen dat paniek raakte alsof boo,Dutch
bang dat dit super boo,Dutch
dit bijna gek,Dutch
schrok van een zin moedertaalsprekers gebruiken goed voor dit kan zowel positief negatief zijn zegt dat promotie heb gemaakt goed voor zeggen zoals felicitaties som zegt alsof deze plek verlaat,Dutch
zijn goed voor het zou beter zijn zonder jou dit een negatieve betekenis dus luister echt naar intonatie,Dutch
iets verrast kun ook zeggen dat voor gek houdt mijn god,Dutch
kan het niet geloven houdt voor gek iemand vertellen dat hij moet glimlachen gelukkig zijn kun altijd zeggen opbeuren opkijken,Dutch
iemand wilt gewoon klinkt huilen klagen iets dat niet gebeurt kun zeggen kom ben kan het doen,Dutch
kom,Dutch
kunt het doen kunt toefl doorgeven kunt gmat doorgeven krijgt het kom,Dutch
kunt het doen iemand het heel goed doet kunt vertellen door met het goede werk door met het goede werk wee goed bent door met het goede werk doorgaan met een zin informeel dit wat amerikanen zeggen,Dutch
dat verlicht wat betekent dat dat verbazingwekkend zeiden veel amerikanen californië,Dutch
dat verlicht hebt het waarschijnlijk gehoord liedjes gaat branden iemand succesvol mislukkingen dus kunt zeggen dat gaat zei dat het gaat redden iemand vraagt moe bent wilt zeggen dat helemaal niet moe bent kan niet een beetje nah zeggen,Dutch
wil doorgaan ben niet moe van niet iemand vraagt weet het zeker bent vrij zeker van dat kunt zeggen dat daar geen ruimte voor,Dutch
geen ruimte voor twijfel amerika iemand wilt sm een bericht wilt sturen zeg tekst naar tekst dus stuur een sm betekent dat een bericht zal sturen via whatsapp een telegram een boodschapper van wat dan ook zal sm nog een keer iemand vrolijken zeggen dat niet boo moeten zijn kunt zeggen dat het het niet waard zoals waarom huil,Dutch
het het niet waard,Dutch
bent zoveel beter dan het probleem waar huilt het tranen niet waard,Dutch
het het niet waard ben persoonlijk dol zin rockt wat betekent dat geweldig bent,Dutch
mijn god,Dutch
jij rock rock,Dutch
nee hebt geweldig werk verricht,Dutch
rockt iemand niet echt goed werkt wilt dat harder werken kunt zeggen dat een extra mijl moet gaan wat betekent dat net harder moet werken een extra mijl moet doen,Dutch
een manier precies hetzelfde zeggen wat kunt zeggen verhoog spel zoals harder werken beter werken verhoog spel,Dutch
iemand huilt het niet wil,Dutch
het zinkt zegt trek jezelf bij elkaar alsof letterlijk jezelf neemt jezelf bij elkaar brengt stop met werken stop met huilen trek jezelf bij elkaar,Dutch
hey kalmeer jezelf saman een zin dat,Dutch
hou van verkocht mij omdat mensen som hun real beschrijven iemand kochten beschrijven het goed,Dutch
zijn alsof hetzelfde wil kopen vertel hen dat het hebt verkocht hebt verkocht,Dutch
zou dit niet goed kopen hebt verkocht niet geïnteresseerd bent het gesprek,Dutch
houdt van zitten kunt zeggen dat het niet kan schelen dit saai,Dutch
ben niet geïnteresseerd,Dutch
het kan niet schelen iemand iets vraagt dit een heel gemakkelijke beslissing voor zoals iemand zegt dat mijn miljoen dollar neemt zegt dat dit een brainer,Dutch
neem het,Dutch
dit een brainer wat betekent dat het een heel gemakkelijke beslissing voor iets verkeerd hebt gedaan geeft toe dat kunt zeggen dat het verpest heb jongens,Dutch
weet,Dutch
mijn excuse,Dutch
heb het verpest,Dutch
dit mijn fout,Dutch
heb het verpest heb het verpest wilt dat iemand plaats van mij werkt kun zeggen,Dutch
kun bedekken zoals kan werken plaats van mij terwijl zie mijn vriend,Dutch
kun dekken het tijd vertrekken jongens kan maar beter gaan wat betekent dat moet gaan,Dutch
het weet,Dutch
het eigenlijk uur,Dutch
direct,Dutch
kan maar beter een manier afscheid nemen,Dutch
kan zeggen wee voorzichtig wat betekent zorg voor jezelf,Dutch
zie later,Dutch
wee voorzichtig,Dutch
weet niet welke dag het wanneer deze video bekijkt maar het vrijdag bijvoorbeeld weekend,Dutch
kunt zeggen godzijdank vrijdag denk dat hemel zaterdag weekendontdekking zei,Dutch
ben blij dat dit het jongens zinnen het engels laat weten dit nuttig door deze video leuk vinden hieronder reageren nog meer coole zinnen kent,Dutch
dat zou geweldig zijn daar ergens een rode knop,Dutch
hallo welkom,Dutch
deze video zal 100 veelvoorkomende zeer nuttige zinnen geven een gesprek kunt gebruiken,Dutch
een zin hoort oefenen het mij zeggen,Dutch
probeer mijn uitspraak exact kopiëren inclusief tone voice gebruik,Dutch
oke laten beginnen,Dutch
basisgroeten hoe gaat het,Dutch
hoe staat het ermee,Dutch
hoe gaat het,Dutch
leuk ontmoeten,Dutch
dat lang geleden,Dutch
hoe het met,Dutch
geweldig bedankt,Dutch
jij,Dutch
weinig,Dutch
het gebruikelijke,Dutch
moet gaan,Dutch
het een genoegen ontmoeten ziet later,Dutch
blijf contact,Dutch
vragen naar informatie,Dutch
kun vertellen wat dit woord betekent,Dutch
zou toevallig weten waar bibliotheek,Dutch
aarzelend,Dutch
dat een goede vraag,Dutch
even kijken,Dutch
laat even nadenken,Dutch
vraagt herhaling,Dutch
pardon,Dutch
sorry dat heb niet verstaan,Dutch
zou dat willen herhalen,Dutch
kan wat langzamer praten alstublieft,Dutch
zeggen weet het niet,Dutch
ben bang dat geen idee heb,Dutch
kan daar niet helpen sorry,Dutch
slaat,Dutch
meningen,Dutch
wat denk daarvan,Dutch
wat mening hierover,Dutch
denk dat dat een goed idee,Dutch
denk eerlijk gezegd niet dat het gaat werken,Dutch
wat mij betreft dit het beste restaurant van stad,Dutch
een vraag vermijden,Dutch
heb geen mening,Dutch
laat daar terugkomen,Dutch
mag het niet zeggen,Dutch
eens oneens,Dutch
ben het daar niet meer mee eens,Dutch
hebt helemaal gelijk,Dutch
ben het 100 met eens,Dutch
slaat spijker zijn kop,Dutch
weet niet zeker het ermee eens ben,Dutch
ben bang dat het niet mee eens ben,Dutch
denk dat het mi hebt,Dutch
beleefd onderbreken,Dutch
sorry dat onderbreek,Dutch
kan daar even stoppen,Dutch
vind het erg spring,Dutch
doe maar,Dutch
maar door,Dutch
laat uitpraten,Dutch
wacht even,Dutch
suggesties,Dutch
wat zeg dat naar film gaan,Dutch
wat dacht van pizza eten voor vanavond,Dutch
dat zou geweldig zijn,Dutch
klinkt goed,Dutch
daar ben niet zeker van,Dutch
nee denk het niet,Dutch
plannen maken,Dutch
wat doe vanavond,Dutch
heb plannen voor morgen,Dutch
ben aanstaande zaterdag vrij,Dutch
wil dit weekend iets doen,Dutch
zeker wat heb gedachten,Dutch
ben het hele weekend vrij laten iets doen,Dutch
nee sorry heb wat plannen gemaakt,Dutch
heb het morgen druk,Dutch
zou graag iets willen doen maar kan het niet,Dutch
toestemming,Dutch
vind het erg mobiele telefoon gebruik,Dutch
zou het goed zijn morgen een vrije dag zou nemen,Dutch
alsjeblieft gang,Dutch
nee helemaal niet,Dutch
helaas moet nee zeggen,Dutch
heb liever dat het niet doet,Dutch
ben bang van wel,Dutch
verzoeken doen,Dutch
mag het zout alstublieft,Dutch
zou wat geld willen lenen,Dutch
vroeg hiermee kon helpen,Dutch
zeker geen probleem,Dutch
natuurlijk,Dutch
help graag verder,Dutch
sorry kan het niet,Dutch
ben bang dat het niet kan aanbiedingen doen,Dutch
kan een glas water geven,Dutch
wat dacht van een ijsje,Dutch
wil dat een lift naar huis geef,Dutch
graag,Dutch
dat zou geweldig zijn bedankt,Dutch
met mij gaat het goed maar bedankt voor het aanbieden,Dutch
nee het gaat goed bedankt,Dutch
mensen bedanken,Dutch
hartstikke bedankt,Dutch
proost waardeer het echt,Dutch
dat erg aardig van,Dutch
kan niet genoeg bedanken,Dutch
het niets,Dutch
noem het niet,Dutch
elk moment,Dutch
graag gedaan,Dutch
iemand vragen wachten,Dutch
kan even wachten alstublieft,Dutch
wacht een seconde,Dutch
heb even geduld met mij,Dutch
kom bij,Dutch
excuse aanbieden,Dutch
dat spijt echt,Dutch
accepteer mijn excuse,Dutch
maak geen zorgen,Dutch
geen zorgen,Dutch
oké meer lessen wilt veelvoorkomende zinnen woordgroepen laat het weten comment hieronder,Dutch
ook deze video leuk vond geef hem dan een duim omhoog door like knop drukken vergeet niet dit kanaal abonneren door abonneerknop klikken mijn laatste lessen youtube krijgen,Dutch
gelukkig leren zie binnenkort een,Dutch
het gouden brood eens een klein dorpje een vrouw marion heette,Dutch
met haar enige dochter narcisa marion buitengewoon nederig lieve narcisa echter helemaal het tegenovergestelde ziet dat mooi zonder woorden een leven,Dutch
pop het meest grappige dat oneindig veel van zichzelf hield narcisa zou,Dutch
help het brood bakken mam meelmeisjes mijn heldere sprankelende ogen,Dutch
narcisa wil helpen deze zaden planten wat waarom zou dat doen wat heb dat vuil mijn mooie vingers erger wat het goed mijn gezicht ging dat het probleem met narcisa,Dutch
vond zichzelf geweldig wat voor werk dan ook doen,Dutch
veel vrijers kwamen narcissen vragen,Dutch
omdat haar schoonheid wijd zijd bekend maar allemaal heel grof afgewezen waarom heb mannen gisteren weggestuurd leken aardig kunt niet serieus zijn mama een van hen,Dutch
zulke kleine ogen bijna van een vogel een enorme neus dat niet bij hem buurt zou willen zijn,Dutch
toen hij niesde laatste stop nee wil niet meer horen wat kon zien dat mannen echt aardig mijn liefste moet schoonheid kennen,Dutch
niet moeder moet beseffen dat iemand verdien een prins een ridder,Dutch
lieverd een nacht toen sliep zat haar moeder naast haar keek naar haar,Dutch
mijn lieve kind bent mooi lief maar geeft niks dan schoonheid,Dutch
dat moment begon narcissus lachen haar slaap haar moeder buitengewoon verrast hoe leuk volgende ochtend een heel grappige droom moet hebben narcis,Dutch
werd wakker,Dutch
glimlachte giechelde lieverd vertel waar van droomde,Dutch
gisteravond nou mam het geweldige droom weet een prins naar toe kwam,Dutch
zei dat hij met wilde trouwen hij een gouden koets gekomen hij van boven tot onder gekleed ook goud wat een dwaze droom,Dutch
weet dat het beste ervan toen mijn trouwjurk droeg ook van goud,Dutch
natuurlijk staarde iedereen alleen naar mij,Dutch
narcisa niets verbazingwekkends aan droom,Dutch
het een erg egoïstische droom moeder weet niet wat zegt droom heeft doen beseffen dat veel grootser voedsel nodig heb dan het soort dat thuis eet brood gemaakt van goud,Dutch
denk maar aan arme narcis moeder zich zorgen maakte haar dochter hoe,Dutch
zou dag haar leven leiden,Dutch
twee vriendinnen kwamen bezoek bij moeder van narcis,Dutch
mellie badstof,Dutch
drie heel lang vrienden maar badstof ellie hadden allebei een geheim,Dutch
magische wezens iets waarvan moeder van narcisse niets wist van terry melli het goed zien het erg lang geleden hoe gaat het met ben heel goed geweest zou beter zijn geweest alleen maar wat mijn dochter narcisa een beetje meer begrip marian vertelde mellie badstof narcisa hoe zich zorgen maakte haar wil eten brood gemaakt van goud wat moet met haar doen nou misschien haar droom uitkomt,Dutch
dat zou geweldig zijn zou het niet goed zijn denk dat verloop van tijd zal groeien leren laten iets praten,Dutch
later zwaaiden mellie terry hun oude vriend gedag gingen avond zowel moeder dochter lachend naar elkaar,Dutch
klaarmaken voor bed moeder hoop echt dat mijn droom uitkomt weet narcisa volgende dag narcisa haar moeder buiten hun tuin een prachtige,Dutch
gouden koets kwam aanrijden bezaaid met edelstenen diamanten zag buitengewoon verbluffend uit,Dutch
toen het stopte kwam een knappe tevoorschijn keek naar narcisa,Dutch
helemaal verbaasd hoe knap hij,Dutch
mijn droom komt echt uit umm,Dutch
wat hallo ben gekomen narcissushand het huwelijk vragen maar hoe weet haar naam ben jij,Dutch
ben terrence engel van het geluk naam schoonheid van dochter hele wereld bekend heb een geschenk meegebracht maar kent hem nauwelijks kunt niet met hem meegaan,Dutch
dom hij rijk knap wat wil nog meer terrence accepteer voorstel,Dutch
daarmee stapte zijn rijtuig zonder zelfs maar afscheid nemen van haar moeder reed het rijtuig met engel terwijl aan het reizen ging het rijtuig plotseling een magisch portaal binnen daar reisde het door een stormachtig gebied het rijtuig botste enorm rond narcis,Dutch
erg bang maak geen zorgen mijn liefste dit zal snel voorbij zijn net zoals hij dit zei het rijtuig ging door een portaal bereikte oprit,Dutch
van een enorm prachtig gouden kasteel narcisa verbaasd het moois dat zag wist dat zoveel rijkdom verdien wist dat het leuk zou vinden wat wilt vind van mooiste jurken tot het lekkerste eten allemaal mijn paleis goed sprekend eten heb echt honger rit uitgehongerd mag iets van dat lekkere eten natuurlijk vlees stinkende melissa zal krijgen wat maar wilt heb zoveel gehoord arm schat hebt honger kom niet laten naar eettafel gaan zal wat eten voor halen dank gingen naar eetkamer daar tafel stond het meest verbazingwekkende voedsel dat narcisa ooit gezien geweldig dat komt omdat jam wordt gemaakt,Dutch
van robijnen salade van smaragden het brood daar gemaakt van goudgoud brood hoe mooi deze jam eruit zal zien heerlijk zal smaken met het brood nam een sneetje erbij,Dutch
robijnrode jam erop nam een enorme hap dit heet kan niet goed eten het brood van goud het beste ook maar het niet kunt eten moet zilver brood zilver geven waarom niet jij eet,Dutch
iets maar wil gewoon brood brood dat kan eten heb niet look aanstaande vrouw van mijn vader het koud moet alleen beste narcis eten,Dutch
heb naar het eten gekeken,Dutch
maar diepbedroefd voor wat oneetbaar,Dutch
begon snel huilen wil dit niet maar het eten echt goed,Dutch
probeer wat gouden aardappelen zijn echt goed nadat met mij bent getrouwd,Dutch
moet dit allemaal opeten,Dutch
dacht dat van mooie dingen hield,Dutch
nee wil niet met trouwen,Dutch
wil naar huis,Dutch
naar mijn moeder laat naar huis gaan melissa terrence keken elkaar aan knipogen goed,Dutch
dat echt wat wilt dan neem mee naar huis,Dutch
terrence nam het huilen ongelukkig,Dutch
narcis thuis koets begon diep denken keuzes gemaakt toen thuiskwam,Dutch
rende haar moeder omhelzen het huis zat verdrietig zu mijn lieve dochter dacht dat nooit meer zou zien,Dutch
mam hou veel van gelijk uiterlijk rijkdom niet het gouden brood nutteloos omdat het niet kon eten ook,Dutch
hij knap hij gaf helemaal niet maar mijn liefste besef dat dat precies manier waarop behandelde,Dutch
weet dat het spijt van manier waarop gedroeg mam nee het goed sind het hebt gezien wat fout kom laten vanaf dag iets lekkers geven,Dutch
narcisa veranderde haar manier van doen worstelde eerst maar langzaam geduldig begon een stuk aardiger worden een dag dat mellie badstof marian weer kwamen ontmoeten hallo jullie twee dus vertel het ons marian,Dutch
hoe marian vertelde hun allebei wat gebeurd sind tijd veranderd,Dutch
heeft denk dat geen goudbrood meer zou willen weet,Dutch
terry lijkt eigenlijk een beetje engel maar wat zie hoe kun hem zijn jullie twee zijn aardig,Dutch
nature una la más prestigiosas revistas científicas nivel mundial fue fundada por joseph norman lockyer,Spanish
primer número fue publicado noviembre 1869,Spanish
con una periodicidad semanal revista publicada reino unido por compañía nature publishing group subsidiaria macmillan publisher propiedad del grupo editorial holtzbrinck dueños del semanario zeit,Spanish
nature tiene oficinas londres nueva york san francisco washington tokio parís múnich basingstoke dispone corresponsales propios mayoría los países industrializados,Spanish
editorial publica también varias revistas especializadas bajo nombre nature como nature neuroscience nature method nature structural molecular biology entre otros títulos,Spanish
revista leída por científicos investigadores todo mundo siendo mayor parte los artículos exposiciones trabajos investigación muy técnicos,Spanish
sin embargo también incluye editoriales noticias científicas carácter general así como artículos sobre política científica diferentes países críticas libros técnicos divulgación artículos sobre historia futuro algunas disciplinas científicas,Spanish
según los journal citation report revista tiene factor impacto 456,Spanish
para mayoría los científicos publicar nature constituye una marca prestigio,Spanish
revista rechaza torno los artículos enviados para revisión por pares,Spanish
los artículos publicados aparecen ocasiones reseñados por prensa general considera encuentran frente investigación científica,Spanish
algunos artículos famosos publicados por nature fueron 2007 fue galardonada con premio príncipe asturias comunicación humanidades junto con revista science por labor durante más siglo impulsando difundiendo la grandes conquistas científicas humanidad acercando este modo ciencia vida,Spanish
los artículos publicados nature someten riguroso sistema arbitraje por expertos internacionales cada área del conocimiento,Spanish
los artículos publicados han pasado filtro revisión por pares,Spanish
casos dudosos algunos los experimentos repetidos por otros científicos confidencialmente ante publicación,Spanish
los editores revista realizan también una importante criba determinando artículo interés general está entre los temas interés científico superior,Spanish
pesar todos estos filtros algunos artículos publicados por revista constituyeron famosos escándalos demostrarse falsedad los resultados presentados,Spanish
tale fueron los casos memoria del agua fusión fría,Spanish
wikipedia una enciclopedia libre políglota editada manera colaborativa,Spanish
administrada por fundación wikimedia una organización sin ánimo lucro cuya financiación está basada donaciones,Spanish
sus más millones artículos 300 idiomas han sido redactados conjunto por voluntarios todo mundo suma más 2000 millones ediciones permite cualquier persona pueda sumarse proyecto para editarlos menos página encuentre protegida contra vandalismos para evitar problemas disputas,Spanish
fue creada enero 2001 por jimmy wale larry sanger mayor más popular obra consulta internet,Spanish
desde fundación wikipedia solo ganado popularidad encuentra entre los sitios web más populares del mundo sino además éxito propiciado aparición proyectos hermanos wikcionario wikilibros wikiversidad wikiquote wikinoticias wikisource wikiespecies wikiviajes,Spanish
existen tres características esenciales del proyecto wikipedia definen conjunto función web,Spanish
lema enciclopedia libre todos pueden editar explica los tres principios según cofundador jimmy wale proyecto constituye esfuerzo para crear distribuir una enciclopedia libre más alta calidad posible cada persona del planeta idioma para lograr mundo cada persona del planeta tenga acceso libre suma todo saber humanidad,Spanish
desarrolla sitio wikipedia org haciendo uso software wiki término originalmente usado para wikiwikiweb,Spanish
wikipedia recibido diversas críticas,Spanish
algunos han acusado parcialidad sistémica inconsistencias con críticas sobre política del proyecto enciclopédico favorecer consenso sobre la credenciales proceso editorial otras críticas han estado centradas susceptibilidad ser vandalizada aparición información espuria falta verificación aunque estudios eruditos sugieren vandalismo general deshecho con prontitud,Spanish
la 300 ediciones diecisiete superan 000 000 artículos inglés cebuano sueco alemán francés neerlandés ruso italiano español polaco samareño vietnamita japonés chino árabe portugués ucraniano,Spanish
una buena parte sus ediciones idiomáticas está disponible para ser utilizada offline distribuida dvd otros soportes,Spanish
muchas sus ediciones han sido replicadas través internet mediante espejos han dado origen enciclopedias derivadas bifurcaciones otros sitios web,Spanish
wikipedia sido criticada por exhibir sesgos sistémicos por estar sujeta manipulación giro temas controvertidos edwin black criticado wikipedia por presentar una mezcla verdad verdad medias algunas falsedades,Spanish
wikipedia también sido criticada por prejuicios género particularmente versión inglés donde mayoría los editores hombre,Spanish
sin embargo han realizado maratones edición para alentar la editoras aumentar cobertura temas relacionados con mujer,Spanish
facebook anunció para 2017 ayudaría los lectores detectar noticias falsas sugiriendo enlaces artículos relacionados wikipedia,Spanish
youtube anunció plan similar 2018,Spanish
uno los sitios web más populares según clasificación alexa enero 2021 revista economist colocó como decimotercer lugar más visitado web,Spanish
sin publicidad está alojado por fundación wikimedia una organización estadounidense sin fine lucro financiada principalmente través donaciones,Spanish
wale cita ensayo uso del conocimiento sociedad escrito por economista filósofo escuela austriaca premio nobel economía friedrich hayek leyó cuando era estudiante como central para pensamiento acerca cómo gestionar proyecto wikipedia hayek argumenta información está descentralizada cada individuo solo conoce una pequeña fracción conoce colectivamente como resultado la decisiones toman mejor por aquellos con conocimientos locale lugar por una autoridad central,Spanish
wale reconsideró ensayo hayek década 1990 mientras estaba leyendo sobre movimiento código abierto abogaba por distribución gratuita software libre,Spanish
fue particularmente conmovido por ensayo catedral bazar escrito por uno los fundadores del movimiento eric raymond adaptado más adelante libro,Spanish
wale afirmó ese ensayo abrió ojos la posibilidades colaboración masiva,Spanish
marzo 2000 jimmy wale creó nupedia proyecto enciclopedia libre basado ambicioso exhaustivo proceso revisión por pares diseñado para hacer sus artículos una calidad comparable la enciclopedias profesionales gracias participación eruditos principalmente doctorandos académicos los proponía colaborar modo remunerado,Spanish
proyecto tuvo apoyo económico empresa bomis fundada por wale administrada por este junto con compañero desde 1996 colaboración richard stallman quien propuso cambio licencia pública general gnu desde antigua nupedia open content license,Spanish
larry sanger doctor filosofía conocía anteriormente wale mantener con discusiones filosóficas por internet fue contratado por este convirtió redactor jefe nupedia,Spanish
debido lento avance del proyecto 2001 creó wiki usemod vinculado nupedia cuya finalidad inicial era agilizar creación artículos forma paralela ante estos pasaran sistema revisión por expertos,Spanish
existe cierta polémica entre los fundadores nupedia sobre quién propuso originalmente idea usar wiki jimbo wale larry sanger bien una tercera persona pero caso éxito aquel pequeño proyecto paralelo wikipedia acabó eclipsando nupedia dejó funcionar 2003,Spanish
proyecto wikipedia inició enero 2001,Spanish
artículo más antiguo puede encontrarse wikipedia uuu creado enero 2001 versión inglesa consistía tres enlaces hacia sendos artículos sobre reino unido estados unidos uruguay,Spanish
larry sanger pasó colaborar con wikipedia trabajó activamente organización directrices del proyecto marchó 2002 por desacuerdos con wale,Spanish
ese año wikipedia abarcaba idiomas 2003 161 finale 2004,Spanish
wikipedia nupedia coexistieron hasta extinción segunda 2003,Spanish
sin embargo posibilidad utilizar publicidad wikipedia provocó una reacción parte los contribuyentes wikipedia español motivo llevó creación enciclopedia libre universal español febrero 2002,Spanish
este episodio podría haber impulsado vez determinación utilizar publicidad creación fundación wikimedia cambio nuevo url,Spanish
han iniciado otros varios proyectos enciclopedia con formato wiki gran parte bajo una filosofía diferente apertura modelo editorial del punto vista neutral desarrollado por wikipedia,Spanish
por ejemplo wikinfo uno los portales web requiere punto vista neutral permite investigación original,Spanish
también hubo nuevos proyectos inspirados wikipedia como citizendium scholarpedia conservapedia knol google donde algunos los aspectos fundamentales wikipedia abordan manera diferenciada como la políticas revisión por pares investigación original publicidad comercial,Spanish
septiembre 2004 wikipedia alcanzó millón artículos 100 idiomas,Spanish
2007 versión inglés superó los millones artículos convirtiéndose enciclopedia con mayor número artículos historia superando ese aspecto yongle dadian 1407 sostuvo récord durante varios siglos,Spanish
debido popularidad sencillez oxford english dictionary considerado introducir término wiki,Spanish
octubre 2011 wikimedia anunció lanzamiento wikipedia zero una iniciativa para permitir acceso gratuito móvil datos wikipedia países del tercer mundo través colaboraciones con operadores telecomunicaciones móviles,Spanish
palabra wikipedia nombre propio acuñado por larry sanger principios 2001 contracción wiki una tecnología para crear sitios web colaborativos procedente vez wikiwiki rápido hawaiano encyclopedia enciclopedia inglés,Spanish
este nombre pronuncia inglés como afi afi,Spanish
wikipedia español creada meses después heredó nombre,Spanish
tras una votación realizada entre septiembre noviembre 2003 por parte los usuarios esta decidió seguir con mismo término,Spanish
votación barajaron los siguientes nombres por orden popularidad librepedia huiquipedia uiquipedia güiquipedia viquipedia ñiquipedia velozpedia limonpedia güisquipedia velocipedia,Spanish
otros también usaron nombre wikipedia fueron los idiomas ordenados según iso 639 alemán bretón corso danés euskera filipino finlandés gallego neerlandés indonesio islandés italiano nauruano noruego polaco rumano siciliano somalí suajili sueco,Spanish
esta una lista la grafías alternativas usadas para nombrar wikipedia la diferentes ediciones nota cada asterisco denota una referencia respectiva por múltiple adopción lingüística,Spanish
desde inicio 2001 wikipedia utilizado diferentes marcas corporativas,Spanish
elemento común toda ellas una esfera escrita como elemento central simbolizando mundo conocimiento,Spanish
2003 adoptó por concurso internacional dibujo una esfera incompleta conocida como globo rompecabezas compuesta por piezas rompecabezas varios colores con enlaces azul pertenecientes distintas escrituras del mundo simbolizando así condición obra construcción tiene wikipedia,Spanish
diseño ganó concurso internacional sufrió algunas modificaciones ante ser aprobado como logo oficial principalmente eliminación del color reemplazo los enlaces por grafemas diversas escrituras del mundo,Spanish
denuncia diversos errores inconsistencias los símbolos incluidos globo rompecabezas posibilidad diseñar una imagen animada fotorrealista impulsó entre diversos editores wikipedia debate sobre posibilidad realizar modificaciones elemento gráfico,Spanish
como consecuencia tras labor realizada través una iniciativa fundación wikimedia junto mile voluntarios para modificar interfaz enciclopedia dibujo globo rompecabezas fue reemplazado 2010 por modelo tridimensional algunos símbolos la piezas rompecabezas fueron reemplazados por otros principalmente aquellos constituyen primer grafema palabra wikipedia distintas wikipedias existen mundo,Spanish
por añadidura cambió tipografía del elemento denominativo wikipedia enciclopedia libre para usar fuente abierta linux libertine con excepción inicial mantiene con fuente hoefler text constituye también uno los símbolos oficiales,Spanish
cada wikipedia según idioma autónoma tiene facultades para elegir marca identifique,Spanish
partir 2003 toda han adoptado básicamente misma con elemento denominativo wikipedia free encyclopedia wikipedia enciclopedia libre traducido idioma escribe cada una,Spanish
la marcas han sido realizadas voluntaria gratuitamente por usuarios wikipedia sus derechos pertenecen fundación wikimedia,Spanish
han existido existen muchas enciclopedias línea compitieron con wikipedia como microsoft encarta encyclopædia britannica sin embargo ninguna logrado mismo éxito wikipedia,Spanish
wikipedia busca crear resumen todo conocimiento humano con cada tema cubierto enciclopédicamente artículo,Spanish
como tiene terabyte espacio disponible puede abarcar muchos más temas cualquier enciclopedia impresa,Spanish
grado exacto forma cobertura wikipedia encuentran constante revisión por parte sus editores los desacuerdos infrecuentes tal como demuestra controversia sobre eliminación contenidos,Spanish
según estudio realizado por revista nature 2007 wikipedia alcanzaba enciclopedia británica calidad aunque existe controversia sobre este asunto,Spanish
además sus contenidos están disponibles formato impreso,Spanish
otro estudio realizado por universidad carnegie mellon palo alto research center sobre la mayores categorías artículos wikipedia inglés desde julio 2006 hasta enero 2008 arrojó los siguientes resultados para visualización artículos fundación wikimedia rediseñó interfaz con tema tapiz conoce como vector creado 2010,Spanish
ante actualización años atrás existía una interfaz clásica conocida como monobook con limitadas características,Spanish
dentro interfaz existen variedad mandos usados para navegar editar páginas,Spanish
por ejemplo para buscar otros enlaces ampliar imágenes como otros sitios web,Spanish
además mediante la pestañas pueden navegar interaccionar colaborar con otras páginas,Spanish
aunque algunas actividades mantenimiento ocultas para los usuarios registrados proyecto,Spanish
para editar artículo recurre código wiki una caja texto través pestaña editar siempre está disponible caso alguna prevención contra vandalismo,Spanish
entre sus mandos asemejan clásico html por ejemplo para los enlaces usan corchetes signos iguales para los títulos entre otros cual puede dar una mala impresión aquellas persona tengan conocimientos informática,Spanish
octubre 2016 wikipedia abarcaba 284 ediciones activas distintos idiomas dialectos,Spanish
cada edición trabaja forma independiente está obligada incluir contenido otras ediciones solo debe respetar políticas globales tale como mantener punto vista neutral,Spanish
sin embargo comparten algunos artículos imágenes entre la diversas ediciones wikipedia través del repositorio wikimedia common solicitan traducciones organizadas artículos procedentes otras ediciones,Spanish
los artículos traducidos representan solamente una pequeña parte del total cualquiera ellas,Spanish
la cinco ediciones con más artículos orden descendente inglés sueco neerlandés alemán francés,Spanish
enero 2011 wikipedia contenía 278 ediciones 268 activas varios estados desarrollo sumaban más millones artículos,Spanish
lista idiomas incluye idiomas artificiales como esperanto lenguas indígenas aborígenes como náhuatl maya la lenguas la islas andamán lenguas muertas como latín chino clásico anglosajón,Spanish
marzo 2006 wikipedia inglés convirtió primera superar millón artículos seguida diciembre 2009 por wikipedia alemán septiembre 2010 por wikipedia francés diciembre 2011 por wikipedia neerlandés enero 2013 por wikipedia italiano mayo del mismo año por wikipedia ruso del mismo por wikipedia español junio por wikipedia sueco septiembre por wikipedia polaco,Spanish
durante primera mitad 2014 alcanzaron también millón artículos tres ediciones lenguas asiáticas wikipedia vietnamita wikipedia samareño wikipedia cebuano,Spanish
siguiente una lista la dieciséis mayores ediciones ordenadas por número artículos,Spanish
la cifras referenciadas respectivamente cada versión actuales,Spanish
muchas ediciones wikipedia como sueca neerlandesa rusa utilizan bot para creación automática esbozos razón por número artículos necesariamente una referencia válida con respecto estado calidad,Spanish
una categorización diferente sería medium tamaño por artículo así una wikipedia con numerosos artículos apenas unos pocos byte quedaría situada por debajo otra con menos entradas pero más trabajadas,Spanish
también hay tener cuenta muchas wikipedias como por ejemplo rusa japonesa china hebrea usan alfabetos latino silabarios sistemas ideográmicos ello aumenta tamaño la base datos,Spanish
países desde donde editan los artículos,Spanish
según estadísticas wikipedia 2020 ingresan mensualmente sitio unos 1600 millones dispositivos tomando promedio los últimos doce meses,Spanish
aparte del sitio web han elaborado otras versiones alternativas cumplen misión visualizar artículos pesar la críticas censura artículos,Spanish
agosto 2009 fundación wikimedia lanzó una aplicación oficial wikipedia para iphone ipod touch puede descargar app store,Spanish
esta aplicación libre gratuita solo funciona iphone versiones más recientes,Spanish
también hay versión para android,Spanish
cuanto acceso mediante sitio web existían alternativas como sitio wapedia sin embargo wikipedia cuenta con propia versión móvil del sitio disponible línea,Spanish
otras versiones publicadas por fundación wikimedia fueron la distribuciones soporte físico sobre 2003 dvd 2005 la cuales incluían la versiones alemán polaco portugués inglés,Spanish
esto hace mediante software libre kiwix permite instalación directa,Spanish
estas características permiten sea posible ser usadas computadoras sin conexión internet permitiendo interactividad comunicación entre diferentes puestos como por ejemplo centros infantiles,Spanish
wikipedia hay servicios ofrecen versión impresa,Spanish
mediawiki incorporado una herramienta recolección para exportar artículos odf pdf,Spanish
también existe posibilidad imprimir libros vía pediapress programa socio fundación wikimedia mediante misma solicitud,Spanish
desde octubre 2005 china había bloqueado acceso wikipedia pues gobierno bloquea habitualmente acceso los sitios web considera subversivos filtra la páginas internet con términos considera delicados,Spanish
año después wikipedia fue desbloqueada territorio chino aunque censura mantuvo parcialmente con los términos sensibles tale como tíbet falun gong,Spanish
2008 varios centros educativos los estados unidos prohibieron uso wikipedia desde sus instalaciones por considerarla poco fiable,Spanish
también mismo año 160 000 usuarios solicitaron través del sitio web care retirada la imágenes sobre mahoma los artículos wikipedia,Spanish
este caso petición fue rechazada,Spanish
octubre 2011 debido aprobación ley mordaza wikipedia italiano tuvo suspender la actividades por temor severas multas ejecutarían sus contenidos biográficos,Spanish
manera similar enero 2012 versión inglesa autocensuró para protestar ley sopa durante día entero,Spanish
uno los delegados twitter dick costolo consideró sitio web cerrar negocio global por solo asunto política nacional una locura,Spanish
comunidad wikipedia una red voluntarios veces conocidos como wikipedistas veces simplemente llamados usuarios hacen aportaciones enciclopedia línea wikipedia,Spanish
existe una jerarquía por ciertos editores elegidos para tener mayor control editorial los miembros comunidad,Spanish
emigh herring sostienen unos pocos usuarios activos cuando actúan concierto con la norma establecidas dentro sistema edición abierta pueden alcanzar máximo control sobre contenido producido dentro del sistema literalmente borrando diversidad controversia inconsistencia homogeneizando la vox los contribuyentes,Spanish
comunidad también sido criticada por responder la quejas sobre calidad artículo aconsejando la persona quejan arreglar artículo por mismos,Spanish
profesor james fetzer criticado wikipedia podía cambiar artículo sobre mismo para garantizar imparcialidad wikipedia tiene una política desalienta edición biografías los sujetos mismos salvo casos claro como revertir vandalismo correcciones sobre desactualización datos erróneos,Spanish
comunidad sido descrita como culto aunque siempre con connotaciones negativas del todo,Spanish
wikipedia requiere sus usuarios identifiquen,Spanish
esto significa varias persona pueden utilizar una cuenta más frecuentemente una persona puede utilizar varias cuentas menudo intento influir contenido los artículos ayudar crear consenso la disputas editoriales,Spanish
última práctica conoce como usuarios títeres desalienta activamente wikipedia,Spanish
proyectos como wikipedia susning enciclopedia libre wikis los los artículos desarrollados por numerosos autores existe criterio revisión formal,Spanish
wikipedia enciclopedia más grande cuanto número artículos palabras jamás escrita,Spanish
contrario sucede con muchas otras contenido está liberado bajo licencias contenido abierto,Spanish
caso wikipedia español cualquier persona tiene posibilidad crear artículo nuevo casi cualquier visitante puede editar contenido excepción los artículos encuentran protegidos,Spanish
sin embargo inglesa los usuarios registrados pueden comenzar artículos desde cero,Spanish
wikipedia fue creada con idea producir textos calidad partir colaboración entre usuarios semejanza los proyectos desarrollo aplicaciones libres,Spanish
los artículos evolucionan con paso del tiempo esto visible historial ediciones,Spanish
habitualmente una parte la ediciones vandálicas contenido relacionado con wikipedia con información falsa ocasiones editores con puntos vista encontrados producen conoce como guerra ediciones,Spanish
esta produce cuando do más editores entran ciclo reversiones mutuas debido disputas causadas por diferencias opinión sobre contenido del artículo,Spanish
hay confundir vandalismo frecuentemente afecta una sola vez artículo artículos con guerra ediciones cual afecta repetidas veces mismo artículo breve lapso,Spanish
entre los artículos vandalizados frecuentemente edición español destacan george bush benedicto xvi testigos jehová mientras artículos con fuertes guerras ediciones cuba comunidad valenciana debido disparidad entre la opiniones sus redactores,Spanish
cada capítulo wikipedia cuenta con grupo personal encargado cooperación,Spanish
dentro esta lista mencionan administradores cuyas funciones fundamentales hacer mantenimiento tal como borrar artículos bloquear vándalos otras funciones estar servicio del cumplimiento la norma rigen,Spanish
capítulo con más administradores wikipedia inglés con total más 1600,Spanish
debido considerable popularidad existieron propuestas mascotas representaban wikipedia una manera oficial,Spanish
primera aparecer fue wikípedo una hormiga trabajadora dedicada mantenimiento sus contribuciones,Spanish
popularidad fue poca,Spanish
2004 una votación para ser remplazada abandonada comunidad eligió wikipe tan personaje tipo tan dibujada por usuario diseñador gráfico para proyecto anime manga,Spanish
obstante sido criticada por ser sexuada considerado ofensivo por partes comunidad,Spanish
wikipedia tiene una serie políticas establecidas por los propios participantes cuya finalidad conjunta mantener identidad del proyecto como enciclopedia promover calidad sus contenidos,Spanish
cada capítulo wikipedia adopta sus propias políticas aunque algunas comunes todos ellos,Spanish
una vez comunidad logra consenso sobre aplicación una norma todos los editores están obligados respetarla,Spanish
algunas estas políticas wikipedia proyecto dirigido literalmente todo mundo editable por literalmente cualquier persona,Spanish
esta característica constituye una sus mayores ventajas pero también genus problema existen persona introducen deliberadamente información parcial bien creando planteamiento sesgado bien omitiendo puntos vista comparten interesan,Spanish
política encarga combatir dicho problema punto vista neutral básicamente establece necesidad absoluta innegociable reunir los artículos susceptibles polémica todos los puntos vista significativos,Spanish
además la licencias contenido libre garantizan dicho contenido pueda ser reeditado cuantas veces sea necesario por cualquier persona propósito edición mejora,Spanish
según jimmy wale uno los fundadores wikipedia colaboración produce efectos positivos ampliamente aceptados,Spanish
para ingeniero informático formado filosofía joaquín siabra fraile wikipedia primero conjunto reglas procedimientos solo después contenidos la reglas mecanismo virtual diseñado para conseguir unos contenidos fruto del consenso racional,Spanish
para siabra dan wikipedista habermas consideraba como criterios del participante una situación ideal comunicación verdad rectitud veracidad,Spanish
wikipedia debido condición enciclopedia electrónica sin ánimo lucro crecimiento permanente tanto referente contenido como número editores cuya inmensa mayoría colabora forma altruista admite información tendría cabida una enciclopedia convencional limitada esta última por espacio físico número tomos confina dicha información por número editores contratados por editorial por tiempo dedicado confeccionar obra,Spanish
sin embargo toda información tiene cabida existen criterios relevancia establecidos por consenso comunitario tal modo aunque rechaza priori ningún artículo investigan la nuevas creaciones descartan la cumplen determinados requisitos,Spanish
por ejemplo admiten los artículos autopromocionales esto ninguna persona puede publicar artículo sobre misma sobre una persona cercana familiar por ejemplo sobre empresa trabaja,Spanish
cuando tema goza una mínima necesaria relevancia llega captar atención cuando menos algún medio comunicación libro revista periódico reputado estos últimos los según la norma wikipedia debe acudirse para crear artículo,Spanish
estos criterios están contemplados varias políticas saber páginas autopromoción criterios para borrado rápido wikipedia una fuente primaria verificabilidad fuentes fiables,Spanish
según declaraciones oficiosas bibliotecario administrador colombiano wikipedia español los bibliotecarios esta wikipedia eliminan más artículos los otras versiones wikipedia,Spanish
contenido textual está bajo la licencias gnu creative common última versión actualizó mediante una votación entre abril mayo 2009,Spanish
mediante lema enciclopedia libre entendía modo del software libre como producto distribución gratuita sin restricciones,Spanish
así también considera software por codificación mediawiki bajo gpl,Spanish
esta redistribución presenta requisito debe ser acreditada decir debe mencionarse atribución licencia incluye share alike además necesario conservar esta licencia otra similar evitando protección distribución,Spanish
sin embargo había estado trabajando cambio licencias creative common porque gfdl inicialmente diseñada para manuales software adecuada para trabajos referencia línea porque la do licencias incompatibles,Spanish
cada autor editor ilustrador contribuye enciclopedia siempre atribuyen los derechos autor según convención berna,Spanish
autor también puede copiar contenido otro con permiso correspondiente sobre todo caso contenido con licencia libre sin embargo podrá usarse contenido prohíbe distribución reproducción modificación una manera ilícita porque ello limitaría utilización con seguridad acarrearía problemas con la políticas,Spanish
por ello wikipedia inglés puede aparecer cualquier imagen ilustrativa siempre haga manera lícita,Spanish
excepción del contenido varias sus características isologo esta marca corporativa está protegido por permite distribución sin previa autorización,Spanish
para fundación privacidad información tan importante como prevención vandalismo,Spanish
muchos artículos revertidos incluso ocultados del historial imagen este último consigue con eliminación información través supresores disponen herramientas específicas para ello,Spanish
este modo por ejemplo eliminan la ediciones insultantes intimidatorias evitan sobrecargas confusas historial del artículo,Spanish
cuanto comunidad los usuarios ceden demasiada información propia comunidad quien decide salvar fácilmente cualquier amenaza,Spanish
ello permite atribuir una manera anónima minimiza trabajo,Spanish
para administrar por ejemplo realizan estadísticas para organizar la visitas artículos entre otros pudiendo ser poco usual para censar comunidades,Spanish
cuanto atribución creative common por parte garantiza contenido por los derechos imagen hayan cedido,Spanish
wikipedia alemán los artículos publicados hasta haber sido revisados por editor experto,Spanish
está barajando posibilidad aplicar misma medida wikipedia inglés,Spanish
wikipedia está siendo editada por mile persona todo mundo,Spanish
con excepción ciertas persona remuneradas por fundación wikimedia resto conocidos jerga wikipedia como wikipedistas actúan siempre manera gratuita voluntaria,Spanish
total comunidad está conformada por más 400 millones usuarios registrados todo mundo incluyendo algo más 700 000 versión hispana donde mujeres,Spanish
la páginas internas wikipedia dirigidas fundamentalmente los colaboradores anima los usuarios participar activamente proyecto,Spanish
hay diversas formas colaborar desde crear nuevos artículos ampliar los existentes corregir textos cumplan la convenciones estilo establecidas cuya información sea errónea inexacta hasta clasificar artículos por materia añadir imágenes otros materiales multimedia del repositorio common retirar textos con derechos autor aportar sugerencias para los más inexpertos señalar simplemente cualquier defecto encontrado con finalidad otros corrijan,Spanish
actualmente administradores humanos sistemas mantenimiento robot como trabajadores automáticos mantenimiento,Spanish
para colaborar necesario registrarse,Spanish
por ese motivo los contribuyentes registran conocidos como usuarios anónimos aparecen identificados sus ediciones con número lugar con alias,Spanish
por estar registrados tienen restringidas ciertas acciones como votar toma decisiones,Spanish
wikipedia registro gratuito instantáneo,Spanish
usuario registrado diferencia del anónimo identifica con alias una página usuario propia además poder personalizar interfaz edición wiki,Spanish
una condición necesaria hora registrarse elegir alias resulte ofensivo difícil escribir,Spanish
algunos usuarios llevan cierto tiempo editando wikipedia sin problemas asigna categoría autoconfirmados sus ediciones aparecen página cambios recientes con fondo diferente del resto los usuarios,Spanish
una medida economía esfuerzos permite los usuarios dedican combatir vandalismo revertir ediciones incorrectas basándose confianza estos usuarios abstengan comprobar sus ediciones este modo focalicen labor resto la ediciones disminuyendo volumen trabajo con menor riesgo equivocarse,Spanish
día hoy edición español hay registrados 103 100 usuarios los cuales menos del usuarios activos usuarios han realizado menos una acción los últimos días,Spanish
acuerdo christian stegbauer sociólogo alemán por número colaboradores puede definirse wikipedia democrática,Spanish
sus propias palabras refiriéndose wikipedia alemán nuestra conclusión fondo menos 1000 persona la deciden sobre esta enciclopedia digital,Spanish
comprobado determinados usuarios crean la llamadas cuentas propósito particular estos usuarios registran con único propósito introducir información beneficie sus propios intereses motivo por cual numerosas ocasiones sus ediciones sesgadas parciales inútiles desde punto vista enciclopédico,Spanish
según análisis publicado abril 2009 por investigador español josé felipe ortega del grupo libresoft universidad rey juan carlos wikipedia había sufrido descenso notable editores toda sus versiones lingüísticas entre 2007 2009,Spanish
noticia fue ampliamente recogida por los medios comunicación,Spanish
esta última afirmación fue desmentida por jimmy wale fundador wikipedia,Spanish
una pequeña parte los usuarios wikipedia alrededor del los usuarios activos del oooo del total usuarios registrados wikipedia español dedica labores administrativas,Spanish
estos usuarios ejercen esas funciones tras ser propuestos por parte otro otros usuarios generalmente veteranos una votación democrática abierta totalidad comunidad usuarios registrados los requisitos norma dicha votación cualquier votación general recogen una política llamada votaciones,Spanish
según sociólogo alemán christian stegbauer interesante los administradores elegidos así obtienen una especie legitimidad democrática,Spanish
por otro lado solo una parte la persona participa activamente dicha elección muchos ellos administradores,Spanish
administrador propone candidato probabilidad ser elegido mayor propuesta proviene otro miembro,Spanish
fundación wikimedia describe los siguientes cargo administrativos principales innecesarios para editar pero necesarios para asuntos protección coordinación software según declaraciones oficiosas bibliotecario colombiano wikipedia español existe problema comunicación entre los bibliotecarios esta wikipedia ejercicio la políticas algunas persona consideran expertas determinados temas este problema redunda perjuicio para enciclopedia,Spanish
también afirma los bibliotecarios wikipedia español eliminan más artículos los otras versiones wikipedia,Spanish
cualquier caso la declaraciones los usuarios wikipedia ostenten cargo administrativo deben tomarse como una mera opinión personal sin menor representatividad puesto bien los bibliotecarios elegidos democráticamente por resto los usuarios entre sus funciones encuentran la representar comunidad wikipedia establecer autoridad más allá confiera ejercicio la políticas,Spanish
regularmente operan wikipedia varios sistemas edición automática,Spanish
denominan bot contracción robot cumplen realización ciertas tareas tediosas para los editores como creación enlaces entre la distintas ediciones enciclopedia pequeños ajustes internos del código wiki corrección faltas ortográficas etc,Spanish
algunas ediciones wikipedia utilizan también bot para creación masiva artículos normalmente esbozos,Spanish
para ser considerados como tale deben tener menos afijo bot supervisor cual usuario propietario,Spanish
wikipedia ejecuta sobre software libre mediawiki,Spanish
mediawiki fase iii del programa cuya historia desarrollo siguiente instalan varias extensiones mediawiki para ampliar funcionalidad del software mediawiki,Spanish
julio 2013 después extensas pruebas beta extensión wysiwyg del editor visual abrió uso público,Spanish
característica cambió predeterminada después,Spanish
wikipedia actualmente ejecuta grupos dedicados servidores linux principalmente ubuntu,Spanish
diciembre 2009 había 300 florida ámsterdam,Spanish
para enero 2013 wikipedia había migrado centro datos primario una instalación equinix ashburn virginia,Spanish
2017 wikipedia había instalado clúster almacenamiento caché una instalación equinix singapur primera tipo asia,Spanish
nota debe confundirse wikipedia con fundación wikimedia organización gubernamental mantiene sitio web wikipedia,Spanish
sitio web wikipedia está mantenido exclusivamente por fundación wikimedia una organización sin ánimo lucro instituida bajo la leyes florida estados unidos cuya finalidad promover mundo apoyo económico social para varios proyectos colaborativos contenido libre,Spanish
existencia fue oficialmente anunciada por director general bomis cofundador wikipedia jimbo wale junio 2003,Spanish
do los proyectos fundación wikimedia actúan como complementos del resto los proyectos incluyendo wikipedia,Spanish
uno almacén contenido multimedia los editores del resto los proyectos pueden incrustar modo ilustraciones otro encarga del software sustenta todos los proyectos hay contenidos tienen cabida wikipedia por ser información enciclopédica,Spanish
por ello han desarrollado varios proyectos hermanos independientes entre recogen este otro tipo información,Spanish
todos ellos también multilingües libres están administrados por fundación wikimedia,Spanish
wikipedia uno los sitios web más visitados referenciados del mundo internet consecuentemente uno los primeros sitios incluso primero muchos casos entre los aparecen los resultados los motores búsqueda,Spanish
este hecho sumado influencia cada vez mayor internet sobre la persona trae como consecuencia enorme impacto popular enciclopedia colaborativa todos los niveles impacto acrecentando medida pasa tiempo,Spanish
los últimos años wikipedia estado influyendo notablemente los medios comunicación sobre todo periodísticos los cuales numerosas ocasiones copiaron información web enciclopédica mayoría la veces sin citar fuente,Spanish
este respecto bastante ilustrativo experimento realizado por shane fitzerald estudiante universitario dublinés años publicado mayo 2009 por periódico irishtimes com tras enterarse del fallecimiento maurice jarre unas horas ante shane editó artículo correspondiente compositor para incluir una cita ficticia poco después cita apareció la secciones necrológicas los periódicos guardian london independent sitio web bbc music magazine periódicos india australia,Spanish
este experimento demuestra fuerza internet escala global,Spanish
los periodistas usaron esta cita obviamente confiaron wikipedia como fuente información tal vez podían permitirse lujo realizar investigaciones ulteriores bajo presión necesidad ser los primeros publicar cita como resultado proporcionaron los lectores una información falsa,Spanish
cuanto wikipedia los errores normalmente corrigen con prontitud aunque casos como relatado suficiente como para adelantarse los acontecimientos,Spanish
este tipo experimentos raramente realizan wikipedia los editores descubiertos reciben por parte los administradores severos castigos función gravedad falta pueden llegar bloqueo dirección perpetuidad,Spanish
por otra parte existen persona acusan wikipedia difamación ilustrativo caso alejandro peña esclusa quien afirmaba gobierno país estaba llevando contra una campaña colaboró enciclopedia,Spanish
cualquier caso wikipedia como proyecto fuente primaria basa una serie políticas promueven verificabilidad uso fuentes fidedignas reputadas,Spanish
partir este punto wikipedia delega cualquier tipo responsabilidad momento publica nombre fuente obtuvo información,Spanish
ahí entre otras cosas importancia verificabilidad uno los cinco pilares básicos sobre los sustenta proyecto,Spanish
han producido varios casos los dirigentes políticos persona próximas ellos modificaron artículos wikipedia interesadamente,Spanish
otro orden cosas han creado versiones parodian,Spanish
entre la más conocidas encuentran inglés uncyclopedia encyclopædia dramatica español frikipedia inciclopedia,Spanish
historietas humorísticas skeletor aparece vandalizando artículo,Spanish
debido sus méritos popularidad sitio web obtenido largo los años varios galardones menciones,Spanish
algunas muestras la siguientes los usuarios wikipedia organizan eventos regulares ocasionales con objetivo promover creación edición artículos,Spanish
por ejemplo 2006 creó proyecto llamado wiki reto 250 dedicado aumentar número artículos con llegó final del año los 250 000 artículos wikipedia español,Spanish
proyectos ese tipo similares organizan cada año,Spanish
por otro lado existe una serie proyectos incluidos propio sitio web reciben nombre wikiproyectos cada uno los cuales dedica trabajar sobre tema específico correcciones ortográficas creación ampliación artículos determinado campo manejo ilustraciones etc,Spanish
fuera del sitio web otros han expresado la impresiones personales sitio produce,Spanish
por ejemplo vicente verdú artículo versión digital del periódico país describió experiencia usar wikipedia como una divertida multitudinaria manera gozar jugar amar pasar rato,Spanish
por parte artículo opinión terra network perú consideraba uso desordenado excesivo causaba wiki adicción,Spanish
una entrevista con jimmy wale representante fundación wikimedia para efe este explicó creencia expansión internet otros países ampliaría uso wikipedia sobre todo lugares subdesarrollados creando este modo una conexión culturas,Spanish
con motivo del décimo aniversario wikipedia mismo wale declaró deseo wikipedia alcanzase los 1000 millones usuarios para 2015,Spanish
ámbito económico alex konanykhin fundador presidente wikiexperts perteneciente wikimedia presentó wale una propuesta colaboración,Spanish
plan consistía ofrecer los servicios una red escritores por contrato toda la empresas entidades cumpliesen con los requisitos rigor exigidos por wikipedia para crearles sus propios artículos forma enciclopédica,Spanish
según konanykhin este modelo financiero aseguraría futuro wikipedia,Spanish
obstante wikipedia lejos presentar apuros económicos batido récord recaudación campaña efectuada para ejercicio 2011 con millones dólares procedentes 500 000 donantes 140 países todo ello tan solo medio,Spanish
crítica wikipedia sido dirigida hacia contenido sus procedimientos carácter la prácticas comunidad wikipedia así como naturaleza como enciclopedia fuentes abiertas cualquiera puede editar,Spanish
la principales preocupaciones sus críticos fiabilidad del contenido escritura prosa organización los artículos así como existencia sesgos sistémicos género raciales entre comunidad editorial,Spanish
wikipedia también sido criticada por manejo desigual aceptación retención artículos temas polémicos,Spanish
hay controversia sobre fiabilidad precisión,Spanish
revista científica nature declaró diciembre 2005 wikipedia inglés era casi tan exacta artículos científicos como encyclopaedia britannica,Spanish
estudio realizó comparando artículos ambas obras por comité expertos sin estos supieran cuál la do enciclopedias provenían,Spanish
resultado fue wikipedia tenía casi mismo nivel precisión enciclopedia británica pero tenía promedio error más por artículo,Spanish
por otro lado según consta reportaje publicado junio 2009 por periódico español país estudio 2007 dirigido por periodista francés pierre assouline realizado por grupo alumnos del máster periodismo del instituto estudios políticos parís para analizar fiabilidad del proyecto materializó libro revolución wikipedia alianza editorial cuyas conclusiones eran bastante críticas,Spanish
entre otras cosas afirmaba estudio nature fue poco estricto sesgado así como según propio estudio britannica continuaba siendo más fiable wikipedia,Spanish
desde nacimiento larry sanger discrepó por posible falta veracidad siguieron después otros autores caso aria maldonado 2010 assouline,Spanish
2008,Spanish
incluso los defienden como una obra documentada caso tim reilly colocan los últimos puestos,Spanish
ndesanjo macha indica muchas veces más enriquecedor está la discusiones artículo propiamente dicho porque allí pueden reflejarse mejor los distintos puntos vista la laguna existentes,Spanish
para bob mchenry exeditor enciclopedia británica uno los mayores riesgos los enfrenta wikipedia entrada persona convencidas punto vista verdadero impidiendo incluir cualquier otro,Spanish
por esta razón realmente valioso puede aparecer la discusiones artículo como confirma ndesanjo macha,Spanish
para assouline,Spanish
2008 wikipedia está matando los valores verificación consulta fuentes primarias deben tener los periodistas historiadores profesionales del conocimiento general,Spanish
según autor esta enciclopedia línea también instrumento ideal para desinformar ser editada por partidos políticos otros grupos presión,Spanish
además presenta problemas diferenciación importante superfluo así versión francesa entrada sobre albert londres comenzaba diciendo periodista judío francés como religión fuese segundo dato más importante del resumen incierto mismo tiempo por ser londinense católico fruto una campaña para desacreditarlo haciéndolo pasar por judío,Spanish
otro ejemplo era artículo sobre alexandre solzhenitsyn dedicaba mitad contenido relación del escritor con españa por haber realizado comentario sobre francisco franco gustó redactor,Spanish
los ejemplos dado por assouline sobre excesiva extensión unos contenidos frente otros fueron refrendados por estudio dirigido por universidad minnesota junto otras tres 2011,Spanish
conclusión fue wikipedia inglés mostraba los artículos realizados por mujeres presumiblemente destinados más público femenino eran significativamente más cortos los redactados por hombre por hombre mujeres,Spanish
ese mismo año universidad oxford demostró la referencias localidades situaban europa américa del norte del mismo modo antártida contaba con más artículos áfrica sudamérica,Spanish
do los principales motivos por los cuales wikipedia criticada cuanto exactitud fiabilidad sus contenidos persistencia detalles erróneos difíciles detectar imprecisiones necesariamente malintencionadas pero pueden permanecer artículo por mucho tiempo,Spanish
por parte los actos vandálicos modificaciones inapropiadas ofensivas los artículos entorpecen desarrollo del proyecto constituyen importante factor la problemáticas contenido cuya solución largo plazo pasa como sucede los otros do casos por una mejora constante calidad por incorporación ampliación progresiva artículos,Spanish
mientras la inexactitude contenido la tendencias crecimiento irregular pueden ser subsanadas medida siga evolucionando proyecto aumenten la ediciones artículos vandalismo representa una amenaza constante incrementa proporción crecimiento exponencial wikipedia,Spanish
por ejemplo exposición una mayor afluencia visitas los artículos publicados varios medios prensa implicaba porcentaje muy alto vandalismos incluidos personajes públicos casi tanto como cambios constructivos,Spanish
pero solo trata ediciones dentro artículo también existen artículos enteros falsos,Spanish
wikipedia inglés posee una entrada dedicada solo ellos como también wikipedia español,Spanish
existencia artículos falsos con una duración casi diez años siembra dudas sobre capacidad wikipedia para autocorregirse,Spanish
otros casos además duración destaca los sucesivos filtros por los pasaron caso del conflicto bicholim fue redactado sin nadie percatara del fraude propuesto bueno elegido como artículo bueno propuesto destacado rechazado por cuestiones técnicas sin nadie comprobase veracidad los contenidos,Spanish
manera similar pasó con artículo cayo flavio antonino supuesto asesino julio césar cuya entrada permaneció ocho años forma esbozo,Spanish
uno los más controversiales fue santiago swallow conferencista ficticio creado por kevin ashton fue descubierto publicarse artículo prensa donde autor declaró invirtió dólares para hacerlo famoso,Spanish
2014 desarrolló algoritmo hecho por universidad nankín correos telecomunicaciones sobre base red bayesiana método similar detección correo basura piensa sistema implementará futuro próximo,Spanish
ejemplo paradigmático vandalismo masivo produjo julio 2006 como consecuencia una llamada participación por parte stephen colbert conocido humorista presentador televisión norteamericana una sección programa colbert report tituló wikiality después algunos gag torno posibilidad cambiar ubicación estados países sus respectivas definiciones wikipedia animó los telespectadores modificar entrada elefante para constara lugar disminuir población del elefante africano había triplicado,Spanish
como resultado inmediato hasta veinte entradas wikipedia inglés hacían referencia elefantes fueron bloqueadas por sus administradores bien pasaron estado semi protegidas solo modificables por usuarios registrados con mínimo antigüedad,Spanish
para todos los ejemplos citados sus variantes aparte la medidas correctoras llevadas cabo forma reversión aviso bloqueo comunidad wikipedistas crea mantiene igual sucede entre programadores voluntarios entornos software libre toda una serie herramientas implementaciones técnicas destinadas actuar contra vandalismo desde foros canales específicos irc hasta programas paralelos detección aviso pasando por usuarios realidad programas bot cuya misión exclusivamente combatir los actos vandálicos,Spanish
parece con dichas modificaciones ese problema comenzó estar bajo control desde 2007 pero limitó la posibilidades supervivencia wikipedia,Spanish
otras ocasiones los errores llegan por confusión,Spanish
algunos han confundido wikipedia con wikileaks sitio almacenamiento documentos filtrados conocido por polémica del cablegate,Spanish
jimmy wale cofundador wikipedia explicó cuando 2006 wikileaks comenzó sus actividades presentó como wikipedia los secretos,Spanish
cuando wale fundó wikipedia creó una organización llamada wikia,Spanish
esta organización encargó registrar los dominios bajo término wiki permitió wikileaks sus comienzos utilización del término wiki dominio correspondiente,Spanish
obstante actualmente enero 2011 los dominios adquiridos por wikileaks están punto caducar jimmy wale tiene intención renovar contrato sus propias palabras desea wikipedia relacione con wikileaks,Spanish
proyecto cuenta con importantes subvenciones multinacionales estadounidenses intereses capitalistas,Spanish
por otro lado opinión césar rendueles doctor filosofía profesor asociado universidad complutense madrid usuario wikipedia todo mucho más doméstico alguna gente imagina,Spanish
opinión enciclopedia está controlada por todos aquellos generosamente dedican tiempo regularmente edición artículos afirma como resultado enciclopedia refleja perfil predominantemente conservador aunque muchos casos para redacción artículos muestra lado liberal dando mayor énfasis libertad contenido cooperación del mismo quienes disponen más tiempo libre,Spanish
concluye diciendo una mayor presencia comunidad universitaria escolar sería auténtico soplo aire fresco para enciclopedia,Spanish
opinión contraria otros autores como daniel rodríguez herrera para quien wikipedia posee una clara tendencia izquierdista cual comprueba viendo los resúmenes stalin otros dirigentes comunistas llamados ningún momento dictadores solamente líderes,Spanish
algunas empresas han intentado repetidas ocasiones manipular información aparece sobre ellas wikipedia enfatizando los aspectos positivos suavizando eliminando los negativos con fin mejorar imagen corporativa,Spanish
por ejemplo microsoft eliminó párrafo donde aparecían los errores consola xbox 360 consorcio petrolífero chevron texaco borró todo texto sobre biodiésel,Spanish
2013 diario económico expansión denunció la acciones algunas la principales empresas españolas para manipular historial alterar favorablemente la biografías sus directivos,Spanish
cambios este tipo pueden ser detectados con utilización una herramienta llamada wikiscanner,Spanish
otras críticas además precisión han estado refiriéndose violación intimidad algunas persona adición imágenes interpretadas como pornografía infantil escasa certeza la entradas sobre temas salud creación artículos biográficos sobre animales,Spanish
algunas denuncias llegaron ser muy notorias graf como uso del escudo perteneciente oficina federal investigación uno sus artículos,Spanish
tema controversia ciertos medios labor algunos administradores bibliotecarios extralimitan sus funciones bloqueando otros usuarios generando enfados razón por cual varios quieren mantener incógnito por miedo represalias,Spanish
también ambiente wikipedia permite incluso fomenta ese tipo actuaciones pues según aria maldonado una la partes divertidas wikipedia conspirar,Spanish
una evidencia por parte fivethirtyeight sobre los 100 artículos más editados versión inglés muestra los temas más controvertidos para wikipedia los deportes personajes del entretenimiento norteamericano política religión,Spanish
top lista están los artículos sobre estados unidos michael jackson jesucristo los luchadores wwe último mucho mayor artículo del real madrid,Spanish
estudio sobre tratamiento desigual los contenidos mayor enciclopedia web dio cuenta solo la grandes mujeres están bien representadas enciclopedia los artículos sobre ellas presentan desigualdades género,Spanish
pesar cada vez más persona informan wikipedia este sitio web visto una baja significativa sus visitas buscador google unos 250 millones tres meses abril junio 2015 representa cerca del así informó estudio similar web empresa británica tecnología información luego corroborado por cofundador wikipedia jimmy wale,Spanish
una la razones esa brusca caída puede ser buscador una referencia directa wikipedia lado derecho pantalla quitaría necesidad cliquear enlace,Spanish
informe hackernoon sitio web estadunidense publicación tecnología wikipedia había perdido 2019 millones páginas vista,Spanish
enero 2020 había perdido tráfico comparación con mismo 2019,Spanish
principal culpable esta bajada buscador google entre sus muchas funciones herramientas muestra menudo extractos wikipedia cuando hace una búsqueda suele dar prioridad los vídeos youtube plataforma propiedad,Spanish
similar situación está ocurriendo debido los asistentes alexa siri,Spanish
este sistema búsquedas tan moda llama búsqueda sin click hace wikipedia pierda visitas gran velocidad,Spanish
según ortega soto 2009 la principales versiones wikipedia inglesa alemana japonesa española etc estaban perdiendo usuarios porque los nuevos editores compensaban número los veteranos abandonaban edición,Spanish
además había disminuido tiempo medio editor tardaba desistir,Spanish
esta tendencia confirmó 2013 tom simonite del instituto tecnológico massachusetts cuando confirmaba propia fundación wikimedia reconocía enciclopedia línea tenía problemas ante carencia cada vez más acusada voluntarios,Spanish
contraste análisis tendencias publicado economist presenta wikipedia otros idiomas wikipedia inglesa como exitosa retener sus editores activos manera renovable sostenida con número relativamente constante,Spanish
2010 alison,Spanish
head michael eisenberg publicaron una investigación sobre uso dan wikipedia los estudiantes universitarios,Spanish
estudio tuvo lugar siete universidades estados unidos tenía como objetivo mostrar con qué frecuencia motivos qué momento trabajo académico utiliza esta enciclopedia,Spanish
resultado posicionó como sexta fuente consulta segunda académica enciclopedia predilecta para obtener trasfondo general sobre tema,Spanish
ubicó por delante sitios gubernamentales compañeros clase colecciones personales libros enciclopedia británica quedó relegada undécimo puesto,Spanish
estudio universidad carolina 2018 concluyó wikipedia recursos educativo abierto más utilizado por estudiantes argumentó la instituciones educativas deberían centrar atención ello por ejemplo apoyando wikipedistas residentes,Spanish
aprendizaje automático aprendizaje automatizado aprendizaje máquinas del inglés machine learning subcampo la ciencias computación una rama inteligencia artificial cuyo objetivo desarrollar técnicas permitan la computadoras aprendan,Spanish
dice agente aprende cuando desempeño mejora con experiencia decir cuando habilidad estaba presente genotipo rasgos nacimiento,Spanish
forma más concreta los investigadores del aprendizaje máquinas buscan algoritmos heurísticas para convertir muestras datos programas computadora sin tener escribir los últimos explícitamente,Spanish
los modelos programas resultantes deben ser capaces generalizar comportamientos inferencias para conjunto más amplio potencialmente infinito datos,Spanish
muchas ocasiones campo actuación del aprendizaje automático solapa con estadística inferencial la do disciplinas basan análisis datos,Spanish
sin embargo aprendizaje automático incorpora la preocupaciones complejidad computacional los problemas,Spanish
muchos problemas clase hard por gran parte investigación realizada aprendizaje automático está enfocada diseño soluciones factibles esos problemas,Spanish
aprendizaje automático también está estrechamente relacionado con reconocimiento patrones,Spanish
aprendizaje automático puede ser visto como intento automatizar algunas partes del método científico mediante métodos matemáticos,Spanish
por tanto proceso inducción del conocimiento,Spanish
aprendizaje automático tiene una amplia gama aplicaciones incluyendo motores búsqueda diagnósticos médicos detección fraude uso tarjetas crédito análisis del mercado valores clasificación secuencias adn reconocimiento del habla del lenguaje escrito juegos robótica,Spanish
algunos sistemas aprendizaje automático intentan eliminar toda necesidad intuición conocimiento experto los procesos análisis datos mientras otros tratan establecer marco colaboración entre experto computadora,Spanish
toda formas intuición humana puede ser reemplazada totalidad diseñador del sistema especificar forma representación los datos los métodos manipulación caracterización los mismos,Spanish
sin embargo la computadoras utilizadas por todo mundo con fine tecnológicos muy buenos,Spanish
aprendizaje automático tiene como resultado modelo para resolver una tarea dada,Spanish
entre los modelos distinguen los modelos pueden también clasificarse como modelos agrupamiento modelos gradiente,Spanish
los primeros tratan dividir espacio instancias grupos,Spanish
los segundos como nombre indican representan gradiente puede diferenciar entre cada instancia,Spanish
clasificadores geométricos como la máquinas vectores apoyo modelos gradientes,Spanish
los diferentes algoritmos aprendizaje automático agrupan una taxonomía función salida los mismos,Spanish
algunos tipos algoritmos análisis computacional rendimiento los algoritmos aprendizaje automático una rama estadística conocida como teoría computacional del aprendizaje,Spanish
aprendizaje automático la persona llevamos cabo manera automática proceso tan sencillo para nosotros damos cuenta cómo realiza todo implica,Spanish
desde nacemos hasta morimos los seres humanos llevamos cabo diferentes procesos entre ellos encontramos aprendizaje por medio del cual adquirimos conocimientos desarrollamos habilidades para analizar evaluar través métodos técnicas así como también por medio experiencia propia,Spanish
sin embargo la máquinas hay indicarles cómo aprender logra una máquina sea capaz desarrollar sus habilidades proceso aprendizaje estará llevando cabo sino solo será una secuencia repetitiva,Spanish
este tipo aprendizaje usa árbol decisiones como modelo predictivo,Spanish
mapean observaciones sobre objeto con conclusiones sobre valor final dicho objeto,Spanish
los árboles estructuras básicas informática,Spanish
los árboles atributos base la decisiones,Spanish
una la do formas principales árboles decisiones desarrollada por quinlan medir impureza entropía cada rama algo primero desarrolló algoritmo id3 luego,Spanish
otra la estrategias basa índice gini fue desarrollada por breiman friedman alia,Spanish
algoritmo cart una implementación esta estrategia,Spanish
los algoritmos reglas asociación procuran descubrir relaciones interesantes entre variable,Spanish
entre los métodos más conocidos hallan algoritmo priori algoritmo eclat algoritmo patrón frecuente,Spanish
los algoritmos genéticos procesos búsqueda heurística simulan selección natural,Spanish
usan métodos tale como mutación cruzamiento para generar nuevas clases puedan ofrecer una buena solución problema dado,Spanish
la redes neuronas artificiales rna paradigma aprendizaje automático inspirado la neuronas los sistemas nerviosos los animales,Spanish
trata sistema enlaces neuronas colaboran entre para producir estímulo salida,Spanish
la conexiones tienen peso numéricos adaptan según experiencia,Spanish
esta manera la redes neurales adaptan impulso capaces aprender,Spanish
importancia la redes neurales cayó durante tiempo con desarrollo los vectores soporte clasificadores lineales pero volvió surgir finale década 2000 con llegada del aprendizaje profundo,Spanish
la mv una serie métodos aprendizaje supervisado usados para clasificación regresión,Spanish
los algoritmos mv usan conjunto ejemplos entrenamiento clasificado do categorías para construir modelo prediga nuevo ejemplo pertenece una otra dichas categorías,Spanish
análisis por agrupamiento clustering inglés clasificación observaciones subgrupos cluster para la observaciones cada grupo asemejen entre según ciertos criterios,Spanish
la técnicas agrupamiento hacen inferencias diferentes sobre estructura los datos guían usualmente por una medida similitud específica por nivel compactamiento interno similitud entre los miembros grupo separación entre los diferentes grupos,Spanish
agrupamiento método aprendizaje supervisado una técnica muy popular análisis estadístico datos,Spanish
una red bayesiana red creencia modelo acíclico dirigido modelo probabilístico representa una serie variable azar sus independencias condicionales través grafo acíclico dirigido,Spanish
una red bayesiana puede representar por ejemplo la relaciones probabilísticas entre enfermedades síntomas,Spanish
dado ciertos síntomas red puede usarse para calcular la probabilidades ciertas enfermedades estén presentes organismo,Spanish
hay algoritmos eficientes infieren aprenden usando este tipo representación,Spanish
aprendizaje automático podemos obtener tipos conocimiento los tres tipos efectúan durante proceso aprendizaje automático pero importancia cada tipo conocimiento depende la características está tratando aprender,Spanish
aprendizaje más una necesidad factor primordial para satisfacer la necesidades inteligencia artificial,Spanish
aprendizaje supervisado caracteriza por contar con información especifica qué conjuntos datos satisfactorios para objetivo del aprendizaje,Spanish
ejemplo podría ser software reconoce una imagen dada imagen rostro para aprendizaje del programa tendríamos proporcionarle diferentes imágenes especificando proceso trata rostros,Spanish
aprendizaje supervisado cambio programa cuenta con datos definan qué información satisfactoria,Spanish
objetivo principal estos programas suele ser encontrar patrones permitan separar clasificar los datos diferentes grupos función sus atributos,Spanish
siguiendo ejemplo anterior software aprendizaje supervisado sería capaz decirnos una imagen dada rostro pero podría por ejemplo clasificar la imágenes entre aquellas contienen rostros humanos animales la contienen,Spanish
información obtenida por algoritmo aprendizaje supervisado debe ser posteriormente interpretada por una persona para darle utilidad,Spanish
continuación muestran una serie temas podrían formar parte del temario curso sobre aprendizaje automático,Spanish
aprendizaje automático nació búsqueda inteligencia artificial,Spanish
los primeros días como disciplina académica algunos investigadores interesaron hacer la máquinas aprendiesen,Spanish
trataron resolver problema con diversos métodos simbólicos así como ellos llamaron redes neurales eran general perceptrones otros modelos básicamente basados modelos lineares generalizados como conocen la estadísticas,Spanish
muchos lenguajes programación pueden usarse para implementar algoritmos aprendizaje automático,Spanish
los más populares para 2015 eran python,Spanish
muy usado ante todo campo académico mientras python más popular empresa privada,Spanish
entre los paquetes software incluyen algoritmos aprendizaje automatizado hallan los siguientes los algoritmos aprendizaje automático menudo pueden verse afectados por sesgo puedan tener los datos ver sesgo algoritmico,Spanish
por ejemplo podrán clasificar todos aquellas entradas la haya recibido ninguna información fase entrenamiento,Spanish
hecho cuando entrenamiento realiza con datos clasificados por ser humano aprendizaje automático tiende crear los mismos segos hay sociedad,Spanish
algunos ejemplos esto cuando 2015 algoritmo google photo identificaba algunas persona negras con gorilas 2016 cuando bot twitter microsoft desarrollo comportamientos racistas machistas base observar tráfico datos dicha red social,Spanish
por este motivo los últimos años habido una tendencia desarrollar métodos para aumentar equidad decir para reducir sesgo este tipo algoritmos por parte los expertos,Spanish
citando fei fei tiene nada especial,Spanish
inspira persona creada por persona más importante impacta la persona,Spanish
una herramienta muy poderosa tan solo hemos comenzado entender esa una gran responsabilidad todos estamos buscando formas rápidas ser más fluidos inglés entiendo pasa hay solo unas pocas palabras dando vueltas nuestro cerebro necesitamos hacer toda esta conversación usando simplemente increíble increíble genial épico aprenda algunas palabras inglés nuevas inteligentes puede usar vida diaria mejore vocabulario minutos,Spanish
así hoy vamos aprender nuevas palabras inteligentes con sus significados palabras raíz oraciones ejemplo así vamos empezar,Spanish
hola todos esto están viendo,Spanish
este video daré palabras inteligentes para uso diario final este video,Spanish
también voy darte consejo inteligente para suene realmente fluido,Spanish
uno está inundado inundado significa ahogamiento inundación pero inundado usa menudo contexto del trabajo como estoy abrumado por trabajo tengo demasiado trabajo por hacer estado abrumado por trabajo esta semana enteron apenas tenido tiempo para respirar ahora veamos raíz esta palabra,Spanish
pantano pedazo pantano alguien pisa pantano lugar equivocado podría ahogarse fácilmente forma verbal pantano significa hundirse así así como puedes usar esta palabra,Spanish
digamos tienes muchas asignaciones tienes una prueba próxima tus amigo vienen dicen,Spanish
oye por qué pasas rato con nosotros,Spanish
puedes decirles siento mucho pero estoy abrumado por trabajo estoy abrumado por algunas otras palabras puedes usar lugar abrumado tengo demasiado,Spanish
hacer,Spanish
hay demasiado plato estoy ahogando trabajo,Spanish
estoy inundado asignaciones palabra inteligente número do catch ahora estoy seguro escuchado esta palabra ante catch significa una situación imposible puedes hacer una cosa menos hayas hecho otra puedas hacer otra porque hecho primero,Spanish
confundí así déjame darte algunos ejemplos,Spanish
una situación sin sentido cuando consigues trabajo sin tener experiencia laboral,Spanish
pero puede adquirir experiencia hasta consigues trabajo,Spanish
catch fue acuñado por joseph heller famoso libro del mismo nombre catch cuando describía algunas reglas contradictorias eran aplicables los soldados durante segunda guerra mundial,Spanish
otro ejemplo catch necesita préstamo bancario porque tiene suficiente,Spanish
dinero pero obtendría ese préstamo bancario menos demuestre banco tiene suficiente dinero así próxima vez encuentre atrapado una situación difícil recuerde,Spanish
para usar palabra catch,Spanish
obtén estas miradas admiración tus amigo,Spanish
otras palabras puedes usar lugar catch paradojas dilemas,Spanish
número tres afable afable afable significa ser sofisticado para ser educado sereno fresco bien educado palabra suave tiene varios orígenes diferentes pero origen muy interesante palabra significa ejemplo sabor agradable dulce,Spanish
tan sereno suave especialmente frente la dama barack obama tan suave refinado ahora recuerda cuando estés una fiesta próxima vez veas esta persona,Spanish
educado culto sofisticado,Spanish
olvides decir quién ese tipo afable está esquina,Spanish
uso esta palabra hará instantáneamente vocabulario,Spanish
muy suave tan inteligente palabra número cuatro atroz atroz palabra atroz significa algo realmente malo horrible terrible cruel atroz ofensivo atroz tiene una raíz latina llamada significa miedo cruel terrible algunos ejemplos palabra atroz los recientes incidentes violación delhi fueron atroces trata los presos,Spanish
una manera atroz veces la cárceles atroz también usa día día para hablar alguna mala conducta común quieres exagerarla,Spanish
por ejemplo sus modales mesa eran atroces sentido del vestir tan atroz gramática atroz,Spanish
así próxima vez escuche sobre acto horrible la noticias recuerde hacerlo,Spanish
comente diga este acto atroz,Spanish
palabra inteligente número estupenda estupenda estupenda significa asombroso asombroso,Spanish
ahora usamos menudo palabra impresionante aquí otra palabra puedes usar lugar asombroso estupendo por ejemplo hoy obtuve una puntuación estupenda examen significa obtuve una puntuación muy alta obtuve una puntuación casi perfecta,Spanish
palabra estupendo tiene raíces latinas clásicas palabra significa,Spanish
estar aturdido tan estupendo usa para describir algo increíblemente bueno por ejemplo estupenda con ese vestido qué vista tan estupenda desde este balcón estoy leyendo este libro estupendo puedo dejar escribir qué tal va contar,Spanish
tus amigo este estupendo canal para estudiantes algunas otras palabras puedes usar lugar estupendo increíblemente fantásticas excepcionalmente buenas así ante continuar con la cinco palabras equilibradas este video recuerda poner comentario debajo este video,Spanish
decirme cuál estas diez palabras era palabra inteligente favorita número seis está arreglado arreglo significa estar una situación problemática por ejemplo chico estoy arreglo porque hice plane con do amigo diferentes para esto noche,Spanish
perdí teléfono estoy lío nuestro autobús averió esta mañana estoy lío amigo siempre pide ayuda cuando está lío cuando la cosas van bien olvida,Spanish
así próxima vez obtengas tarea matemáticas escuela por ejemplo dejaste libro matemáticas escuela entonces puedes decirles tus amigo estás aprieto real ahora puedes pensar palabra arreglar tiene algo ver,Spanish
con reparar algo,Spanish
pero una solución significa estar una situación problemática otras palabras puede usar lugar una solución estoy una sopa estoy lío estoy lugar molestia simplemente estoy lugar palabra inteligente número flummox flummox significa confundir alguien,Spanish
tanto olvidan qué hacer ahora confundidos tiende ser una palabra demasiado usada así lugar eso por qué usa desconcierto por ejemplo niño parecía completamente desconcertado cuando maestro hizo una pregunta clase perro estaba desconcertado mirando ante propio reflejo espejo turista estaba desconcertado por la diferentes costumbres,Spanish
encontró durante sus viajes una entrevista cuando preguntaron por qué deberíamos contratarte ella veía completamente desconcertada así próxima vez confundes con alguna pregunta por ejemplo examen entonces,Spanish
siempre puedo decir eso porque tenía estuve muy bien preparado para examen,Spanish
algunas la preguntas desconcertaron,Spanish
otras palabras puede usar lugar desconcertar están desconcertado desconcertado,Spanish
palabra inteligente número ocho encuentro encuentro encuentro,Spanish
una forma muy francesa decir reunión cita por ejemplo tengo una cita con mi amigo para almorzar sábado planeo encontrarme con mi amigo centro comercial para ver películas cita puede usar tanto como sustantivo como como verbo por ejemplo,Spanish
tengo una cita con mi amigo esta noche voy encontrar con mi amigo mañana,Spanish
francia ejército utilizó anteriormente cita para indicar lugar reunión para la tropas,Spanish
ahora hay algo poco emocionante reservado palabra cita incluso ahora así puedes usar cita para cualquier reunión,Spanish
general pero ganó muy apropiado para una reunión oficial por tiene una cita tal vez pueda decir una palabra inteligente cita número obtusa obtusa obtusa insulto usaría cuando intenta llamar alguien tonto poco inteligente,Spanish
tonto ahora escuchado palabra obtuso geometría ángulo obtuso ángulo agudo por ángulo obtuso ángulo mayor grados pero menor 180 grados,Spanish
ángulo agudo este ángulo agudo menos grados tan agudo como una palabra usa para denotar agudo por tanto también mentalmente agudo obtuso denota contundente era tan obtuso dio contraseña una persona llamaba falsamente niño obtuso,Spanish
pudo,Spanish
para responder una sola pregunta examen hombre obtuso tuvo dificultades para entender incluso la instrucciones básicas,Spanish
ahora suponga situación vida diaria novio novia está enojado con usted sabe por qué así puede,Spanish
diles tal vez estoy siendo obtuso pero por qué estás tan molesto,Spanish
palabra inteligente número lento lento lento significa moverse manera lenta para ser poco más lento,Spanish
habitual para lucir poco cansado falto,Spanish
ejemplo energía almuerzo pesado hace muy lento por tarde tiene raíces palabra significa una persona lenta una babosa animal mueve muy lentamente como ejemplo caracol,Spanish
economía sido muy lenta este año partido recuperó después comienzo lento,Spanish
negocio sido lento este trimestre puedes usarlo vida diaria sientes muy cansado algún día puedes decírselo mamá puedes decirlo,Spanish
tus amigo siento muy lento,Spanish
hoy vendría bien una bebida energética,Spanish
otras palabras puedes usar lugar lento podrían ser letárgico arrastrar los pie así esas fueron la palabras inteligentes ante,Spanish
doy ese consejo secreto para suene muy fluido,Spanish
quiero recordarte caso estés buscando palabras inteligentes para usar una llamada telefónica voy poner enlace video,Spanish
abajo cuadro descripción para eso ahora consejo secreto consejo secreto para sonar fluido usar más una palabra oración inteligente conozco veces,Spanish
emocionamos mucho porque,Spanish
nosotros aprendido muchas estas palabras inteligentes tendemos meter do tres cuatro una oración suena natural,Spanish
así uno vez asegúrese está pronunciando palabra manera correcta vaya google escriba palabra búsqueda parte superior verá pequeño icono altavoz haga clic ese altavoz,Spanish
escuche pronunciación una do veces,Spanish
está listo para comenzar gustado este video olvide darnos aprobación con comentario,Spanish
para debajo diciéndome cuál estas palabras favorita también,Spanish
aún hecho presione botón suscripción ícono campana justo lado feliz viendo,Spanish
hola chico bienvenidos canal este video,Spanish
voy dar la mejores frases inglés puedes usar vida diaria,Spanish
así está punto embarcarse viaje,Spanish
país habla inglesa puedes usarlo totalmente,Spanish
frases llevas tiempo aprendiendo inglés quieres retomar aprendizaje,Spanish
este mejor video para empezar así vayamos frases inglés con suerte minutos,Spanish
frase número uno esta otra forma preguntar,Spanish
cómo estás,Spanish
cómo está,Spanish
cómo,Spanish
para conozcas alguien tiempo como,Spanish
frase número do cuando visto alguien por tiempo dice mucho tiempo sin verte eso significa visto esta persona tal vez semanas meses sin ver número frase,Spanish
tres quieres preguntarte qué estado haciendo,Spanish
preguntas qué estado haciendo qué estaba pasando vida,Spanish
qué estado haciendo ante para criarlos todo,Spanish
bueno solo puedes responder puedo quejarme todo realmente genial,Spanish
puedo quejarme siguiente frase alguien dice algo realmente mencionado conversación como alguna manera adivinara tienes nuevo trabajo preguntas,Spanish
cómo sabes,Spanish
dónde sacaste la noticias como,Spanish
alguien cuenta chiste genial puedes decir bueno,Spanish
una gran broma así frase buena,Spanish
quieres agradecer alguien puedes decir muy amable parte muchas gracias por hacer eso eso muy amable parte muy amable parte alguien,Spanish
estaba tratando ayudarlo pero pudo alcanzar resultado usted puede decir,Spanish
gracias todos modos importa pero gracias todos modos,Spanish
gracias por esfuerzo,Spanish
gracias todos modos otra frase uso correo electrónico veces cuando preguntado por una persona,Spanish
pregunto luego digo final,Spanish
gracias antemano significa realmente espero hagas,Spanish
hazlo agradeciendo antemano,Spanish
gracias antemano alguien cometió error está realmente molesto por eso,Spanish
puedes decir preocupes,Spanish
preocupe preocupe significa preocupe,Spanish
está bien,Spanish
preocupe imagine llegó casa todos sus amigo están sentados sofá,Spanish
estás como qué está pasando aquí qué estás haciendo aquí,Spanish
qué sucede captaste algo entendiste persona,Spanish
siempre puedes preguntar entendí bien,Spanish
luego sigue adelante explica dónde llegaste entendí bien,Spanish
pide alguien enfade llore puede decirle tome serio,Spanish
tome serio como serio enojes tanto tome serio,Spanish
otra forma preguntar captó una parte una frase puede decir capté última palabra,Spanish
siento,Spanish
puedes repetirlo porque entendí última palabra quiere alguien repita toda frase nuevo,Spanish
puedes pedir perdón,Spanish
estaba escuchando porque tal vez estabas ocupado,Spanish
tal vez estabas hablando por teléfono alguien estaba hablando estás como,Spanish
dios mío,Spanish
siento estaba escuchando,Spanish
puedes repetirlo,Spanish
siento,Spanish
estaba escuchando otra frase uso todo tiempo,Spanish
importa como preocupes caes café encima,Spanish
como importara,Spanish
estaré bien,Spanish
todos modos voy lavar ropa,Spanish
importa quieres desearle suerte alguien,Spanish
siempre hago eso puedes decir los dedos cruzados cruzas los dedos así,Spanish
dedos cruzados,Spanish
otra frase usan los estadounidenses mala explica situación obtuviste algo luego obtienes efecto extra obtienes,Spanish
estás como eso explica eso explica,Spanish
otra forma decirle persona enoje decirle la cosas pasan como estuviera bien,Spanish
la cosas suceden enfades tienes nombre persona con quieres hablar,Spanish
puedes pedir perdón por molestarte sabes f,Spanish
alguien está ocupado siempre puedes pedir perdón por molestarte luego puedes preguntar,Spanish
siento molestarte,Spanish
estás medio algo alguien está preguntando algo puedes decir,Spanish
estás medio algo alguien está pidiendo hagas algo dice siento,Spanish
estaré contigo minuto,Spanish
estaré contigo luego sigues haciendo algo dice dónde estábamos,Spanish
como cuando paramos donde estábamos tienes repetirlo porque cuál sonido con alguien confunde,Spanish
así esta una excelente manera practicar dónde estábamos nuevo estás medio una conversación,Spanish
entendiste decía otra persona puedes decir estabas diciendo con signo interrogación,Spanish
significa incita persona repetir una vez más,Spanish
estabas diciendo,Spanish
alguien consiguió trabajo sus sueños sea pueda decir afortunado alguien entró universidad sus sueños como afortunado esta una forma felicitar persona afortunada simplemente enfatizar tiene suerte,Spanish
estás realmente enojado decir asusté como estuviera tan enojado asusté esto súper enojado,Spanish
esto casi una locura,Spanish
asusté con otra frase los hablantes nativos usan buena para esto podría ser tanto positivo como negativo cuando dice ascendieron dicen bien para como felicitaciones veces dice voy este lugar,Spanish
buenos para sería mejor sin este significado negativo así escucha entonación,Spanish
algo sorprende también puedes decir debes estar bromeando como dios mío,Spanish
puedo creerlo tienes estar bromeando para decirle alguien sonríe para ser feliz siempre puedes decir anímate anímate,Spanish
quieres alguien suene como llorar quejarse algo está sucediendo puedes decir ven puedo hacerlo,Spanish
venga,Spanish
puedes hacerlo puedes pasar toefl puedes pasar gmat conseguirás vamos,Spanish
puedes hacerlo alguien está haciendo realmente bien puedes decirle sigan con buen trabajo sigan con buen trabajo como fueran tan buenos como sigan con buen trabajo seguir siendo otra frase coloquial esto los estadounidenses decir,Spanish
está iluminado significa sorprendente dijeron muchos estadounidenses california,Spanish
eso está encendido probablemente escuchaste canciones enciende alguien tiene éxito después fracaso así puedes decir está,Spanish
dije harías,Spanish
alguien pregunta estás cansado quieres decir estás cansado absoluto,Spanish
puedo decir nada nah,Spanish
quiero continuar,Spanish
estoy cansado cuando alguien pregunte estás seguro estás bastante seguro puedes decir hay espacio para eso,Spanish
hay lugar dudas estados unidos quieres enviarle sm alguien enviarle mensaje dice texto texto así enviaré mensaje texto significa enviaré mensaje través whatsapp telegrama mensajero sea,Spanish
enviarle mensaje texto nuevo para animar alguien decirle enoje,Spanish
puede decirle vale pena como por qué está llorando,Spanish
vale pena,Spanish
eres mucho mejor problema estás llorando por eso vale pena tus lágrimas,Spanish
vale pena personalmente encanta frase rock significa eres increíble,Spanish
dios mío,Spanish
rock rock,Spanish
hecho trabajo increíble,Spanish
mueves alguien está trabajando realmente bien quieres trabaje más duro puedes decir debes hacer esfuerzo adicional significa como trabajar más duro debes hacer esfuerzo adicional,Spanish
otra forma decir mismo puedes decir mejora juego como trabaja más duro trabaja mejor mejora juego,Spanish
alguien está llorando quiere,Spanish
hunde dice recupera compostura como literalmente tómate mismo recupera compostura deja trabajar deja llorar recupera compostura,Spanish
oye cálmate junto otra frase,Spanish
encanta vendiste porque veces gente describe viaje alguien compraron describen muy bien,Spanish
ellos dicen quiero comprar mismo digo vendiste vendiste compraría esto bien vendiste estás interesado conversación,Spanish
eres como estar sentado puedes decir importa esto tan aburrido,Spanish
interesa,Spanish
podría importarme menos alguien pregunta algo esta una decisión realmente fácil para como alguien dijera tomaras millón dólares dice esto una obviedad,Spanish
llevo,Spanish
esto una obviedad significa una decisión muy fácil para hecho algo mal admites puedes decir arruiné chico,Spanish
,Spanish
siento,Spanish
cometí error,Spanish
este error,Spanish
arruiné arruiné quieres alguien trabaje lugar puedes decir,Spanish
puedes cubrirme como puedes trabajar lugar mientras,Spanish
estoy viendo amigo,Spanish
pueden cubrirme,Spanish
hora irse chico será mejor vaya significa debería irme,Spanish
sabes,Spanish
realidad la,Spanish
ahora mismo,Spanish
será mejor vaya otra manera para decir adiós,Spanish
puedo decir cuides significa cuidas,Spanish
veré más tarde,Spanish
cuídate,Spanish
qué día cuando estás viendo este video pero viernes por ejemplo fin semana,Spanish
puede decir gracias cielo viernes pensar cielo dijo sábado descubrimiento fin semana,Spanish
estoy tan feliz esto sea chico frases inglés háganme saber esto fue útil darle gusta este video comentar continuación conoce más frases interesantes,Spanish
sería genial haya botón rojo alguna parte,Spanish
hola bienvenido,Spanish
este video daré 100 oraciones comunes muy útiles puedes usar una conversación,Spanish
cuando escuches una oración practica diciéndola después,Spanish
intento copiar pronunciación exactamente incluyendo tono voz uso,Spanish
bien comencemos,Spanish
saludos básicos como,Spanish
cómo están la cosas,Spanish
qué pasa,Spanish
encantada conocerte,Spanish
mucho tiempo sin verte,Spanish
cómo estado,Spanish
muchas gracias,Spanish
qué hay,Spanish
mucho,Spanish
normal,Spanish
tengo irme,Spanish
fue placer conocerte vemos luego,Spanish
mantente contacto,Spanish
pidiendo información,Spanish
podrías decirme qué significa esta palabra,Spanish
sabrías por casualidad dónde está biblioteca,Spanish
vacilando,Spanish
buena pregunta,Spanish
déjame ver,Spanish
déjame pensar por momento,Spanish
pidiendo repetición,Spanish
perdóneme,Spanish
siento entendí eso,Spanish
importaría repetir eso,Spanish
puedes hablar poco más lento,Spanish
por favor,Spanish
diciendo,Spanish
temo tengo idea,Spanish
puedo ayudarte siento,Spanish
golpea,Spanish
opiniones,Spanish
qué piensas sobre eso,Spanish
cuáles sus puntos vista sobre esto,Spanish
creo una buena idea,Spanish
sinceramente creo vaya funcionar,Spanish
respecta este mejor restaurante ciudad,Spanish
evitando una pregunta,Spanish
tengo una opinión respecto,Spanish
déjame contestarte eso después,Spanish
tengo libertad decirlo,Spanish
acuerdo desacuerdo,Spanish
podría estar ma acuerdo,Spanish
estás absolutamente correcto,Spanish
estoy acuerdo contigo 100,Spanish
diste clavo,Spanish
estoy seguro estar acuerdo,Spanish
temo estoy acuerdo,Spanish
creo estás equivocado,Spanish
interrumpiendo cortésmente,Spanish
perdon por interrumpirte,Spanish
puedo detenerte allí por momento,Spanish
importa salto aquí,Spanish
adelante,Spanish
seguro sigue,Spanish
déjame terminar,Spanish
espera momento,Spanish
sugerencias,Spanish
dice vamos cine qué tal cenar pizza esta noche,Spanish
eso seria genial,Spanish
suena bien para,Spanish
estoy seguro eso,Spanish
creo,Spanish
haciendo plane,Spanish
qué haces esta noche,Spanish
tienes plane para mañana,Spanish
estás libre próximo sábado,Spanish
quieres hacer algo este fin semana,Spanish
seguro qué tienes mente,Spanish
estoy libre todo fin semana hagamos algo,Spanish
siento hecho algunos plane,Spanish
mañana estoy poco ocupado,Spanish
encantaría hacer algo pero puedo,Spanish
permiso,Spanish
importa uso celular,Spanish
estaría bien tomo día libre mañana,Spanish
por favor asegúrate adelante,Spanish
absoluto,Spanish
desafortunadamente tengo decir,Spanish
preferiría hicieras,Spanish
temo,Spanish
haciendo peticiones,Spanish
podrias pasar sal por favor,Spanish
importaría prestarme algo dinero,Spanish
preguntaba podrías ayudarme con esto,Spanish
seguro hay problema,Spanish
por supuesto,Spanish
estaría encantado ayudar,Spanish
siento puedo ahora,Spanish
temo puedo,Spanish
haciendo ofertas,Spanish
puedo traerte vaso agua,Spanish
qué tal helado,Spanish
quieres lleve casa,Spanish
por favor,Spanish
eso sería genial gracias,Spanish
estoy bien pero gracias por ofrecerme,Spanish
estoy bien gracias,Spanish
agradeciendo gente,Spanish
millón gracias,Spanish
salud realmente aprecio,Spanish
muy amable por parte,Spanish
puedo agradecerles suficiente,Spanish
nada,Spanish
menciones,Spanish
cualquier momento,Spanish
gusto mio,Spanish
pedirle alguien espere,Spanish
puedes esperar momento por favor,Spanish
espere segundo,Spanish
tengan paciencia conmigo momento,Spanish
estaré bien contigo,Spanish
disculparse,Spanish
siento mucho por eso,Spanish
por favor acepte mi disculpas,Spanish
preocupes por eso,Spanish
preocupes,Spanish
bien quieres más lecciones sobre oraciones frases comunes avísame sección comentarios continuación,Spanish
además gustó este video dale visto bueno presionando botón gusta recuerda suscribirte este canal haciendo clic botón suscribirse para obtener mi últimas lecciones aquí mismo youtube,Spanish
feliz aprendizaje vemos otra lección pronto,Spanish
pan oro una vez pequeño pueblo vivía una mujer llamada marion,Spanish
con única hija narcisa marion era extremadamente humilde dulce narcisa sin embargo era todo contrario f era hermosa más allá la palabras era como una vida,Spanish
muñeca parte más divertida ella amaba misma sin fin narcisa verdad,Spanish
ayúdame hornear pan ninguna manera mamá la doncellas harina todos mi ojos brillantes brillantes,Spanish
narcisa ayudarías plantar estas semillas,Spanish
por qué haría eso,Spanish
qué tengo toda esa suciedad mi hermosos dedos,Spanish
ella consideraba demasiado grande para hacer cualquier trabajo muchos pretendientes vinieron pedir mano narciso matrimonio,Spanish
dado belleza era conocida por toda partes pero ella los rechazó todos muy groseramente por qué envió esos hombre ayer,Spanish
parecían agradables,Spanish
tenía ojos tan pequeños casi como los pájaro otro tenía una nariz enorme gustaría estar cerca,Spanish
cuando estornudó última parada quiero escuchar más todo pude ver fue esos hombre eran muy amables querida debes conocer esa belleza,Spanish
todo tienes saber madre merezco alguien como príncipe caballero,Spanish
dios mío una noche cuando estaba durmiendo madre sentó lado mirándola,Spanish
querida niña eres tan hermosa encantadora pero importa nada más belleza,Spanish
ese momento narciso comenzó reír mientras dormía madre estaba extremadamente sorprendida agradable debía estar teniendo sueño realmente divertido mañana siguiente cuando narciso,Spanish
desperté ella era todo sonrisas risitas aquí cariño dime con qué soñaste,Spanish
anoche bueno mamá fue sueño tan increíble sabes había príncipe acercó,Spanish
dijo quería casarse conmigo había venido carruaje dorado estaba vestido arriba abajo también oro sueño más tonto,Spanish
sabes mejor parte fue cuando estaba con vestido novia también era dorado por supuesto todos miraban solo narcisa hay nada sorprendente ese sueño,Spanish
era sueño muy egoísta mamá sabes estás diciendo ese sueño hecho darme cuenta necesito comida mucho más grandiosa como aquí casa pan hecho oro,Spanish
solo piensa esa pobre madre narciso estaba tan preocupada por hija cómo,Spanish
ella viviría vida ese día do amigo vinieron visitar madre narciso ellos eran mellie terry los tres habían sido amigo por mucho tiempo pero terry ellie tenían secreto los do,Spanish
eran seres mágicos algo madre narcisse sabía nada sobre terry melli tan bueno verte pasado mucho tiempo cómo estado,Spanish
estado muy bien habría sido mejor solo solo solo hija narcisa fuera poco más comprensiva,Spanish
marian contó mellie terry todo sobre narcisa cómo estaba preocupada por ella,Spanish
pan hecho oro hago con ella bueno tal vez sueño hace realidad,Spanish
eso sería maravilloso,Spanish
importa supongo con tiempo ella aprenderá hablar hablemos otra cosa,Spanish
ahora más tarde mellie terry despidieron viejo amigo fueron sonriendo secreto esa noche tanto madre como hija,Spanish
preparé para cama madre realmente espero sueño haga realidad sabes narcisa día siguiente cuando narcisa madre estaban afuera jardín una hermosa,Spanish
carruaje dorado acercó ellos estaba tachonado gemas diamante veía extremadamente impresionante,Spanish
cuando detuvo hombre guapo salió miró narcisa ella estaba completamente desconcertada guapo era sueño está haciendo realidad umm,Spanish
hola venido aquí para pedir mano narciso matrimonio pero como sabes nombre quien eres,Spanish
soy terrence ángel buena fortuna nombre belleza hija conocida todo mundo aquí traído regalo pero apenas conoces puedes con,Spanish
tonto rico guapo ma puedo querer terrence acepto propuesta,Spanish
con eso ella subió carruaje sin siquiera despedirse madre fue con ángel mientras viajaban carruaje repentinamente entró por portal mágico allí viajó por una zona tormentosa carruaje dio tremendos golpes narcisa,Spanish
estaba muy asustado preocupes querida todo esto pronto terminará justo cuando dijo esto carruaje atravesó otro portal llegó camino entrada,Spanish
enorme magnífico castillo dorado narcisa estaba asombrada por toda belleza vio sabía merezco tantas riquezas sabía gustaría todo quisieras encontrarás aquí desde los vestidos más bonito hasta la comidas más sabrosas todo palacio hablando comida tengo mucha hambre después ese paseo,Spanish
muero hambre puedo comer algo esa comida sabrosa por supuesto aquí carne apestosa melissa ella conseguirá quieras,Spanish
oído mucho sobre pobre querido tienes hambre vienes,Spanish
traeré algo comida gracias,Spanish
fueron comedor allí mesa estaba comida más asombrosa narcisa había visto nunca increíble eso porque la mermeladas están hechas,Spanish
rubíes la ensaladas esmeraldas pan allí está hecho pan oro dorado qué hermosa verá esta mermelada tendrá sabor delicioso con pan tomó una rebanada con,Spanish
mermelada rubí dio gran mordisco esto tan picante puedo comer tan bien pan hecho oro más fino también pero puedes comerlo debería comprarte pan plata,Spanish
come,Spanish
algo más pero quiero pan normal pan pueda comer tienes esa mirada así futura esposa caparazón padre hace frío,Spanish
solo debes comer mejor narciso,Spanish
miré toda comida,Spanish
pero estaba desconsolada por todo era comestible pronto comenzó llorar,Spanish
quiero esto pero comida realmente buena,Spanish
aquí prueba unas patatas doradas están muy buenas después case conmigo,Spanish
tendrás comer todo esto,Spanish
pensé gustaban la cosas elegantes,Spanish
quiero casarme contigo quiero casa,Spanish
madre déjame casa melissa terrence miraron guiñaron ojo bien,Spanish
eso realmente quieres llevaré casa,Spanish
terrence llevó llanto tristeza,Spanish
narcis casa carruaje comenzó pensar profundamente la decisiones había tomado cuando llegó casa,Spanish
ella corrió abrazar madre estaba sentada casa triste hermana dulce hija pensé nunca volvería ver,Spanish
mamá amo tanto tenías razón la apariencias la riquezas todo pan oro era inútil porque podía comerlo hombre pesar todo era guapo preocupaba por absoluto pero querida cuenta esa exactamente forma trataste los demás,Spanish
siento mucho por forma actué mamá está bien desde visto,Spanish
cuál fue error vamos darte comer algo lindo partir ese día,Spanish
narcisa cambió forma ser luchó principio pero lenta pacientemente comenzó volverse mucho más amable día mellie terry vinieron encontrarse con marian nuevo,Spanish
cómo narcisismo ahora marian contó ambo todo había pasado ella cambiado mucho desde ese momento,Spanish
tiene ella,Spanish
supongo querría más pan oro ahora sabes,Spanish
terry realidad pareces poco ese ángel aunque qué estoy viendo,Spanish
cómo pudiste ser,Spanish
ustedes do tan amables,Spanish
δεν υπάρχει αυτή στιγμή λήμμα αυτόν τον τίτλο,Greek
περιμένατε βρίσκεται εδώ μια σελίδα και δεν υπάρχει σελίδα μπορεί μην εμφανίζεται λόγω καθυστέρησης στην ανανέωση της βάσης δεδομένων μπορεί έχει διαγραφεί,Greek
δείτε την γρήγορη διαγραφή σελίδων για πιθανούς λόγους,Greek
μπορείτε δοκιμάστε την λειτουργία εκκαθάρισης και ελέγξετε αρχείο διαγραφών,Greek
βικιπαίδεια αγγλικά wikipedia γουικιπίντια είναι διεθνής παγκόσμια ψηφιακή διαδικτυακή ελεύθερου περιεχομένου εγκυκλοπαίδεια που βασίζεται ένα μοντέλο ανοικτό στη σύνταξη του περιεχομένου της,Greek
γράφεται και αναπτύσσεται συνεργατικά από εθελοντές λογισμικό wiki κάτι που σημαίνει ότι λήμματα μπορεί προστεθούν αλλάξουν από τον καθένα,Greek
έργο ξεκίνησε στις ιανουαρίου 2001 συμπλήρωμα στη γραμμένη από ειδήμονες nupedia ιδρυτή τον τζίμι γουέιλς και λειτουργεί τώρα από κερδοσκοπικό ίδρυμα wikimedia wikimedia foundation,Greek
αγγλική βικιπαίδεια περιλαμβάνει πάνω από 708 000 λήμματα και ελληνική πάνω από 190 000 λήμματα 000 σελίδες,Greek
βικιπαίδεια έχει αυξηθεί σταθερά δημοτικότητα και έχουν γεννηθεί διάφορα αδελφά προγράμματα όπως βικιλεξικό wiktionary βικιβιβλία wikibooks βικινέα wikinews βικιταξίδια wikivoyage βικιεπιστήμιο κλπ,Greek
λήμματα της βικιπαίδειας αναφέρονται τακτικά από μέσα μαζικής ενημέρωσης αλλιώς,Greek
και τον ακαδημαϊκό κόσμο που την εγκωμιάζουν για δωρεάν διανομή και έκδοσή της καθώς και για ευρύ φάσμα που καλύπτει,Greek
συντάκτες ενθαρρύνονται τηρούν μια πολιτική ουδετερότητας κάτω από την οποία διάφορες απόψεις συγκεντρώνονται χωρίς γίνεται προσπάθεια καθοριστεί μια αντικειμενική αλήθεια,Greek
εξαιτίας της ανοικτής φύσης της βανδαλισμός και ανακρίβεια είναι μόνιμα προβλήματα,Greek
κύρος της βικιπαίδειας πηγής αναφοράς,Greek
βιβλιογραφία είναι αμφισβητούμενο,Greek
έχει επικριθεί επίσης για συστηματική τάση προτίμησης της δημοφιλούς άποψης παρά της αξιόπιστης καθώς και μια σχετική έλλειψη υπευθυνότητας και δικαιοδοσίας σύγκριση τις παραδοσιακές εγκυκλοπαίδειες,Greek
σύνθημα της βικειπαιδιας είναι ελεύθερη εγκυκλοπαίδεια που καθένας μπορεί επιμεληθεί και περιγράφεται από τον ιδρυτή της τζίμι γουέιλς προσπάθεια δημιουργηθεί και διανεμηθεί μια ελεύθερη εγκυκλοπαίδεια της υψηλότερης δυνατής ποιότητας κάθε μεμονωμένο πρόσωπο στον πλανήτη στη γλώσσα του,Greek
βικιπαίδεια αναπτύσσεται στον ιστοχώρο που χρησιμοποιεί έναν τύπο λογισμικού που ονομάζεται wiki,Greek
γουέιλς υποστηρίζει ότι βικιπαίδεια πρέπει επιτύχει μία ίση και καλύτερη ποιότητα σχέση μπριτάννικα και εκτυπωθεί,Greek
υπάρχουν τρία κύρια χαρακτηριστικά του σχεδίου της βικιπαίδειας οποία συνδυασμό ορίζουν τον ιστό του στο διαδίκτυο world wide web και κάνουν μοναδικό βικιπαίδεια όπως και nupedia άλλο ένα σχέδιο ελεύθερης και δωρεάν εγκυκλοπαίδειας υποστηρίζεται από τον υπέρμαχο του ελεύθερου και δωρεάν λογισμικού ρίτσαρντ στόλλμαν και ίδρυμα ελεύθερου λογισμικού,Greek
στόλλμαν είναι ένας από τους ανθρώπους που μίλησε για χρησιμότητα μιας ελεύθερης και δωρεάν οικουμενικής εγκυκλοπαίδειας πριν από την ίδρυση των wikipedia και nupedia,Greek
δείτε δοκίμιό του στην ηλεκτρονική διεύθυνση free universal encyclopedia learning resource,Greek
συμμετέχοντες στη βικιπαίδεια από κοινού ακολουθούν και επιβάλλουν ορισμένους βασικούς κανόνες που είναι απαραίτητοι για διατήρηση της ομαλής και δημιουργικής λειτουργίας του σχεδίου wikipedia,Greek
ακόλουθοι είναι μερικοί από αυτούς τους κανόνες,Greek
πρώτος εξαιτίας του τεράστιου αριθμού των συμμετεχόντων όλων των ιδεολογιών και εθνικοτήτων βικιπαίδεια είναι αφοσιωμένη στο εκθέτει λήμματά της όσο πιο αμερόληπτα γίνεται,Greek
σκοπός δεν είναι εκτεθούν λήμματα από μία αντικειμενική οπτική γωνία αυτή είναι μια κοινή παρανόηση του κανόνα αλλά δίκαιη και αμερόληπτη παρουσίαση όλων των απόψεων επί ενός θέματος,Greek
βικιπαίδεια έχει ελεύθερου περιεχομένου αδελφικά εγχειρήματα που εκπληρώνουν εγκυκλοπαιδικούς ρόλους,Greek
αυτά περιλαμβάνουν βικιλεξικό ένα πρόγραμμα λεξικού ελεύθερης πρόσβασης βικιβιβλία ένα πρόγραμμα βιβλία και εγχειρίδια ελεύθερης πρόσβασης βικιθήκη μια βιβλιοθήκη ελεύθερης πρόσβασης βικιφθέγματα συλλογή αποφθεγμάτων και βικινέα μια πηγή ειδήσεων ελεύθερης πρόσβασης,Greek
κοινά wikimedia common είναι μια κοινή αποθήκη μέσων οποία όπως και wikidata βάση δεδομένων κεντρικής πρόσβασης και διαχείρισης δομημένων δεδομένων όπως διαγλωσσικές αναφορές και στατιστικές πληροφορίες εξυπηρετούν όλα αδελφικά εγχειρήματα συμπεριλαμβανομένης και της βικιπαίδειας,Greek
βικιπαίδεια και αδελφικά της εγχειρήματα διοικούνται από ίδρυμα wikimedia,Greek
τον ιανουάριο 2013 ένας αστεροειδής της κύριας ζώνης αστεροειδών πήρε όνομά του από wikipedia και ονομάζεται 274301 wikipedia,Greek
λογότυπο της βικιπαίδειας είναι μια ημιτελής σφαίρα κατασκευασμένη από κομμάτια παζλ μερικά κομμάτια από την κορυφή απουσιάζουν γλύφους από πολλά και διαφορετικά συστήματα γραφής,Greek
στην ελληνόφωνη έκδοση της βικιπαίδεια κάτω από σφαίρα αναγράφεται λεκτικό σήμα βικιπαίδεια και από κάτω κείμενο ελεύθερη εγκυκλοπαίδεια γραμματοσειρά linux libertine,Greek
δεν υπάρχει αυτή στιγμή λήμμα αυτόν τον τίτλο,Greek
περιμένατε βρίσκεται εδώ μια σελίδα και δεν υπάρχει σελίδα μπορεί μην εμφανίζεται λόγω καθυστέρησης στην ανανέωση της βάσης δεδομένων μπορεί έχει διαγραφεί,Greek
δείτε την γρήγορη διαγραφή σελίδων για πιθανούς λόγους,Greek
μπορείτε δοκιμάστε την λειτουργία εκκαθάρισης και ελέγξετε αρχείο διαγραφών,Greek
όλοι ψάχνουμε για γρήγορους τρόπους για γίνουμε πιο άπταιστα στα αγγλικά ξέρω ότι καταλαβαίνω συμβαίνει είναι ότι υπάρχουν λίγες λέξεις που περιβάλλουν τον εγκέφαλό μας και πρέπει κάνουμε όλη αυτή συνομιλία χρησιμοποιώντας απλώς εκπληκτικό εκπληκτικό δροσερό επικό,Greek
μάθετε μερικές έξυπνες νέες αγγλικές λέξεις που μπορείτε χρησιμοποιήσετε στην καθημερινή σας ζωή και αναβαθμίστε λεξιλόγιό σας λίγα λεπτά,Greek
οπότε σήμερα μάθουμε νέες έξυπνες λέξεις τις έννοιες τους ρίζες λέξεων και παραδείγματα προτάσεων οπότε πάμε όλοι αυτό και παρακολουθείτε,Greek
και αυτό βίντεο σας δώσω έξυπνες λέξεις για καθημερινή χρήση και στο τέλος αυτού του βίντεο,Greek
σας δώσω επίσης μια έξυπνη συμβουλή για ακούσετε πολύ ευφυή αριθμό έξυπνων λέξεων,Greek
ένα είναι βάλτο βάλτε σημαίνει πνιγμό πλημμύρα αλλά βάλτο χρησιμοποιείται συχνά στο πλαίσιο εργασίας όπως εγώ έχω πλημμυρίσει δουλειά έχω πάρα πολύ δουλειά κάνω έχω πλημμυρίσει δουλειά όλη αυτή την εβδομάδα μόλις είχα χρόνο αναπνεύσω τώρα δούμε ρίζα αυτής της λέξης,Greek
βάλτο είναι ένα κομμάτι υγρότοπου και εάν κάποιος πατήσει λάθος μέρος ένα βάλτο μπορούσε εύκολα πνιγεί και ρήμα μορφή του βάλτου σημαίνει βυθιστεί έτσι μπορείτε χρησιμοποιήσετε αυτήν λέξη,Greek
πούμε ότι έχετε πολλές αναθέσεις και έχετε ένα τεστ που έρχεται και φίλοι σας έρχονται εσάς και λένε,Greek
γεια γιατί δεν κάνεις παρέα μαζί μας μπορείς τους πεις λυπάμαι πολύ αλλά έχω πλημμυρίσει δουλειά έχω πληρώσει κάποιες άλλες λέξεις που μπορείς χρησιμοποιήσεις αντί για βάλτο έχω πάρα πολλά κάνω,Greek
υπάρχει πάρα πολύ στο πιάτο μου πνίγω στη δουλειά,Greek
είμαι αδιάφορος αναθέσεις έξυπνη λέξη νούμερο δύο είναι catch τώρα είμαι σίγουρος ότι έχετε ακούσει αυτή λέξη πριν από catch σημαίνει μια αδύνατη κατάσταση στην οποία δεν μπορείτε κάνετε ένα πράγμα εκτός έχετε κάνει άλλο και δεν μπορείτε κάνετε άλλο επειδή δεν έχετε κάνει πρώτο,Greek
μπερδέψα άρα επιτρέψτε μου σας δώσω μερικά παραδείγματα μια κατάσταση catch είναι όταν δεν παίρνετε δουλειά χωρίς έχετε επαγγελματική εμπειρία,Greek
αλλά δεν μπορείτε αποκτήσετε εμπειρία μέχρι πάρετε μια δουλειά catch επινοήθηκε από τον joseph heller στο διάσημο βιβλίο του ίδιο όνομα catch όταν περιέγραφε ορισμένους αντιφατικούς κανόνες που ίσχυαν για τους στρατιώτες κατά τον δεύτερο παγκόσμιο πόλεμο,Greek
ένα άλλο παράδειγμα του catch είναι ότι χρειάζεστε τραπεζικό δάνειο επειδή δεν έχετε αρκετά,Greek
χρήματα αλλά δεν λάβετε αυτό τραπεζικό δάνειο εκτός εάν αποδείξετε στην τράπεζα ότι έχετε αρκετά χρήματα επομένως την επόμενη φορά που κολλήσετε μια δύσκολη κατάσταση θυμηθείτε,Greek
για χρησιμοποιήσετε λέξη catch,Greek
και πάρτε αυτές τις θαυμαστικές εμφανίσεις από τους φίλους σας άλλες λέξεις που μπορείτε χρησιμοποιήσετε στη θέση του catch είναι παράδοξη έξυπνη λέξη για δίλημμα,Greek
νούμερο τρία είναι φιλικό ευγενικό ευγενικό σημαίνει είσαι πολύπλοκος για είσαι ευγενικός και δροσερός ευγενικά λέξη suave έχει πολλές διαφορετικές ρίζες αλλά μια πολύ ενδιαφέρουσα προέλευση της λέξης είναι οποία σημαίνει ένα ευχάριστο γλυκό παράδειγμα,Greek
είναι τόσο ήρεμος και φιλικός ειδικά μπροστά από τις κυρίες μπαράκ ομπάμα είναι τόσο φιλικός και στιλβωμένος θυμηθείτε τώρα όταν βρίσκεστε ένα πάρτι την επόμενη φορά και δείτε αυτό άτομο που είναι έτσι,Greek
καλοσύνης και καλλιέργεια και εκλεπτυσμένη,Greek
μην ξεχάσετε πείτε hey ποιος είναι αυτός φιλικός τύπος εκεί έξω στη γωνία χρησιμοποιώντας αυτήν λέξη κάνει αμέσως λεξιλόγιό σας,Greek
πολύ ευγενική τόσο έξυπνη λέξη νούμερο τέσσερα είναι τρομερή φρικτή λέξη ατρόμητη σημαίνει κάτι πολύ κακό φρικτό τρομερό φρικτό επιθετικό φρικτό έχει μια λατινική ρίζα που ονομάζεται,Greek
που σημαίνει ότι φόβος σκληρός τρομερός μερικά παραδείγματα της λέξης φρικιαστικά είναι πρόσφατα περιστατικά βιασμού στο δελχί ήταν τρομακτικά,Greek
φυλακισμένοι αντιμετωπίζονται,Greek
φρικτό τρόπο μερικές φορές στις φυλακές ατρόμητο χρησιμοποιείται επίσης στην καθημερινή ζωή για μιλήσει για κάποιο συνηθισμένο λάθος κάνει και θέλετε υπερβάλλετε,Greek
για παράδειγμα τρόποι του τραπεζιού ήταν σκληροί αίσθηση της φόρμας είναι τόσο σκληρή γραμματική του είναι τρομακτική,Greek
οπότε την επόμενη φορά που ακούσετε μια φρικτή πράξη στα νέα θυμάστε,Greek
σχολιάστε και πείτε ότι αυτή είναι μια φρικτή πράξη έξυπνη λέξη αριθμός είναι καταπληκτική υπέροχη καταπληκτική σημαίνει εκπληκτική εκπληκτική,Greek
τώρα χρησιμοποιούμε λέξη φοβερό εδώ είναι μια άλλη λέξη που μπορείτε χρησιμοποιήσετε στη θέση του φοβερού καταπληκτικού για παράδειγμα σήμερα πήρα ένα καταπληκτικό σκορ στη δοκιμή μου που σημαίνει ότι έχω πολύ υψηλό σκορ έχω ένα σχεδόν τέλειο σκορ λέξη καταπληκτική έχει κλασικές λατινικές ρίζες από λέξη που σημαίνει,Greek
για εκπλαγείτε τόσο υπέροχο χρησιμοποιείται για περιγράψετε κάτι που είναι εκπληκτικά καλό για παράδειγμα φαίνεται υπέροχο αυτό φόρεμα υπέροχη θέα από αυτό μπαλκόνι διαβάζω αυτό καταπληκτικό βιβλίο που δεν μπορώ καταλάβω πώς πηγαίνετε και λέγω,Greek
φίλοι σας που είναι αυτό υπέροχο κανάλι για μαθητές και μερικές άλλες λέξεις που μπορείτε χρησιμοποιήσετε αντί για καταπληκτικά είναι απίστευτα φανταστικά εξαιρετικά καλά οπότε προτού συνεχίσουμε τις ισορροπημένες πέντε λέξεις αυτό βίντεο θυμηθείτε βάλετε ένα σχόλιο αυτό βίντεο,Greek
για μου πείτε ποια από αυτές τις δέκα λέξεις ήταν αγαπημένη σας έξυπνη λέξη νούμερο έξι βρίσκεται μια διόρθωση μια επιδιόρθωση σημαίνει βρίσκεστε μια ενοχλητική κατάσταση για παράδειγμα αγόρι είμαι μια διόρθωση επειδή έχω κάνει σχέδια δύο διαφορετικούς φίλους για αυτό απόγευμα,Greek
έχω χάσει τηλέφωνό μου και είμαι μια διόρθωση λεωφορείο μας έσπασε σήμερα πρωί και είμαι μια επιδιόρθωση φίλος μου πάντα γυρίζει μένα για βοήθεια όταν είναι μια επιδιόρθωση και όταν πορεία είναι καλή ξεχνάει,Greek
εγώ λοιπόν την επόμενη φορά που λάβετε μαθηματικά την εργασία από σχολείο για παράδειγμα και εάν έχετε αφήσει μαθηματικό σας βιβλίο στο σχολείο τότε μπορείτε πείτε στους φίλους σας ότι είστε πραγματική επιδιόρθωση τώρα μπορεί νομίζετε ότι λέξη fix έχει κάτι κάνει επισκευή κάτι,Greek
αλλά όχι μια επιδιόρθωση σημαίνει ότι βρίσκεστε μια ενοχλητική κατάσταση άλλες λέξεις που μπορείτε χρησιμοποιήσετε αντί για μια επιδιόρθωση είμαι μια σούπα εγώ είμαι ένα χάος είμαι ένα σημείο ενοχλητικής απλά είμαι ένα σημείο έξυπνη λέξη αριθμός είναι flummox flummox σημαίνει μπερδέψεις κάποιον,Greek
τόσο πολύ που ξεχνούν κάνουν τώρα σύγχυση τείνει είναι μια υπερβολικά χρησιμοποιημένη λέξη οπότε αντί για αυτό γιατί δεν χρησιμοποιείτε flummox για παράδειγμα αγόρι έμοιαζε εντελώς,Greek
flummoxed όταν δάσκαλος του έκανε μια ερώτηση στην τάξη σκύλος κοίταξε δική του αντανάκλαση στον καθρέφτη τουρίστας ξεφλουδίστηκε από διαφορετικά έθιμα που,Greek
συνάντησε κατά διάρκεια των ταξιδιών του μια συνέντευξη όταν της ρωτήθηκε γιατί πρέπει σας προσλάβουμε φαινόταν εντελώς φολιδωτή έτσι την επόμενη φορά μπερδευτείτε για οποιεσδήποτε ερωτήσεις για παράδειγμα μια εξέταση τότε εσείς,Greek
μπορώ πάντα γιατί δεν είχα προετοιμαζόμουν πολύ καλά για τις εξετάσεις,Greek
μου άρεσε από μερικές από τις ερωτήσεις που άλλες λέξεις που μπορείτε χρησιμοποιήσετε αντί για flummoxed είναι μπερδεμένοι αμηχανία έξυπνη λέξη αριθμός οκτώ είναι ραντεβού ραντεβού,Greek
είναι ένας πολύ γαλλικός τρόπος για πούμε συνάντηση ημερομηνία για παράδειγμα έχω ραντεβού τους φίλους μου μεσημεριανό γεύμα σάββατο σκοπεύω συναντήσω ραντεβού τους φίλους μου στο εμπορικό κέντρο για ταινίες ραντεβού που μπορούν χρησιμοποιηθούν τόσο ουσιαστικό είτε ρήμα για παράδειγμα,Greek
έχω ραντεβού τους φίλους μου σήμερα απόγευμα συναντήσω ραντεβού τους φίλους μου αύριο,Greek
στη γαλλία νωρίτερα ραντεβού χρησιμοποιήθηκε από τον στρατό για δείξει έναν τόπο συνάντησης για στρατεύματα τώρα υπάρχει κάτι ελαφρώς συναρπαστικό και μυστικό για λέξη ραντεβού ακόμα και τώρα ενώ μπορείτε χρησιμοποιήσετε ραντεβού για οποιαδήποτε συνάντηση,Greek
γενικά αλλά κέρδισε είναι πολύ κατάλληλο για μια επίσημη συνάντηση οπότε έχετε ραντεβού ίσως μπορείτε σίγουρα καλέσετε ότι ένας ραντεβού έξυπνη λέξη αριθμός είναι αμβλεία obtuse obtuse είναι προσβολή που την χρησιμοποιούσατε όταν προσπαθείτε καλέσετε κάποιον χαζή αδιάφορο αχνό τώρα έχετε ακούσει λέξη αμβλεία γεωμετρία αμβλεία γωνία και οξεία γωνία έτσι μια αμβλεία γωνία είναι μια γωνία μεγαλύτερη από μοίρες αλλά μικρότερη από 180 μοίρες,Greek
και μια οξεία γωνία είναι αυτή αιχμηρή γωνία μικρότερη από μοίρες τόσο οξεία καθώς μια λέξη χρησιμοποιείται για δηλώσει αιχμηρή και τούτου επίσης ψυχικά αιχμηρή και αμβλεία υποδηλώνει αμβλύ και,Greek
τούτου επίσης λίγο αργή στο μυαλό έτσι παραδείγματα φράσεων αμβλεία είναι άνθρωπος ήταν τόσο αόριστος που έδωσε τον κωδικό πρόσβασής του έναν ψεύτικο καλούντα αμβλύ παιδί,Greek
δεν ήταν θέση,Greek
για απαντήσετε μια μόνο ερώτηση στο τεστ αόριστος άντρας είχε δυσκολία καταλάβει ακόμη και βασικές οδηγίες τώρα υποθέστε ότι στην περίπτωσή σας στην καθημερινή ζωή φίλος σας φίλη σας είναι θυμωμένος μαζί σας και δεν ξέρετε γιατί μπορείτε,Greek
πες τους ίσως είμαι αμβλείος αλλά δεν ξέρω γιατί είσαι τόσο αναστατωμένος έξυπνη λέξη νούμερο είναι αργή αργή υποτονική σημαίνει κινείσαι αργό τρόπο ώστε είσαι πιο αργός ρυθμός,Greek
από συνηθισμένο φαίνεται λίγο κουρασμένος και λείπει στο ενεργειακό παράδειγμα ένα βαρύ μεσημεριανό γεύμα κάνει πολύ απόγευμα νωθρός έχει ρίζες από λέξη που σημαίνει ένα αργό άτομο και ένας γυμνοσάλιαγκας είναι ένα ζώο που κινείται πολύ αργά σαν παραδείγματα σαλιγκαριών,Greek
οικονομία ήταν πολύ αργή φέτος αγώνας αυξήθηκε μετά από μια αργή έναρξη,Greek
επιχείρηση ήταν αργή αυτό τρίμηνο μπορείτε χρησιμοποιήσετε στην καθημερινή σας ζωή εάν αισθάνεστε πολύ κουρασμένοι μια μέρα μπορείτε πείτε στη μαμά σας μπορείτε πείτε,Greek
φίλοι σου νιώθω πολύ αργός,Greek
σήμερα μπορούσα κάνω ένα ενεργειακό ποτό άλλες λέξεις που μπορείτε χρησιμοποιήσετε στη θέση του αργού μπορούσαν είναι λήθαργοι σέρνουν πόδια μου έτσι αυτές ήταν έξυπνες λέξεις και πριν,Greek
σας δίνω αυτή μυστική συμβουλή για ακούγεται πολύ άπταιστα θέλω σας υπενθυμίσω,Greek
περίπτωση που ψάχνετε έξυπνες λέξεις για χρήση μια τηλεφωνική κλήση τότε βάζω έναν σύνδεσμο για ένα βίντεο,Greek
κάτω στο πλαίσιο περιγραφής για αυτό και τώρα μυστική συμβουλή μυστική άκρη για ακούγεται άπταιστα είναι χρησιμοποιείτε όχι περισσότερες από μία έξυπνες λέξεις προτάσεις που γνωρίζω μερικές φορές,Greek
είμαστε πολύ ενθουσιασμένοι γιατί,Greek
εμείς έμαθα πολλές από αυτές τις έξυπνες λέξεις και τείνουμε γεμίσουμε δύο τρία τέσσερα από αυτά μία πρόταση που δεν ακούγεται φυσικό,Greek
οπότε κάθε φορά βεβαιωθείτε ότι προφέρετε,Greek
λέξη τον σωστό τρόπο πηγαίνετε στο google και πληκτρολογήστε λέξη και στην αναζήτηση δεξιά στην κορυφή δείτε ένα μικρό εικονίδιο ηχείου κάνει κλικ αυτό ηχείο,Greek
και ακούστε την προφορά μία δύο φορές,Greek
και είστε έτοιμοι πάτε και σας άρεσε αυτό βίντεο μην ξεχάσετε μας δώσετε ένα μπράβο ένα σχόλιο,Greek
για μένα κάτω από αυτό που μου λέει ποια από αυτές τις λέξεις είναι αγαπημένο σας και επίσης,Greek
δεν έχετε πατήσει ήδη κουμπί εγγραφής και εικονίδιο κουδούνι ακριβώς δίπλα του και χαρείτε την παρακολούθηση,Greek
γεια σας παιδιά καλώς ήρθατε στο κανάλι μου αυτό βίντεο,Greek
σας δώσω τις κορυφαίες φράσεις στα αγγλικά που μπορείτε χρησιμοποιήσετε στην καθημερινή σας ζωή,Greek
οπότε πρόκειται ξεκινήσετε ταξίδι σας,Greek
μια αγγλόφωνη χώρα μπορείτε χρησιμοποιήσετε πλήρως,Greek
φράσεις εάν μαθαίνετε αγγλικά για λίγο και θέλετε συνεχίσετε μαθαίνετε,Greek
αυτό είναι καλύτερο βίντεο για αρχή οπότε πάμε φράσεις στα αγγλικά λεπτά,Greek
πρώτη φράση αυτός είναι ένας άλλος τρόπος ρωτήσετε,Greek
πώς είσαι,Greek
πώς πάει,Greek
πώς πάει,Greek
οπότε συναντάς κάποιον και εσύ χρόνο πώς πάει νούμερο δύο φράσης όταν δεν έχετε δει κάποιον για λίγο του λέτε για πολύ καιρό όχι οπότε αυτό σημαίνει ότι δεν έχετε δει αυτό άτομο ίσως εβδομάδες μήνες για μεγάλο χρονικό διάστημα μην δείτε αριθμό φράσης,Greek
τρία θέλετε σας ρωτήσω έχετε κάνει,Greek
ρωτάτε έχετε κάνει έτσι συνέβαινε στη ζωή σας,Greek
έχετε κάνει για μεγαλώσετε πριν όλα πάνε καλά μπορείτε απλώς απαντήσετε δεν μπορεί παραπονεθεί ότι όλα είναι πολύ ωραία,Greek
δεν μπορώ παραπονεθώ την επόμενη φράση που κάποιος σας λέει κάτι και δεν έχετε αναφέρει πραγματικά στη συνομιλία όπως μαντέψουν κάπως ότι έχετε νέα δουλειά και τον ρωτάτε,Greek
πως ξέρεις,Greek
από πού πήρατε τις ειδήσεις όπως εσείς,Greek
ξέρετε κάποιος λέει ένα αστείο αστείο μπορείτε πείτε ότι είναι καλό,Greek
αυτό είναι ένα υπέροχο αστείο οπότε φράση είναι καλή,Greek
θέλετε ευχαριστήσετε κάποιον μπορείτε πείτε ότι σας ευχαριστώ πολύ που κάνατε αυτό είναι πολύ ευγενικό για εσάς είναι πολύ ευγενικό κάποιος,Greek
προσπαθούσε σας βοηθήσει αλλά δεν μπόρεσα φτάσω στο αποτέλεσμα που μπορείτε πείτε,Greek
ευχαριστώ έτσι αλλιώς δεν έχει σημασία αλλά ευχαριστώ,Greek
ευχαριστώ για την προσπάθεια σου,Greek
όχι ευχαριστώ ούτως άλλως και μια άλλη φράση που χρησιμοποιώ στο email μου μερικές φορές όταν δεν έχω ζητήσει κάποιο άτομο,Greek
ρωτώ και μετά λέω στο τέλος,Greek
ευχαριστώ των προτέρων πράγμα που σημαίνει ότι πραγματικά ελπίζω ότι κάνετε,Greek
κάντε μερικά ευχαριστώ των προτέρων,Greek
σας ευχαριστώ των προτέρων εάν κάποιος έκανε λάθος και είναι πραγματικά αναστατωμένος για αυτό,Greek
μπορείτε απλώς πείτε μην ανησυχείτε,Greek
μην ανησυχείτε μην ανησυχείτε που σημαίνει ότι μην ανησυχείτε,Greek
είναι εντάξει,Greek
μην ανησυχείτε φανταστείτε ότι ήρθατε στο σπίτι και όλοι φίλοι σας κάθονται στον καναπέ σας,Greek
και είσαι σαν αυτό που συμβαίνει εδώ όπως κάνεις εδώ,Greek
συμβαίνει δεν πιάσατε κάτι δεν καταλάβατε άτομο που μπορείτε πάντα ρωτήσετε σας πήρα σωστά,Greek
και μετά προχωρήστε και εξηγήστε πού πήρα πήρα σωστά ζητήσετε από κάποιον μην αναστατωθεί μην κλαίει μπορείτε πείτε μην πάρετε στην καρδιά,Greek
μην παίρνεις στην καρδιά όπως σοβαρά μην είσαι τόσο αναστατωμένος μην πάρεις στην καρδιά,Greek
ένας άλλος τρόπος για ρωτήσετε δεν πιάσατε ένα μέρος μιας φράσης μπορείτε πείτε ότι δεν έπιασα την τελευταία λέξη,Greek
συγγνώμη,Greek
μπορείτε επαναλάβετε γιατί δεν έπιασα την τελευταία λέξη θέλει κάποιος επαναλάβει ολόκληρη φράση ξανά,Greek
μπορείς πεις συγνώμη,Greek
δεν άκουγα γιατί ίσως ήσουν απασχολημένος,Greek
ίσως μιλούσατε στο τηλέφωνο και κάποιος σας μιλούσε και είστε σαν,Greek
θεέ μου,Greek
συγνώμη δεν άκουσα,Greek
μπορείς επαναλάβεις,Greek
συγγνώμη,Greek
δεν άκουγα άλλη φράση που χρησιμοποιώ όλη την ώρα,Greek
δεν πειράζει μην ανησυχείς πέσεις τον καφέ μου πάνω μου,Greek
είναι σαν μην έχει σημασία,Greek
είμαι καλά,Greek
εγώ πάω στο πλυντήριο ούτως άλλως,Greek
δεν έχει σημασία θέλετε ευχηθείτε κάποιον τύχη,Greek
και κάνω πάντα ότι μπορείτε πείτε δάχτυλα σταυρωμένα και διασχίζετε δάχτυλα έτσι,Greek
δάχτυλα διέσχισαν,Greek
μια άλλη φράση που χρησιμοποιούν αμερικανοί είναι πολύ κακό που εξηγεί και,Greek
κατάσταση είναι ότι δεν πήρατε κάτι και στη συνέχεια έχετε ένα επιπλέον αποτέλεσμα και παίρνετε,Greek
και είσαι σαν αυτό που εξηγεί που εξηγεί,Greek
ένας άλλος τρόπος πείτε στο άτομο μην είναι αναστατωμένος είναι ότι μπορείτε πείτε ότι πράγματα συμβαίνουν όπως είναι εντάξει,Greek
πράγματα συμβαίνουν μην ανησυχείτε δεν έχετε όνομα ενός ατόμου που θέλετε του μιλήσετε,Greek
μπορείτε πείτε συγνώμη που σας ενοχλεί ξέρετε ότι βλέπετε,Greek
κάποιος είναι απασχολημένος μπορείς πάντα λες συγγνώμη που ενοχλεί και μετά μπορείς προχωρήσεις και ρωτήσεις,Greek
συγνώμη που ενοχλεί,Greek
είσαι στη μέση κάτι κάποιον ρωτάω κάτι που μπορείς πεις είσαι στη μέση κάτι και κάποιος ζητά κάνεις κάτι που λες λυπάμαι,Greek
είμαι μαζί σου ένα λεπτό είμαι μαζί σου και μετά συνεχίσεις κάνεις κάτι και πεις πού ήμασταν,Greek
όπως πότε σταματήσαμε που ήμασταν και πρέπει επαναλάβετε γιατί τον ήχο που κάποιος κάποιος κάνει λάθος,Greek
οπότε αυτός είναι ένας πολύ καλός τρόπος για εξασκηθείτε πού ήμασταν ξανά βρίσκεστε στη μέση μιας συνομιλίας και δεν καταλάβατε αυτό που είπε άλλο άτομο μπορείτε πείτε ότι λέγατε και ερωτηματικό,Greek
που σημαίνει που ωθεί άτομο επαναλάβει ξανά έλεγες,Greek
κάποιος πήρε δουλειά από όνειρά του για μπορείτε πείτε τυχερός κάποιος μπήκε στο πανεπιστήμιο των ονείρων του σαν τυχερός αυτός είναι ένας τρόπος για συγχαρώ τυχερό άτομο απλά τονίσετε ότι είναι τυχερός τυχερός άλλος τρόπος ότι είσαι πραγματικά θυμωμένος είναι πεις ότι φοβόμουν σαν ήμουν τόσο θυμωμένος,Greek
αυτό είναι σχεδόν τρελό,Greek
φρικάρω μια άλλη φράση που χρησιμοποιούν εγγενείς ομιλητές για εσάς και αυτό μπορούσε είναι τόσο θετικό όσο και αρνητικό όταν λέτε ότι προωθήθηκα και λένε καλό για εσάς όπως συγχαρητήρια και μερικές φορές λέτε ότι φεύγω από αυτό μέρος,Greek
είναι σαν καλό για σένα ήταν καλύτερο χωρίς εσένα και αυτό είναι ένα αρνητικό νόημα οπότε πραγματικά άκουσε τον τονισμό,Greek
κάτι σας εκπλήσσει μπορείτε επίσης πείτε ότι πρέπει αστειεύεσαι σαν θεέ μου,Greek
δεν μπορώ πιστέψω ότι πρέπει μου αστειεύεσαι για πεις κάποιον χαμογελάσει και είσαι ευτυχισμένος μπορείς πάντα πεις πανηγυρίζεις,Greek
θέλετε κάποιος ακούγεται σαν κλαίει και διαμαρτύρεται για κάτι που δεν συμβαίνει μπορείτε πείτε έλα μπορείτε κάνετε ελα,Greek
μπορείτε κάνετε μπορείτε περάσετε toefl μπορείτε περάσετε gmat που πάρετε,Greek
μπορείτε κάνετε κάποιος κάνει πολύ καλά μπορείτε τους πείτε συνεχίσουν την καλή δουλειά συνεχίσουν την καλή δουλειά σαν είναι τόσο καλή όσο είστε και συνεχίσετε την καλή δουλειά συνεχίσει είναι μια άλλη φράση είναι συνηθισμένη και αυτό είναι που αμερικανοί λένε,Greek
αυτό είναι αναμμένο που σημαίνει ότι είναι εκπληκτικό πολλοί αμερικανοί είπαν στην καλιφόρνια,Greek
είναι αναμμένο και μάλλον έχετε ακούσει τραγούδια αναμμένο κάποιος είναι επιτυχής μετά από αποτυχίες οπότε μπορείτε πείτε ότι πηγαίνετε σας είπα ότι φτιάξετε εκεί εάν κάποιος σας ρωτήσει είστε κουρασμένοι και θέλετε πείτε ότι δεν είστε κουρασμένοι καθόλου μπορώ όχι λίγο,Greek
θέλω συνεχίσω δεν είμαι κουρασμένος από αυτό όταν κάποιος σας ρωτάει είστε σίγουροι και είστε πολύ σίγουροι ότι μπορείτε πείτε ότι δεν υπάρχει χώρος για αυτό δεν υπάρχει περιθώριο αμφιβολίας στην αμερική θέλετε στείλετε sm κάποιον του στείλετε ένα μήνυμα που λέτε κείμενο κείμενο οπότε σας στείλω κείμενο που σημαίνει ότι σας στείλω ένα μήνυμα μέσω whatsapp ενός τηλεγραφήματος αγγελιοφόρου οτιδήποτε χρησιμοποιώ σας στείλω ξανά μήνυμα για ενθαρρύνεις κάποιον για τους πεις μην αναστατωθείς μπορείς πεις ότι δεν αξίζει τον κόπο γιατί κλαις δεν αξίζει τον κόπο,Greek
είσαι πολύ καλύτερος από πρόβλημα που κλαίνε δεν αξίζει δάκρυά σου,Greek
δεν αξίζει τον εαυτό μου λατρεύω προσωπικά φράση που ροκ σημαίνει ότι είσαι καταπληκτικός,Greek
θεέ μου,Greek
λικνίζεις ροκ όχι έχετε κάνει μια καταπληκτική δουλειά,Greek
λικνίζεις κάποιος δεν δουλεύει πολύ καλά και θέλεις δουλέψει σκληρότερα μπορείς πεις ότι πρέπει κάνεις ένα επιπλέον μίλι που σημαίνει σαν δουλεύεις σκληρότερα πρέπει κάνεις ένα επιπλέον μίλι,Greek
ένας άλλος τρόπος για πείτε ίδιο πράγμα που μπορείτε πείτε ανεβάζετε παιχνίδι σας όπως δουλέψτε σκληρότερα βελτιώστε καλύτερα παιχνίδι σας,Greek
κάποιος κλαίει και δεν θέλει,Greek
βυθίζεται λέτε τραβήξτε τον εαυτό σας σαν κυριολεκτικά πάρτε τον εαυτό σας και τραβήξτε τον εαυτό σας σταματήστε δουλεύετε σταματήστε κλαίνε τραβήξτε τον εαυτό σας μαζί,Greek
γεια σου ηρεμήσεις μαζί μια άλλη φράση,Greek
μου αρέσει που πούλησες γιατί μερικές φορές άνθρωποι περιγράφουν ταξίδι τους κάποιον που αγόρασαν και περιγράφουν ότι είναι τόσο καλά,Greek
και είναι σαν θέλω αγοράσω ίδιο πράγμα και τους λέω ότι πουλήσατε ότι πουλήσατε δεν αγοράσω εντάξει πουλήσατε δεν σας ενδιαφέρει συνομιλία,Greek
είστε σαν κάθεστε μπορείτε πείτε ότι δεν νοιάζει λιγότερο αυτό είναι τόσο βαρετό,Greek
δεν ενδιαφέρει,Greek
δεν νοιαζόταν λιγότερο κάποιος σου ρωτάει κάτι και αυτή είναι μια πολύ εύκολη απόφαση για σένα όπως κάποιος σου λέει ότι παίρνεις εκατομμύριο δολάρια μου και λέτε ότι αυτό δεν είναι μυαλό,Greek
πάρω,Greek
αυτό είναι ένα brainer σημαίνει ότι είναι μια πολύ εύκολη απόφαση για εσάς έχετε κάνει κάτι λάθος και παραδέχεστε ότι μπορείτε πείτε ότι έκανα ναι παιδιά,Greek
ξέρω,Greek
συγγνώμη,Greek
θαλασσωσα,Greek
αυτό είναι λάθος μου,Greek
βιδώσω έβγαλα θέλετε κάποιος δουλέψει αντί για εμένα μπορείτε πείτε,Greek
μπορείς καλύψεις όπως μπορείς δουλέψεις αντί για μένα ενώ εγώ βλέπω τον φίλο μου,Greek
μπορείς καλύψεις ήρθε ώρα φύγω και παιδιά καλύτερα πάω πράγμα που σημαίνει ότι πρέπει φύγω ήδη,Greek
ξέρετε,Greek
είναι πραγματικά στις,Greek
τώρα αμέσως,Greek
καλύτερα πάω άλλο τρόπο για αντίο,Greek
μπορώ φροντίστε που σημαίνει φροντίζετε τον εαυτό σας,Greek
αργότερα,Greek
προσέχεις,Greek
δεν ξέρω μέρα είναι όταν παρακολουθείτε αυτό βίντεο αλλά είναι παρασκευή για παράδειγμα σαββατοκύριακο,Greek
μπορείτε πείτε ευχαριστώ ουρανούς είναι παρασκευή νομίζετε ότι ουρανός είπε σαββατοκύριακο ανακάλυψη,Greek
είμαι πολύ χαρούμενος που ήταν παιδιά φράσεις στα αγγλικά επιτρέψτε μου μάθω αυτό ήταν χρήσιμο μου άρεσε αυτό βίντεο και σχολιάζοντας παρακάτω εάν γνωρίζετε περισσότερες δροσερές φράσεις,Greek
ήταν υπέροχο υπάρχει ένα κόκκινο κουμπί εκεί κάπου,Greek
γειά σας και καλώς ήρθατε,Greek
αυτό βίντεο σας δώσω 100 κοινές και πολύ χρήσιμες προτάσεις που μπορείτε χρησιμοποιήσετε στη συνομιλία,Greek
όταν ακούτε μια πρακτική προτάσεων λέει μετά από εμένα προσπαθήστε αντιγράψετε την προφορά μου τον τόνο της φωνής που χρησιμοποιώ,Greek
εντάξει ξεκινήσουμε,Greek
βασικοί χαιρετισμοί πώς πηγαίνει πως είναι πράγματα,Greek
ποια είναι νέα σου,Greek
χαίρομαι που γνωρίζω,Greek
χρόνια και ζαμάνια,Greek
πως ήσουν,Greek
υπέροχα ευχαριστώ,Greek
εσυ πως εισαι,Greek
όχι πολύ,Greek
συνηθισμένο,Greek
πρέπει πάω,Greek
ήταν χαρούμενη συνάντηση που αργότερα,Greek
κρατήσουμε επαφή,Greek
ζητώ πληροφορίες,Greek
μπορούσες μου πεις σημαίνει αυτή λέξη τυχαίνει ξέρετε πού είναι βιβλιοθήκη διστάζω,Greek
αυτή είναι μια καλή ερώτηση,Greek
άσε,Greek
άσε σκεφτώ για μια στιγμή,Greek
ζητώντας επανάληψη,Greek
συγχωρείς,Greek
συγγνώμη δεν κατάλαβα,Greek
σας πείραζε επαναλάβετε μπορείς μιλήσεις λίγο πιο αργά σας παρακαλούμε,Greek
λέγοντας δεν ξέρω,Greek
φοβάμαι ότι δεν έχω ιδέα,Greek
δεν μπορώ βοηθήσω εκεί συγγνώμη,Greek
δεν έχω ιδέα,Greek
απόψεις,Greek
πιστεύετε αυτό,Greek
ποιες είναι απόψεις σας σχετικά αυτό νομίζω ότι είναι καλή ιδέα,Greek
ειλικρινά δεν νομίζω ότι λειτουργήσει,Greek
για μένα αυτό είναι καλύτερο εστιατόριο στην πόλη,Greek
αποφεύγοντας μια ερώτηση,Greek
δεν έχω γνώμη επί του θέματος,Greek
επιτρέψτε μου σας απαντήσω αυτό,Greek
δεν είμαι ελεύθερος,Greek
συμφωνώ και διαφωνώ,Greek
δεν μπορούσα συμφωνήσω περισσότερο,Greek
εχεις απολυτο δικιο,Greek
συμφωνώ μαζί σας 100,Greek
χτυπάτε καρφί στο κεφάλι,Greek
δεν είμαι σίγουρος ότι συμφωνώ,Greek
φοβάμαι ότι διαφωνώ,Greek
νομίζω ότι κάνεις λάθος,Greek
διακόπτει ευγενικά,Greek
συγνώμη που σας διακόψαμε,Greek
μπορώ σταματήσω εκεί για μια στιγμή πειράζει πηδήσω εδώ προχώρα,Greek
σίγουρα συνεχίστε,Greek
άσε τελειώσω,Greek
περίμενε για μια στιγμή,Greek
προτάσεις,Greek
λες ότι πηγαίνουμε στις ταινίες λες για πίτσα για δείπνο απόψε αυτό ήταν υπέροχο,Greek
μου ακούγεται καλό,Greek
δεν είμαι σίγουρος αυτό,Greek
όχι δεν νομίζω,Greek
κάνω σχέδια,Greek
κάνεις απόψε,Greek
έχετε σχέδια για αύριο είσαι ελεύθερος επόμενο σάββατο θέλετε κάνετε κάτι αυτό σαββατοκύριακο σίγουρα έχετε στο μυαλό σας είμαι ελεύθερος όλο σαββατοκύριακο κάνουμε κάτι,Greek
όχι συγγνώμη έχω ήδη τρελαθεί κάποια σχέδια,Greek
είμαι απασχολημένος αύριο,Greek
ήθελα κάνω κάτι αλλά δεν μπορώ,Greek
άδεια,Greek
πειράζει χρησιμοποιώ κινητό σου ήταν εντάξει έπαιρνα αύριο ναι παρακαλώ σιγουρευτείτε προχωρήστε,Greek
όχι καθόλου,Greek
δυστυχώς πρέπει όχι,Greek
προτιμούσα όχι,Greek
φοβάμαι,Greek
κάνοντας αιτήματα,Greek
μπορούσες μου περάσεις αλάτι σας παρακαλούμε,Greek
σας πείραζε μου δανείσετε κάποια χρήματα αναρωτιόμουν μπορούσες βοηθήσεις αυτό,Greek
σίγουρα κανένα πρόβλημα,Greek
ναι φυσικά,Greek
χαρούμε βοηθήσω,Greek
συγνώμη δεν μπορώ τώρα,Greek
φοβάμαι ότι δεν μπορώ,Greek
κάνω προσφορές,Greek
μπορώ σου φέρω ένα ποτήρι νερό λες για παγωτό θέλατε κάνω μια βόλτα στο σπίτι ναι παρακαλώ,Greek
αυτό ήταν υπέροχο ευχαριστώ,Greek
είμαι εντάξει αλλά ευχαριστώ για την προσφορά,Greek
όχι είμαι καλός ευχαριστώ,Greek
ευχαριστώ τους ανθρώπους,Greek
χίλια ευχαριστώ,Greek
ευχαριστώ πραγματικά εκτιμώ,Greek
αυτό είναι πολύ ευγενικό μέρους σας,Greek
δεν μπορώ σας ευχαριστήσω αρκετά,Greek
δεν είναι τίποτα,Greek
μην αναφέρετε,Greek
οποτεδήποτε,Greek
ευχαρίστησή μου,Greek
ζητώντας από κάποιον περιμένει,Greek
μπορείτε κρατήσετε στιγμή παρακαλώ μείνε ένα δευτερόλεπτο,Greek
αντέξτε μαζί μου μια στιγμή,Greek
είμαι σωστός μαζί σου,Greek
συγνώμη λυπάμαι πολύ αυτό,Greek
παρακαλώ δέξου την συγνώμη μου,Greek
μην ανησυχείς αυτό,Greek
μην ανησυχείς,Greek
εντάξει θέλετε περισσότερα μαθήματα σχετικά κοινές προτάσεις και φράσεις ενημερώστε στην παρακάτω ενότητα σχολίων,Greek
επίσης σας άρεσε αυτό βίντεο δώστε τους αντίχειρες πατώντας κουμπί like και θυμηθείτε εγγραφείτε αυτό κανάλι κάνοντας κλικ στο κουμπί εγγραφής για λάβετε τελευταία μου μαθήματα εδώ στο youtube,Greek
χαρούμενη μάθηση και σας σύντομα άλλο μάθημα,Greek
χρυσό ψωμί κάποτε ένα μικρό χωριό ζούσε μια γυναίκα που ονομάζεται μαριόν,Greek
μοναδική κόρη της νάρκισσα μαρίνα ήταν εξαιρετικά ταπεινή και γλυκιά ναρκίσσα ωστόσο ήταν εντελώς αντίθετο που βλέπεις ότι ήταν όμορφη πέρα από λόγια που ήταν σαν ένα ζωντανό,Greek
κούκλα και πιο διασκεδαστικό είναι ότι αγαπούσε τον εαυτό της χωρίς ναρκίσσα θέλατε,Greek
βοήθησέ ψήσω ψωμί έτσι αλλιώς μαμά αλεύρι υπηρέτησε όλα φωτεινά και φωτεινά μάτια μου narcisa βοηθούσες φυτέψω αυτούς τους σπόρους γιατί γιατί έκανα αυτό που έχω όλη αυτή βρωμιά στα υπέροχα δάχτυλά μου χειρότερα πήγε καλά στο πρόσωπό μου αυτό ήταν πρόβλημα ναρκίσσα,Greek
πίστευε ότι ήταν πολύ μεγάλη για κάνει οποιαδήποτε δουλειά πολλοί μνηστήρες ήρθαν ζητήσουν πάρουν ναρκίσσους,Greek
δεδομένου ότι ομορφιά της ήταν γνωστή πολύ μακριά αλλά τους απέρριψε όλα πολύ αγενή γιατί έστειλε εκείνους τους άντρες χθες φαινόταν ωραία δεν μπορείς είσαι σοβαρή μαμά ένας από αυτούς,Greek
είχα τόσο μικρά μάτια σχεδόν σαν πουλί και άλλο είχε μια τεράστια μύτη που δεν ήθελα είμαι κοντά του,Greek
όταν φταρνίστηκε και τελευταία στάση όχι δεν θέλω ακούσω πια μόνο που μπορούσα ήταν ότι αυτοί άντρες ήταν πολύ καλοί αγαπητέ μου πρέπει ξέρετε αυτή την ομορφιά,Greek
δεν είναι όλα όσα πρέπει συνειδητοποιήσετε ότι αξίζω κάποιον σαν πρίγκιπας ιππότης,Greek
αγαπητή μια νύχτα όταν κοιμόταν μητέρα της κάθισε στο πλάι της παρακολουθώντας την,Greek
αγαπητέ μου παιδί είσαι τόσο όμορφη και υπέροχη αλλά δεν νοιάζεσαι τίποτα άλλο από την ομορφιά σου,Greek
εκείνη στιγμή νάρκισσος άρχισε γελάει στον ύπνο της μητέρα της εξέπληξε πόσο ωραία πρέπει έχει ένα πραγματικά αστείο όνειρο επόμενο πρωί όταν νάρκισσος,Greek
ξύπνησα ότι ήταν όλα χαμόγελα και γέλια εδώ γλυκιά μου μου πει ονειρευόσασταν,Greek
χθες βράδυ μαμά ήταν ένα τόσο υπέροχο όνειρο που ξέρεις ότι υπήρχε αυτός πρίγκιπας που ήρθε μένα,Greek
και είπε ότι ήθελε παντρευτεί είχε έρθει μια χρυσή άμαξα και ήταν ντυμένος από πάνω προς κάτω και χρυσός επίσης ανόητο όνειρο,Greek
και ξέρεις ότι καλύτερο ήταν όταν ήμουν στο νυφικό μου που ήταν από χρυσό και φυσικά όλοι κοίταζαν μόνο ναρκίσσα δεν υπάρχει τίποτα καταπληκτικό για αυτό όνειρο,Greek
ήταν μια πολύ εγωιστική ονειρεμένη μαμά που δεν ξέρεις λες ότι όνειρο έκανε συνειδητοποιήσω ότι χρειάζομαι φαγητό πολύ μεγαλύτερο από τον τύπο που τρώω εδώ στο σπίτι ψωμί από χρυσό,Greek
απλά σκεφτείτε ότι φτωχή μητέρα του ναρκίσσου ανησυχούσε τόσο πολύ για την κόρη της και πώς,Greek
ζούσε ζωή της εκείνη την ημέρα δύο φίλοι ήρθαν επισκεφτούν μητέρα του ναρκίσσου που ήταν mellie και terry τρεις τους ήταν φίλοι για αιώνες αλλά terry και έλλη είχαν ένα μυστικό και δύο,Greek
ήταν μαγικά όντα κάτι που μητέρα της ναρκίσσας δεν γνώριζε τίποτα για τον terry melli είναι τόσο καλό βλέπω που ήταν πολύ καιρό πώς είσαι ήμουν πολύ καλός ήμουν καλύτερα μόνο και μόνο κόρη μου ναρκίσσα ήταν λίγο πιο κατανοητή μαριάν είπε στην mellie και τον terry πάντα για ναρκίσσα και πώς ανησυχούσε αυτήν που θέλει φάει ψωμί από χρυσό κάνω μαζί της ίσως όνειρό της γίνει πραγματικότητα,Greek
αυτό ήταν υπέροχο δεν είχε σημασία υποθέτω ότι μεγαλώσει για μάθει μιλήσουμε για κάτι άλλο,Greek
τώρα αργότερα μέλι και τέρι έσπασαν αντίο στον παλιό τους φίλο και πήγαν χαμογελούν ένας στον άλλο κρυφά εκείνο βράδυ τόσο μητέρα όσο και κόρη,Greek
ετοιμάστηκα για κρεβάτι της μητέρας πραγματικά ελπίζω γίνει πραγματικότητα όνειρό μου ξέρετε ναρκίσσα την επόμενη μέρα καθώς ναρκίσσα και μητέρα της ήταν έξω στον κήπο τους μια όμορφη,Greek
χρυσή άμαξα ήρθε πάνω τους ήταν γεμάτη πολύτιμους λίθους και διαμάντια και φαινόταν εξαιρετικά εκπληκτική,Greek
καθώς σταμάτησε ένας όμορφος άντρας βγήκε από αυτό και κοίταξε νάρκισσα ήταν εντελώς ξαφνιασμένος πόσο όμορφος ήταν όνειρό μου στην πραγματικότητα γίνεται πραγματικότητα,Greek
γεια σας ήρθα εδώ για ζητήσω νάρκισσος παραδώσει γάμο αλλά πώς ξέρετε όνομά της και ποιος είστε,Greek
είμαι άγγελος της καλής τύχης όνομα και ομορφιά της κόρης σας είναι γνωστό όλο τον κόσμο εδώ σας έφερα ένα δώρο αλλά σχεδόν δεν τον γνωρίζετε ότι δεν μπορείτε πάτε μαζί του,Greek
ανόητος είναι πλούσιος και όμορφος περισσότερο ήθελα έχω έδαφος αποδέχομαι την πρότασή σας,Greek
και αυτό μπήκε στο καροτσάκι του και χωρίς καν αποχαιρετήσει μητέρα της έφυγε τον άγγελο καθώς ταξίδευαν άμαξα ξαφνικά μπήκε μια μαγική πύλη εκεί που ταξίδεψε μέσα από μια θυελλώδη περιοχή άμαξα έπεσε τρομερά και ναρκίσσα,Greek
ήταν πολύ φοβισμένος μην ανησυχείτε αγαπητέ μου όλα αυτά σύντομα τελειώσουν ακριβώς όπως είπε ότι μεταφορά περνούσε από μια άλλη πύλη και έφτασε στο δρόμο,Greek
από ένα τεράστιο και υπέροχο χρυσό κάστρο νάρκισα ήταν έκπληκτος όλη την ομορφιά που είδε ήξερα ότι αξίζω τόσα πολλά πλούτη ήξερα ότι θέλατε θέλετε βρείτε εδώ από πιο όμορφα φορέματα έως πιο νόστιμα φαγητά όλα αυτά στο παλάτι μου μιλώντας καλά για φαγητό είμαι πολύ πεινασμένος μετά από αυτήν βόλτα πεινασμένος μπορώ έχω κάποιο από αυτά νόστιμα φαγητά φυσικά εδώ κρέας μυρωδιά μέλισσα που σας πάρει θέλετε σας έχω ακούσει τόσα πολλά για εσάς φτωχοί αγαπητοί πεινάτε δεν έρχεστε πάμε στο τραπέζι σου φέρω λίγο φαγητό ευχαριστώ που πήγαν στην τραπεζαρία και εκεί στο τραπέζι ήταν πιο εκπληκτικό φαγητό που είχε δει νάρκισα ποτέ καταπληκτική διότι είναι φτιαγμένες μαρμελάδες,Greek
από ρουμπίνια σαλάτες από σμαράγδια και ψωμί εκεί είναι φτιαγμένο από χρυσό χρυσό ψωμί πόσο υπέροχη φαίνεται αυτή μαρμελάδα και έχει υπέροχη γεύση ψωμί που πήρε μια φέτα,Greek
ρουμπίνι μαρμελάδα αυτό και πήρε ένα τεράστιο δάγκωμα αυτό είναι τόσο ζεστό δεν μπορώ φάω καλά είναι ψωμί από χρυσό και καλύτερο αλλά δεν μπορείτε φάτε σας πάρω ασημένιο ψωμί ασημί γιατί μην κάνετε τρως,Greek
κάτι άλλο αλλά θέλω κανονικό ψωμί ψωμί οποίο μπορώ φάω δεν έχεις αυτή την εμφάνιση έτσι σύζυγος του κοχύλι μου είναι κρύο πρέπει φάτε μόνο καλύτερα ναρκίσια που κοίταξα όλα φαγητά,Greek
αλλά ήταν σπασμένη για ήταν βρώσιμο σύντομα άρχισε κλαίει δεν θέλω αυτό αλλά φαγητό είναι πολύ καλό,Greek
εδώ δοκιμάστε μερικές χρυσές πατάτες που είναι πραγματικά καλές και αφού είστε παντρεμένοι εμένα,Greek
πρέπει φάτε όλα αυτά νόμιζα ότι σας άρεσαν φανταχτερά πράγματα όχι δεν θέλω σας παντρευτώ θέλω πάω σπίτι,Greek
στη μητέρα μου άφησέ πάει σπίτι μέλισσα και τερενς κοίταξε ένας τον άλλον και μάτι καλά,Greek
αυτό είναι πραγματικά αυτό που θέλεις τότε πάω σπίτι terrence πήρε κλάμα και δυστυχισμένο,Greek
narcis στο σπίτι της άμαξας άρχισε σκέφτεται βαθιά για τις επιλογές που είχε κάνει όταν έφτασε στο σπίτι,Greek
έτρεξε αγκαλιάσει μητέρα της που καθόταν στο σπίτι λυπημένη ούτε αδερφή της γλυκιάς μου κόρης νόμιζα ότι δεν ξαναδώ,Greek
μαμά αγαπώ τόσο πολύ και είσαι σωστή εμφάνιση και πλούτος δεν είναι όλα όσα χρυσό ψωμί ήταν άχρηστο καθώς δεν μπορούσα φάω και άντρας,Greek
ήταν όμορφος δεν νοιάζει καθόλου αλλά αγαπητή μου συνειδητοποιείς ότι είναι ακριβώς τρόπος τον οποίο φέρεσαι στους άλλους ξέρω ότι λυπάμαι πολύ για τον τρόπο τον οποίο ενήργησα μαμά όχι είναι εντάξει από τότε που είδατε,Greek
ήρθε λάθος σου σου δώσουμε κάτι ωραίο από εκείνη μέρα και μετά,Greek
ναρκίσσα άλλαξε τους τρόπους της που αγωνίστηκε στην αρχή αλλά αργά και υπομονετικά άρχισε γίνεται πολύ πιο όμορφη μια μέρα μέλι και τέρρι ήρθε συναντήσει ξανά μαρία γεια σας λοιπόν πείτε μας μαρία,Greek
πως ναρκισσισμός τώρα μαρία τους είπε όλα όσα είχαν συμβεί και έχει αλλάξει τόσο πολύ από τότε,Greek
μήπως υποθέτω ότι δεν ήθελε άλλο χρυσό ψωμί τώρα έτσι ξέρεις,Greek
terry στην πραγματικότητα μοιάζεις λίγο αυτόν τον άγγελο αλλά αυτό που βλέπω πώς μπορούσες είσαι εσύ και δύο είναι τόσο καλοί,Greek
nature переводе англ,Russian
природа самых старых авторитетных общенаучных журналов,Russian
публикует исследования посвящённые широкому кругу вопросов основном естественно научной тематики,Russian
первый номер журнала nature издан ноября 1869 года английским физиком сэром джозефом норманом локьером который оставался редактором журнала 1919 года,Russian
nature редактируется великобритании издательством nature publishing group издаётся лондоне,Russian
журнала также офисы нью йорке сан франциско вашингтоне токио париже мюнхене бейзингстоке,Russian
журнал ориентирован научных работников однако начале каждого издания публикуется краткое популярное изложение важнейших публикаций,Russian
колонке редактора разделе новости англ,Russian
news article сообщается событиях интересных специалистам областях,Russian
остальная часть журнала состоит оригинальных исследований предполагающих наличие читателя специальных знаний соответствующей области,Russian
2005 года журнал публикует подкасты вкратце обсуждаются достижения науки публикации последнюю неделю две,Russian
публикации таких журналах nature science крайне престижны статьи часто цитируются автор получает широкую известность пределами своей области науки,Russian
импакт фактор nature 2012 году равен 597 каждая статья года прошедших публикации среднем цитируется,Russian
2009 году вошёл список 100 самых влиятельных журналов биологии медицины последние 100 лет назван журналом столетия,Russian
однако критерии отбора статей nature science чрезвычайно жёстки,Russian
большинство направляемых nature статей отсеиваются ещё стадии рецензирования поскольку результаты исследований описанные предлагаемой публикации статье должны представлять существенное продвижение той иной области науки,Russian
именно nature опубликованы статьи 2009 году самых цитируемых мире статей биологии напечатаны журнале nature,Russian
нобелевский лауреат медицине 2013 года рэнди шекман вручении премии заявил ведущие научные журналы среди которых nature мешают научному процессу желание увидеть публикацию ведущих журналах побуждает учёных срезать углы заниматься считается модным важнее науки,Russian
кроме мнению шекмана проблема редакторы этих журналов являются учёными издателями интересуют прежде шумиха сенсация фурор,Russian
пообещал отправлять свои статьи журналы nature cell science,Russian
академик ран свердлов кроме случая шекманом также обращает внимание инцидент японскими учёными центра биологии развития института физико химических исследований riken опубликовавшими 2014 году журнале две статьи изложением итогов опытов зрелыми клетками мышей подвергавшихся различному роду стрессовых воздействий включая погружение кислоту метод получивший известность названием получение плюрипотентности вызванной стимулом англ,Russian
русск англ,Russian
stimulus triggered acquisition pluripotency stap ходе которых ими обнаружен новейший способ преобразования клеток эмбрионально подобное плюрипотентное состояние,Russian
данное исследование первоначально высоко оценено мировым научным сообществом поскольку являлось теоретическим медицинским открытием позволяло упростить получение стволовых клеток необходимых пересадки,Russian
однако дальнейшем ходе внутреннего расследования riken обнаружено харуко обоката являвшаяся ключевым лицом группе исследователей совершила крупный подлог фотографиями рисунками,Russian
следствием стал отзыв публикаций самоубийство научного руководителя исследования ёсики сасаи решившегося это сохранить лицо,Russian
2018 году группа исследователей сша швеции новой зеландии сингапура германии нидерландов китая руководством психолога нозека англ,Russian
повторила эксперименты общественным наукам результаты которых опубликованы журналах science nature 2010 2015 годах выяснила эксперимента прошли проверку воспроизводимость,Russian
википе дия англ,Russian
wikipedia произносится общедоступная многоязычная универсальная интернет энциклопедия свободным контентом комм,Russian
реализованная принципах вики,Russian
расположена адресу wikipedia org,Russian
владелец сайта американская некоммерческая организация фонд викимедиа имеющая региональных представительств,Russian
название энциклопедии образовано английских слов wiki вики очередь заимствовано гавайского языка котором оно имеет значение быстро encyclopedia энциклопедия,Russian
запущенная январе 2001 года джимми уэйлсом ларри сэнгером википедия является самым крупным наиболее популярным справочником интернете,Russian
объёму сведений тематическому охвату википедия считается самой полной энциклопедией либо создававшихся историю человечества,Russian
одним основных достоинств википедии универсальной энциклопедии является возможность представления информации родном языке пользователя,Russian
май 2018 года разделы википедии 301 языке также 493 языках инкубаторе,Russian
содержит миллионов статей,Russian
интернет сайт википедии является пятым посещаемости сайтом мире,Russian
главной особенностью википедии является создавать редактировать статьи любой пользователь интернета комм,Russian
,Russian
вносимые такими добровольцами изменения незамедлительно становятся доступными просмотра всем посетителям сайта,Russian
декабре 2013 года заявлении юнеско случаю награждения джимми уэйлса основателя википедии золотой медалью нильса бора википедию сказано является символом эпохи взаимодействия которую живём это просто инструмент это воплощение мечты столь древней человеческий интеллект собрания александрийской библиотеки,Russian
надёжность точность википедии вызывают вопросы,Russian
википедию критикуют возможность добавления ложной непроверенной информации вандализма страницах,Russian
однако научные исследования свидетельствуют википедии следы актов вандализма обычно оперативно устраняются,Russian
раздел википедии русском языке июня 2020 года занимает место количеству статей среди языковых разделов,Russian
отличие традиционных энциклопедий таких encyclopædia britannica одна статья википедии проходит формального процесса экспертной оценки,Russian
любая статья википедии редактироваться учётной записи участника регистрации проекте исключением некоторых страниц подверженных частому вандализму которые доступны изменения определённым категориям участников крайних случаях администраторам википедии внесённые статью изменения незамедлительно становятся доступными просмотра любыми пользователями,Russian
поэтому википедия гарантирует истинность своего содержимого любом случае моментом статью внесена недостоверная информация моментом эта информация удалена статьи другим участником википедии компетентным данной области знания пройдёт определённое время,Russian
естественно обнаружить удалить статьи явный вандализм нужно намного меньше времени освободить статью недостоверной информации подобная недостоверность является особо очевидной,Russian
содержимое википедии подпадает действие законов частности авторского права штата вирджиния сша находятся серверы википедии нескольких редакционных политик руководств которые призваны укрепить идею википедия является энциклопедией,Russian
каждый вклад википедию должен теме являющейся энциклопедической,Russian
тема считается энциклопедической является значимой жаргоне википедии получила значительное освещение вторичных авторитетных источниках например центральных сми серьёзных научных журналах которые являются независимыми предмета темы,Russian
википедии должна отражаться информация которая установлена признана,Russian
иными словами статья должна площадкой размещения чьих собственных идей теорий исследований изобретений личных мнений оценок искусствоведческой критики информация статьях которая скорее поставлена сомнение требует ссылок авторитетные источники,Russian
сообщество википедии сформулировало это проверяемость истина выражая самым мысль читателям предоставляется возможность самим проверить истинность той информации которая представлена статьях сделать свои собственные выводы,Russian
википедия становится чью либо сторону,Russian
рамках статьи википедии мнения точки зрения должны иметь соответствующую долю освещения данному вопросу имеют свои подтверждения внешних источниках,Russian
участники зарегистрированы проекте могут пользоваться функциями программного обеспечения котором работает википедия,Russian
странице история прилагающейся каждой статье википедии доступны записи каждой предыдущей редакции статьи версии угрозами криминального характера нарушениями авторских прав могут скрыты просмотра комм,Russian
,Russian
эта функция позволяет легко сравнить нынешнюю старые версии статьи отменить изменения откатить статью которые участник посчитает неверными восстановить потерянное содержимое,Russian
страница обсуждение прилагающаяся каждой статье википедии используется целях координации работы текстом статьи разными участниками проекта,Russian
постоянные участники нередко используют список наблюдения который заносят интересные статьи таким образом могут легко отслеживать недавние изменения этих статьях,Russian
компьютерные программы называемые ботами википедии широко используются удаления вандализма произведён также исправления общих ошибок стилистических проблем создания статей например географических объектах биологических видах стандартном формате статистических данных,Russian
википедия началась дополнительный проект нупедии бесплатного англоязычного энциклопедического онлайн проекта чьи статьи написаны специалистами рецензированы рамках формального процесса,Russian
нупедия основана марта 2000 года собственность bomis inc компании владеющей одноимённым веб порталом,Russian
ключевыми фигурами джимми уэйлс ceo bomis ларри сэнгер главный редактор нупедии затем википедии,Russian
нупедия первоначально лицензированная соответствии своей лицензией nupedia open content license перешла gnu free documentation license основанием википедии настоянию ричарда столлмана,Russian
основатели википедии ларри сэнгер джимми уэйлс,Russian
время уэйлсу приписывается определение цели создания публично редактируемой энциклопедии сэнгеру обычно приписывают контринтуитивную стратегию использования вики достижения цели,Russian
января 2001 года ларри сэнгер списке рассылки нупедии предложил применить концепцию вики отношении нупедии ускорить развитие,Russian
это привело созданию веб сайта википедии которая изначально задумывалась предварительной разработки материалов которые размещены нупедии,Russian
название википедия также предложено ларри сэнгером,Russian
википедия официально открыта января 2001 года одиночный англоязычный раздел анонсирована сэнгером списке рассылки нупедии,Russian
политика нейтральной точки зрения википедии введена первые месяцы аналогична ранней политике непредубеждения нупедии,Russian
других отношениях первоначально существовало относительно немного правил википедия управлялась независимо нупедии,Russian
википедия получила ранних участников нупедии сообщений slashdot счёт индексации поисковыми машинами,Russian
выросла примерно 000 статей языковых разделов концу 2001 года,Russian
концу 2002 года достигла языковых разделов концу 2003 года 161 последним дням 2004 года,Russian
нупедия википедия сосуществовали пока серверы первой навсегда отключены 2003 году текст нупедии включён википедию,Russian
английская википедия прошла отметку млн статей сентября 2007 года делает крупнейшей энциклопедией собравшей всё затмившей энциклопедию юнлэ 1407 которая держала рекорд ровно 600 лет,Russian
ссылаясь опасения поводу коммерческой рекламы отсутствие контроля осознанном англоцентризме википедии пользователи испанской википедии выделились википедии создания enciclopedia libre феврале 2002 года,Russian
позднее году уэйлс объявил википедия отображать рекламу веб сайт перемещён wikipedia org,Russian
некоторые другие проекты выделились википедии редакционным причинам,Russian
wikinfo требует нейтральной точки зрения разрешает оригинальные исследования,Russian
новые проекты вдохновлённые википедией такие citizendium scholarpedia conservapedia google knol начаты ответ осознание ограничений википедии таких политика области рецензирования оригинальных исследований коммерческой рекламы,Russian
фонд викимедиа англ,Russian
wikimedia foundation создан википедии нупедии июня 2003 года,Russian
использовался united state patent trademark office регистрации товарного знака wikipedia сентября 2004 года,Russian
января 2006 года знаку предоставлен зарегистрированный статус,Russian
декабря 2004 года товарный знак получил защиту стороны японии января 2005 года европейском союзе,Russian
существуют планы лицензирования торговой марки википедии некоторых продуктов таких книги dvd,Russian
ноябре 2015 года википедия получила премию эразма,Russian
пользователи википедии это участники википедии образуют сообщество участников википедии,Russian
структура сообщества иерархическая это своего рода структура власти,Russian
участники википедии хорошей репутацией сообществе могут баллотироваться многих уровней добровольного руководства это начинается администратора самой большой группы привилегированных пользователей 1594 учётных записей английской википедии состоянию сентября 2008 года которые имеют возможность удаления страниц блокировки статей изменений случае вандализма редакторских споров блокировки участников,Russian
несмотря название администраторы имеют никаких особенных привилегий процессе принятия решений запрещено использовать свои полномочия урегулирования споров,Russian
роли администраторов часто описываются уборка основном ограничиваются внесением правок имеющих эффект масштабах проекта поэтому запрещённых обычных редакторов минимизировать нарушения также блокировкой пользователей предотвращения разрушительных правок таких вандализм,Russian
поскольку википедия развивается основе нетрадиционной модели составления энциклопедии вопрос пишет википедию стал одним наиболее часто задаваемых вопросов проекту часто ссылкой другие проекты веб такие digg например news2 хабрахабр,Russian
джимми уэйлс однажды утверждал сообщество преданная группа нескольких сотен добровольцев делает основной вклад википедию проект является поэтому очень похожим любую традиционную организацию,Russian
это позже оспорено аароном шварцем который отметил ряд просмотренных статей имели крупные части содержания внесёнными участниками малым количеством правок,Russian
исследование учёных дартмутского колледжа проведённое 2007 году установило анонимы пользователи которые редко делают вклад википедию являются таким надёжным источником знаний которые зарегистрированы сайте,Russian
хотя некоторые участники сильны своей области википедия требует вклады подкреплены опубликованными поддающимися проверке источниками,Russian
это предпочтение консенсуса наличию образования отмечено антиэлитарность,Russian
августе 2007 года сайт разработанный аспирантом компьютерным наукам вирджилом гриффитом названный wikiscanner начал публичное функционирование,Russian
wikiscanner прослеживает источники миллионов изменений произведённых википедии анонимными редакторами показывает многие этих правок делаются корпораций правительственных учреждений статьях связанных ними персоналом работой которых пытаются удалить критику,Russian
2003 году исследовании википедии сообществе студент andrea ciffolilli утверждал низкие операционные затраты участия вики создают катализатор совместного развития подход творческого развития поощряет участие,Russian
своей книге будущее интернета остановить 2008 года jonathan zittrain оксфордского института интернета berkman center internet society гарвардской школы права ссылается википедию социологическое исследование открытое сотрудничество способствовало инноваторству сети,Russian
2007 году исследователь одед нов опубликовал работу мотивации которой руководствуются википедисты,Russian
нов считает участники редактируют википедию исходя следующих видов мотивации защитной правлю википедию чувствую одиноко желание внести вклад общее дело кажется важно помогать другим мотивации карьеры могу получить новые контакты которые могут помочь моём бизнесе карьере социальной познавательной написание википедии позволяет взглянуть вещи новому желание кому нужным правлю википедию чувствую востребованным потребность положительных эмоциях писать править википедию это весело идеологической,Russian
июня 2015 года существует 290 языковых разделов википедии раздел содержит 100 000 статей 237 1000 статей,Russian
посещаемость разделов изменяется временем,Russian
октябрю 2009 года русская википедия вышла позицию списке посещаемости,Russian
состоянию август 2013 года русская википедия находилась месте,Russian
первые разделов это время имели следующий процент посещений общего числа английская испанская немецкая русская японская,Russian
википедия является сетевой энциклопедией поэтому участники одного языкового раздела могут использовать различные диалекты могут разных стран случае английским разделом,Russian
различия могут привести некоторым конфликтам различного написания слов например color colour точек зрения,Russian
несмотря различные языковые разделы придерживаются глобальной политики нейтральная точка зрения расходятся некоторым вопросам политики практики особенно вопросу могут изображения которые лицензируются свободной лицензии использоваться согласно требованиям добросовестного использования,Russian
джимми уэйлс описал википедию усилия созданию распространению свободной энциклопедии самого высокого качества каждого человека планете собственном языке,Russian
несмотря функционирование каждого языкового раздела менее самостоятельно предприняты некоторые усилия контроля разделов,Russian
координируются частично мета вики вики фонда викимедиа посвящённой поддержанию проектов википедия,Russian
например мета вики предоставляет важную статистику языковых разделов википедии поддерживает список статей которые должны википедиях,Russian
список касается основного содержания таких предметов биография история география общество культура наука технология продовольствие математика,Russian
касается остального нередко статей тесно связанных конкретным языком копии другом разделе,Russian
например статьи малых городах сша могут доступны английском,Russian
переводные статьи представляют лишь небольшую долю статей большинстве разделов частности автоматизированный перевод статей разрешён,Russian
статьи доступные одном языке могут иметь интервики ссылки которые связывают статьи копиями других разделах,Russian
википедия лишена недостатков,Russian
прежде информация тексты википедии объективно подвержены системным отклонениям,Russian
другими основными объектами критики википедии являются критики википедии указывают участники википедии совместно пишут пересматривают правила политики руководства затем зачастую чисто формально очень негибко придерживаясь удаляют аннотируя тегами комментариев изменяют материалы статей формально отвечающие этим правилам политикам руководствам,Russian
также википедия удализм википедия инклюзионизм,Russian
сообщество википедии также описано подобное культу хотя исключительно негативной коннотацией раскритиковано неспособность привлечь неопытных пользователей работе проекте,Russian
также критики википедии обращают внимание системную предвзятость несбалансированность освещении также критикуют политику предпочтения консенсуса участниками профессионализму отдельных участников редакционном процессе,Russian
открытый характер модели редактирования является центральным большой части критики википедии,Russian
например исходя упрекать википедию читатель статьи уверен ознакомления страницей истории эта статья вандализирована,Russian
критики утверждают редактирование статей неэкспертами подрывает качество представленного статье материала,Russian
поскольку участники обычно правило переписывают редактируют отдельные небольшие части статьи целиком высоко низкокачественные материалы могут идти вперемешку пределах одной статьи,Russian
историк рой розенцвейг отметил целом написание является ахиллесовой пятой википедии,Russian
комитеты редко пишут статьи википедии часто имеют изменчивое качество является результатом связывания вместе предложений абзацев написанных разными людьми,Russian
всё это привело вопросу надёжности википедии качестве источника достоверной информации,Russian
модель википедии позволяет редактировать статьи всем желающим полагается большую группу благонамеренных редакторов преодолении проблем вызванных сомнительными редакторами,Russian
основана принципе согласно которому подавляющее большинство участников википедии предполагает добрые намерения,Russian
модели редактирования википедии свойственна возможность добавления низкокачественной информации,Russian
возможность анонимного редактирования большим благом проекта источником некоторого вреда,Russian
википедия подвергаться воздействию вандалов,Russian
вандализм википедии явно вредительское добавление удаление изменение содержания совершённое умышленно целях скомпрометировать достоверность авторитетность энциклопедии,Russian
основном вандализм проявляется замене содержимого статей википедии ругательства граффити заведомо ложные данные другое содержимое абсолютно имеющее отношения теме статьи,Russian
случаях множественного вандализма некоторым страницам википедии применена защита,Russian
являясь общедоступным интернет справочником википедия также содержит материалы которые другие участники википедии могут признать нежелательными оскорбительными порнографическими,Russian
например 2008 году википедия отклонила массовое онлайн обращение против включения изображения мухаммеда английский раздел сославшись редакционную политику,Russian
наличие википедии материалов неудобных политической точки зрения также побудило кнр заблокировать доступ части википедии китайских пользователей,Russian
также блокирование википедии британской организацией internet watch foundation,Russian
основателей википедии ларри сэнгер который является одним самых жёстких критиков 2015 году заявил википедия стала разочарованием поскольку захвачена троллями участниками чей антиэлитаризм поставил крест достоверности статей,Russian
словам сэнгера википедия напоминает психбольницу управление которой осуществляют сумасшедшие,Russian
2017 году директор некоммерческого партнёрства викимедиа владимир медейко объявил готовности русскоязычной версии википедии сотрудничеству обществом знание деле верификации статей,Russian
словам возможны варианта подобного взаимодействия использование экспертами знания функции сообщить ошибке последующим написанием своих комментариев которые будут проверены участниками википедии либо создание специального проекта взаимодействию википедии знания,Russian
техническое функционирование википедии обеспечивает фонд викимедиа некоммерческая организация которая также поддерживает работу ряда других вики проектов осуществляет финансирование,Russian
фонд также владеет торговой маркой wikipedia содержание энциклопедии деятельность добровольцев практически никак вмешивается,Russian
фонд поддерживаемые проекты глобальное сообщество добровольных редакторов образуют движение викимедиа,Russian
разных странах созданы региональные организации,Russian
отделения викимедиа местные ассоциации википедистов которые также участвуют продвижении развитии финансировании проекта,Russian
функционирование википедии зависит mediawiki программного механизма веб сайтов работающих технологии вики,Russian
mediawiki написан php хранения данных использует реляционную базу данных использовать mysql postgresql sqlite поддерживает использование программ memcached squid,Russian
mediawiki предоставляет интерфейс работы базой страниц разграничение прав доступа администрированию системы возможность обработки текста собственном формате форматах html tex формул возможность загрузки изображений других файлов также другие возможности,Russian
гибкая система расширений позволяет пользователям добавлять собственные новые возможности программные интерфейсы,Russian
mediawiki лицензирован gnu general public license используется всеми проектами викимедиа также многими другими вики проектами,Russian
первоначально википедия работала usemodwiki написанном perl клиффордом адамсом фаза который первоначально требовал camelcase указания ссылок статьи используемый стиль двойных скобок включён позже,Russian
января 2002 года фаза википедия начала работать php викидвижке базой данных mysql это сделано заказ википедии магнусом манске,Russian
фазы неоднократно модифицировано учётом экспоненциально растущего спроса,Russian
июле 2002 года фаза iii википедия перешла третье поколение программного обеспечения движок mediawiki первоначально написанный даниэлем крокером,Russian
википедия настоящее время работает выделенных кластерах серверов linux основном ubuntu несколькими машинами opensolaris zfs,Russian
вики проекты фонда викимедиа самым крупным которых является википедия состоянию март 2013 года поддерживались работой нескольких кластеров состоящих 974 серверов,Russian
википедия работала одном сервере 2004 года настройка сервера расширена распределённую многоуровневую архитектуру,Russian
январе 2005 года проект работал выделенных серверах расположенных штате флорида,Russian
эта конфигурация включала главный сервер баз данных запущенным mysql несколько подчинённых серверов баз данных веб сервер запущенным apache http server серверов кэша squid,Russian
википедия получает 000 000 запросов страниц секунду зависимости времени суток,Russian
запрос страницы сначала передаётся внешнему уровню кэширующих серверов squid,Russian
запросы которые могут обслужены кэшем squid направляются балансирующие нагрузку сервера запущенным linux virtual server который очередь передаёт запрос веб серверов apache рендеринга перевода html страниц базы данных,Russian
веб сервера доставляют страницы запросу выполняя рендеринг страницы языковых разделов википедии,Russian
увеличения скорости дальнейшем переведённые html страницы некоторое время хранятся распределённом кэше памяти,Russian
это позволяет пропустить процесс рендеринга страницы наиболее часто запрашиваемых статей,Russian
обзор архитектуры системы декабрь 2010 года серьёзно устарел сетевая топология 2015 года,Russian
серверные кластеры сша сан франциско ulsfo caching даллас техас eqdfw networking карролтон техас codfw application service чикаго иллинойс eqord networking ашберн виргиния eqiad application service,Russian
амстердаме esams caching knams networking большая часть текстового содержания википедии доступна соответствии лицензиями creative common attribution share alike gnu free documentation license gfdl копилефт лицензиями разрешающими дальнейшее распространение создание производных работ также коммерческое использование содержания время авторы сохраняют своё авторское право свои работы,Russian
часть текстов доступна лицензией чём должна иметься пометка самой статье странице обсуждения истории правок,Russian
положение википедия это просто услуга размещения этих текстов успешно использовано качестве защиты суде,Russian
изначально использовалась лицензия gfdl однако позднее осуществлён переход лицензию gfdl первоначально предназначенная руководств программному обеспечению сложно использовать онлайн справочников,Russian
ноября 2008 года ответ просьбу фонда викимедиа free software foundation fsf выпустила новую версию fdl разработанную специально позволить википедии перелицензировать материалы августа 2009 года,Russian
википедия братские проекты провели широкий референдум сообществе относительно стоит перейти другую лицензию,Russian
результате переход осуществлён,Russian
обработка мультимедийных файлов например файлов изображений различна разных языковых версиях,Russian
некоторые языковые разделы например английская википедия включают несвободные файлы соответствии доктриной добросовестного использования время другие предпочли делать,Russian
это происходит отчасти разницы законах авторском праве разных странах например понятие добросовестного использования существует японском авторском праве,Russian
медиафайлы доступные соответствии лицензиями свободного содержания например creative common распределяются языковыми версиями викисклада англ,Russian
wikimedia common общего централизованного хранилища мультимедийных файлов включаемых страницы проектов фонда викимедиа,Russian
несколько языковых версий опубликовали подборку статей википедии версии оптических дисках,Russian
английская версия 2006 wikipedia selection содержала около 2000 статей,Russian
ещё одна английская версия разработанная linterweb содержит 1988 статей,Russian
польская версия содержит около 240 000 статей,Russian
существует также несколько немецких версий,Russian
первое издание немецкой википедии выпущено декабре 2004 года стоило,Russian
разослано около 000 дисков,Russian
второе издание вышло апреле 2005 года dvd,Russian
диск содержал 205 000 статей 000 изображений находящихся общественном достоянии,Russian
directmedia продала 000 дисков каждый,Russian
декабре года появилось третье издание,Russian
вошли dvd 300 000 статей 100 000 изображений книга объёмом 139 страниц которой рассказывалось такое википедия также излагались история основные правила,Russian
диск книга изданы компанией zenodot verlagsgesellschaft mbh продавались той цене предыдущее издание,Russian
диск бесплатно скачать интернете,Russian
январе 2006 года zenodot анонсировала выпуск печатного издания википедии 100 томах 800 страниц каждый,Russian
последний планировалось выпустить 2010 году,Russian
позже объявлено проект заморожен,Russian
декабре 2006 года создан обновлённый образ диска,Russian
dvd издавался доступен скачивания сайта dvd wikimedia org,Russian
dvd диск английской википедией содержащий 1964 статьи основным темам выпущен сотрудничестве компанией linterweb январе 2007 года обозначен версия,Russian
качестве оболочки использовалась среда kiwix программное обеспечение открытым исходным кодом специально написанное данного издания,Russian
данный момент ведётся подготовка версий,Russian
последним данный момент,Russian
издан dvd польского раздела,Russian
выпустило издательство helion конце июля 2007 года,Russian
работа изданием велась года основе дампа июня 2006 года,Russian
база статей имевшихся момент скопирована отдельный сервер дорабатывали оплачиваемых редакторов около добровольцев,Russian
итоге диск вошло около 239 000 статей 000 изображений,Russian
стоимость диска момент выпуска составляла злотых,Russian
2009 году художник роб мэттьюс англ,Russian
rob matthew распечатал избранные статьи английского раздела википедии 5000 страниц сшил книгу твёрдым переплётом,Russian
написал пояснении этому проекту воспроизведение википедии ущербной физической форме помогает легче ставить сомнение разумность использования,Russian
2010 году английский писатель джеймс брайдл англ,Russian
james bridle выпустил единственном экземпляре двенадцатитомное издание объёмом 7000 страниц озаглавленное иракская война историография изменений википедии котором отображена каждая правка англоязычной статье иракскую войну декабря 2004 года ноябрь 2009 года,Russian
дополнение логистическому росту количества статей википедия неуклонно приобретала статус общего справочного сайта момента создания 2001 году,Russian
май 2018 года согласно alexa википедия занимала место среди самых посещаемых сайтов мире рунете место,Russian
первой десятке википедия является единственным некоммерческим сайтом,Russian
рост википедии вызван доминирующей позицией результатах поиска google,Russian
около трафика поисковых систем википедию пришло google большая часть трафика связана научными исследованиями,Russian
апреле 2007 года проектом pew internet american life project установлено треть американских интернет пользователей консультируются википедией,Russian
оценкам октябрь 2006 года сайт имел гипотетическую рыночную стоимость 580 млн долларов запустил рекламу,Russian
википедия используется образовательном процессе научных исследованиях книгах конференциях отправлении правосудия также работе различных министерств ведомств,Russian
сайт парламента канады ссылался статью википедии однополых браках разделе ссылки теме списке читать далее,Russian
утверждения энциклопедии всё чаще используются качестве источника такими организациями федеральный суд сша всемирная организация интеллектуальной собственности,Russian
хотя основном качестве поддерживающей информации информации имеющей решающее значение дела,Russian
содержание википедии цитировано качестве источника ссылки некоторых докладах разведывательного ведомства сша,Russian
2013 году венгерские учёные показали помощью википедии предсказывать популярность кассовые сборы фильмов ещё вышедших прокат,Russian
википедия также использована качестве источника журналистике указания авторства также несколько журналистов уволены плагиат википедии,Russian
июле 2007 года википедии посвящён минутный документальный фильм bbc radio,Russian
утверждал количество ссылок википедию популярной культуре таково термин является одним группы избранных существительных xxi века которые узнаваемы google facebook youtube нуждаются объяснениях находятся одном уровне такими терминами века hoovering coke,Russian
существует пародий открытость википедии персонажами вандализирующими изменяющими статьи онлайн энциклопедии,Russian
примечательно комик стивен колберт пародировал википедию ссылался википедию многочисленных эпизодах шоу colbert report придумал соответствующий термин wikiality,Russian
помимо выполнения функции энциклопедического справочника википедия стала главным объектом внимания сми сетевой источник последних новостей,Russian
популярный американский еженедельник time признал некоего абстрактного представителя миллионов вкладчиков пользовательского контента различные сайты носящего обобщённое имя человеком года 2006 самым отмечая ускоряющийся успех онлайн сотрудничества взаимодействия миллионов интернет пользователей всему миру википедия наиболее часто упоминающимся проектом веб которым следовали проекты youtube myspace,Russian
википедия также создала формы воздействия средства массовой информации сми,Russian
некоторые сми высмеивают восприимчивость википедии вставкам неточностей например статья первой странице onion июле 2006 года названием википедия празднует 750 лет американской независимости,Russian
другие могут опираться утверждение википедии любой править например negotiation эпизод сериала офис персонаж майкл скотт заявил википедия лучшая вещь свете,Russian
любой мире написать всё хочет любому предмету таким образом знаете получаете лучшую возможную информацию,Russian
пародируются также правила википедии например комиксе xkcd wikipedian protester,Russian
первый документальный фильм википедии озаглавленный истина цифрах рассказ википедии выпущен 2010 году,Russian
сентября 2007 года итальянский политик франко гриллини инициировал парламентский запрос министром культурных ресурсов деятельности необходимости свободы панорамы,Russian
сказал отсутствие свободы заставило википедию седьмой сайт которым консультируются запретить изображения современных итальянских зданий искусства заявил этим нанесён очень серьёзный ущерб туристической отрасли,Russian
сентября 2007 года washington post сообщила википедия стала координационным центром избирательной кампании сша 2008 году заявив введите имя кандидата google среди первых результатов страница википедии делает статьи возможно такими важными любое объявление определении кандидата,Russian
настоящее время президентские статьи редактируются расчленяются обсуждаются бесчисленное множество каждый день,Russian
октябре 2007 года статья reuters озаглавленная страница википедии последний символ статуса сообщила наличие статьи википедии подтверждает статус знаменитости,Russian
википедия выиграла две крупные награды мае 2004 года,Russian
первой золотая ника цифрового сообщества ежегодном конкурсе prix ar electronica получена вместе грантом 000 6588 700 предоставлением приглашения присутствовать pae cyberart festival австрии позднее году,Russian
второй судейская награда webby категории сообщество,Russian
википедия также номинирована лучшую практику webby,Russian
января 2007 года википедия также признана четвёртым высшим брендом рейтинге читателей brandchannel com получив голосов ответ вопрос марка имела наибольшее влияние нашу жизнь 2006 году,Russian
сентябре 2008 года википедия получила награду квадрига mission enlightenment werkstatt deutschland вместе борисом тадичем eckart höfling питером габриэлем,Russian
награда вручена джимми уэйлсу дэвидом вайнбергером,Russian
википедия многократно получала российскую государственную премию рунета нескольких номинациях прежде научно образовательный сайт года экспертных голосованиях лидер массовых онлайн голосований народная десятка,Russian
хотя википедия позиционирует вторичный источник информации 2009 2018 годы отмечены использованием материалов википедии атрибутированием источникам ссылки,Russian
января 2013 года циркуляре малых планет сделана запись согласно которой астероид 274301 открытый украинскими астрономами августа 2008 года назван 274301 wikipedia,Russian
открытие сделано андрушевской астрономической обсерватории находящейся житомирской области,Russian
октября 2014 года польском городе слубице открыт первый мире памятник википедии,Russian
учёными массачусетского технологического института питтсбургского университета проведено исследование использовании ссылок статьи википедии научных работах,Russian
словам авторов результаты свидетельствуют публикация научных знаний доступных источниках является экономически эффективным способом продвижения науки особенно полезно тех имеет доступа традиционным источникам научной информации,Russian
время времени некоторые страны закрывают угрожают закрыть доступ википедии,Russian
числе исследовательский коллектив массачусетского технологического института университета питтсбурга установил прямую корреляцию наличием информации википедии вероятностью учёные будут использовать работе научными статьями монографиями,Russian
фонд викимедиа компания владелец организатор википедии поддерживает другие проекты созданию свободных публикаций интернете машинное обучение англ,Russian
machine learning класс методов искусственного интеллекта характерной чертой которых является прямое решение задачи обучение процессе применения решений множества сходных задач,Russian
построения таких методов используются средства математической статистики численных методов математического анализа методов оптимизации теории вероятностей теории графов различные техники работы данными цифровой форме,Russian
различают типа обучения дедуктивное обучение принято относить области экспертных систем поэтому термины машинное обучение обучение прецедентам считать синонимами,Russian
многие методы индуктивного обучения разрабатывались альтернатива классическим статистическим подходам,Russian
многие методы тесно связаны извлечением информации англ,Russian
information extraction information retrieval интеллектуальным анализом данных data mining,Russian
имеется множество объектов ситуаций множество возможных ответов откликов реакций,Russian
существует некоторая зависимость ответами объектами неизвестна,Russian
известна конечная совокупность прецедентов пар объект ответ называемая обучающей выборкой,Russian
основе этих данных требуется восстановить неявную зависимость построить алгоритм способный любого возможного входного объекта выдать достаточно точный классифицирующий ответ,Russian
эта зависимость обязательно выражается аналитически нейросети реализуют принцип эмпирически формируемого решения,Russian
важной особенностью является способность обучаемой системы обобщению адекватному отклику данные выходящие пределы имеющейся обучающей выборки,Russian
измерения точности ответов вводится оценочный функционал качества,Russian
данная постановка является обобщением классических задач аппроксимации функций,Russian
классических задачах аппроксимации объектами являются действительные числа векторы,Russian
реальных прикладных задачах входные данные объектах могут неполными неточными нечисловыми разнородными,Russian
особенности приводят большому разнообразию методов машинного обучения,Russian
раздел машинного обучения одной стороны образовался результате разделения науки нейросетях методы обучения сетей виды топологий архитектуры стороны вобрал методы математической статистики,Russian
указанные ниже способы машинного обучения исходят случая использования нейросетей хотя существуют другие методы использующие понятие обучающей выборки например дискриминантный анализ оперирующий обобщённой дисперсией ковариацией наблюдаемой статистики байесовские классификаторы,Russian
базовые виды нейросетей такие перцептрон многослойный перцептрон также модификации могут обучаться учителем учителя подкреплением самоорганизацией,Russian
некоторые нейросети большинство статистических методов отнести одному способов обучения,Russian
поэтому нужно классифицировать методы машинного обучения зависимости способа обучения некорректным относить нейросети определенному виду правильнее типизировать алгоритмы обучения нейронных сетей,Russian
целью машинного обучения является частичная полная автоматизация решения сложных профессиональных задач самых разных областях человеческой деятельности,Russian
машинное обучение имеет широкий спектр приложений сфера применений машинного обучения постоянно расширяется,Russian
повсеместная информатизация приводит накоплению огромных объёмов данных науке производстве бизнесе транспорте здравоохранении,Russian
возникающие задачи прогнозирования управления принятия решений часто сводятся обучению прецедентам,Russian
раньше таких данных задачи либо вообще ставились либо решались совершенно другими методами,Russian
ищем быстрые способы научиться свободно говорить английски знаю понимаю происходит несколько слов крутятся нашем мозгу нам нужно провести весь разговор используя просто потрясающе круто эпично насчет выучите новые умные английские слова которые использовать повседневной жизни несколько минут пополните свой словарный запас,Russian
итак сегодня собираемся выучить новых умных слов значения корневые слова примеры предложений давайте приступим привет всем смотрите,Russian
видео дам умных слов повседневного использования конце видео,Russian
также дам умный совет правильно произносить умные слова,Russian
затоплен заболоченный означает утопление затопление затопленный часто используется контексте работы завален работой слишком работы завален работой неделю едва время дышать давайте посмотрим корень слова,Russian
болото это кусок заболоченного места ступит болото месте легко утонуть глагольная форма болота означает тонуть поэтому можете использовать это слово,Russian
допустим заданий приближается тест ваши друзья приходят говорят,Russian
почему пообщаться нами можете сказать очень жаль завален работой завален другими словами которые можете использовать вместо заболоченного слишком делать,Russian
слишком моей тарелке тону работе,Russian
завален заданиями умное слово номер это уловка уверен слышали это слово уловкой означающей невозможную ситуацию которой можете сделать одно пока сделали другое можете сделать другое сделали первое,Russian
запутал поэтому позвольте привести несколько примеров,Russian
уловка это получаете работу имея опыта работы,Russian
можете получить опыт пока получите работу,Russian
уловка придумана джозефом хеллером знаменитой одноименной книге уловка описывал некоторые противоречивые правила которые применялись солдатам время второй мировой войны,Russian
пример ловушки нужен банковский кредит хватает,Russian
денег получите банковский кредит докажете банку достаточно денег поэтому следующий попадете сложную ситуацию помните,Russian
использовать слово уловка,Russian
получите восхищенные взгляды своих друзей другими словами которые можете использовать вместо уловки парадокс умное слово дилемма,Russian
номер учтивый учтивый обходительный значит утонченным вежливым уравновешенным холодным воспитанный слово учтивый имеет несколько разных источников одно очень интересное происхождение слова это пример приятного сладкого вкуса,Russian
уравновешенный учтивый особенно дамами барак обама учтивый отполированный помните будете вечеринке следующий увидите человека который таков,Russian
воспитанный культурный утонченный,Russian
забудьте сказать учтивый парень прямо углу использование слова мгновенно пополнит ваш словарный запас,Russian
очень учтиво умно слово номер четыре ужасно ужасно слово зверский означает действительно плохое ужасное ужасное жестокое ужасное оскорбительное ужасное имеет латинский корень который называется означает страх жестокий ужасный,Russian
заключенные лечатся,Russian
зверски тюрьмах слово зверство также используется повседневной жизни говорить каких обычных проступках хотите преувеличить,Russian
например манеры столом ужасными чувство одежды настолько ужасно грамматика ужасна,Russian
следующий услышите ужасном действии новостях забудьте,Russian
заметьте скажите это чудовищный поступок,Russian
умное слово номер громадно громадно громадно значит удивительно удивительно,Russian
часто используем слово круто одно слово которое можете использовать вместо слова потрясающе потрясающе,Russian
например сегодня получил потрясающий балл моем тесте означает получил очень высокий балл,Russian
высшая оценка слово громадный имеет классические латинские корни слова которое означает,Russian
ошеломленным настолько потрясающе используется описания потрясающе хорошего например потрясающе выглядит платье потрясающий вид балкона читаю потрясающую книгу которой могу оторваться,Russian
сказать,Russian
ваши друзья это потрясающий канал студентов некоторые другие слова которые можете использовать вместо огромных невероятно фантастические исключительно хорошие,Russian
поэтому прежде продолжим сбалансированные пять слов видео забудьте оставить комментарий этим видео,Russian
сказать какое этих десяти слов вашим любимым умным словом номер шесть исправлении исправлении означает оказаться неприятной ситуации например мальчик затруднительном положении планы это двумя разными друзьями вечер,Russian
потерял телефон затруднительном положении наш автобус сломался этим утром затруднительном положении друг обращается помощью затруднительном положении дела идут забывает нем,Russian
следующий получите домашнее задание математике школе например оставили свой учебник математике школе можете сказать своим друзьям находитесь настоящем исправлении можете подумать слово исправить заняться ремонтом,Russian
исправлении означает попасть неприятную ситуацию другие слова которые можете использовать вместо исправления это супе беспорядке беспокоюсь просто нахожусь затруднительном положении,Russian
умное слово номер это беспорядок,Russian
flummox означает запутать кого,Russian
настолько забывают делать запутаться это часто употребляемое слово поэтому вместо почему использовать фламмокс например мальчик выглядел совершенно сбитым толку учитель задал вопрос классе собака выглядела смущенной собственном отражении зеркале турист сбит толку разными обычаями,Russian
столкнулся время своих путешествий время интервью спросили почему должны нанять выглядела совершенно растерянной поэтому следующий запутаетесь каких либо вопросах например экзамене,Russian
могу сказать это знал очень подготовился экзамену,Russian
сбит толку некоторыми вопросами,Russian
другие слова которые можете использовать вместо сбитых толку озадачены озадачены озадачены,Russian
умное слово номер восемь это рандеву рандеву рандеву,Russian
это очень французский способ сказать встреча свидание например свидание друзьями обедом субботу планирую встретиться друзьями торговом центре просмотра фильмов,Russian
рандеву использоваться существительное глагол например,Russian
сегодня вечером встреча друзьями завтра собираюсь встретиться друзьями,Russian
франции раньше рандеву использовалось армией обозначения места встречи войск слове рандеву немного захватывающее таинственное пока можете использовать рандеву любой встречи,Russian
общем победил это очень уместно официальной встречи поэтому свидание возможно определенно можете назвать это умное слово рандеву номер тупым тупым тупым словом оскорблением которое использовали пытаетесь назвать кого тупым неразумным,Russian
тупоумный слышали слово тупой геометрии тупой угол острый угол поэтому тупой угол это угол градусов меньше 180 градусов,Russian
острый угол это острый угол менее градусов острый это слово используется обозначения острого следовательно также мысленно острого тупого обозначает тупой следовательно также немного медленный уме поэтому примеры предложений тупыми словами это мужчина настолько тупым выдал свой пароль поддельному абоненту тупому ребенку,Russian
смог,Russian
ответить единственный вопрос теста тупому мужчине трудно понять базовые инструкции,Russian
предположим вашей повседневной жизни ваш парень ваша девушка сердится знаете почему поэтому можете,Russian
скажите тупой знаю почему расстроены умное слово номер вялый вялый вялый означает двигаться медленно двигаться медленном темпе,Russian
обычно выглядеть немного уставшим отсутствующим,Russian
примере энергией тяжелый обед делает очень вялым днем,Russian
оно происходит слова которое означает медлительный человек слизняк это животное которое движется очень медленно примеры улиток,Russian
году экономика очень вялой матч продолжился вялого начала,Russian
бизнес квартале вялым можете использовать это своей повседневной жизни однажды чувствуете очень усталым можете сказать своей маме сказать,Russian
твои друзья чувствую очень вялым,Russian
сегодня мог употребить энергетический напиток другие слова которые можете использовать вместо вялости могут вялыми волочить ноги это умных слов раньше,Russian
даю секретный совет звучать очень бегло,Russian
хочу напомнить случае ищете умные слова телефонного звонка помещаю ссылку видео,Russian
вниз поле описания секретный совет секретный совет звучать свободно это использовать одного умного слова предложения которое знаю,Russian
очень взволнованы,Russian
выучили этих умных слов склонны вставлять четыре одно предложение которое звучит неестественно,Russian
очереди убедитесь правильно произносите слово,Russian
зайдите google введите слово поиске справа вверху увидите маленький значок динамика щелкнувший этому динамику,Russian
прослушайте произношение раза,Russian
готовы работе понравилось это видео забудьте оставить нам большой палец вверх комментарием,Russian
говоря какое этих слов ваше любимое также,Russian
нажали кнопку подписки значок колокольчика рядом желаем приятного просмотра,Russian
привет ребята добро пожаловать канал видео,Russian
дам лучших английских фраз которые использовать повседневной жизни,Russian
собираетесь отправиться путешествие,Russian
англоязычную страну можете полностью использовать это,Russian
фразы изучали английский язык какое время хотите продолжить обучение,Russian
это лучшее видео начала давайте рассмотрим фраз английском минут,Russian
фраза номер это способ спросить,Russian
дела,Russian
дела,Russian
это работает,Russian
итак встречаетесь кем время дела,Russian
фраза номер видели кого какое время говорите давно виделись это означает видели человека недели месяцы долгое время видели номер фразы,Russian
хотите спросить занимались,Russian
спрашиваете занимались происходило вашей жизни,Russian
занимался поднять раньше идет,Russian
можете просто ответить могу жаловаться действительно круто,Russian
могу пожаловаться следующую фразу говорит самом деле упомянули разговоре каким образом догадаются новая работа спрашиваете,Russian
откуда знаете,Russian
откуда такие новости поживаешь,Russian
знай расскажет классную шутку поймешь это хорошая шутка,Russian
это отличная шутка фраза хорошая,Russian
хотите кого поблагодарить можете сказать это очень мило вашей стороны большое спасибо это,Russian
это очень мило вашей стороны это очень мило вашей стороны,Russian
пытался помочь смог достичь результата котором сказать,Russian
любом случае спасибо это имеет значения равно спасибо,Russian
благодарю ваше усилие,Russian
любом случае спасибо одна фраза которую использую своем электронном письме спрашивал человека,Russian
спрашиваю говорю конце,Russian
заранее спасибо это значит очень надеюсь собираетесь,Russian
поблагодарить заранее,Russian
заранее спасибо допустил ошибку очень расстроен,Russian
можете просто сказать беспокойтесь,Russian
волнуйтесь беспокойтесь это значит беспокойтесь,Russian
,Russian
беспокойтесь представьте пришли домой ваши друзья сидят вашем диване,Russian
тебе нравится происходит например делаешь,Russian
происходит поймали понял человека которого можете спросить правильно понял,Russian
затем продолжайте объясните попали правильно понял,Russian
попросите кого расстраиваться плакать можете сказать принимайте это близко сердцу,Russian
принимайте это близко сердцу серьезно расстраивайтесь принимайте это близко сердцу,Russian
способ спросить уловил часть фразы которую сказать уловил последнее слово,Russian
жаль,Russian
можете повторить это расслышал последнее слово хочет снова повторил фразу,Russian
можете извиниться,Russian
слушал возможно занят,Russian
разговаривали телефону говорил вами нравится,Russian
боже,Russian
извините слушал,Russian
повторите,Russian
жаль,Russian
слушал другую фразу которую использую время,Russian
это имеет значения волнуйтесь уроните свой кофе,Russian
это имеет значения,Russian
,Russian
равно иду прачечную,Russian
неважно хотите кому пожелать удачи,Russian
делаю можете сказать скрестив пальцы скрестите пальцы,Russian
скрещенные пальцы,Russian
одна фраза которую используют американцы очень плохо объясняет это ситуация такова получили затем получаете дополнительный эффект получаете,Russian
это объясняет это объясняет это,Russian
способ сказать человеку расстраивался это сказать происходит порядке,Russian
вещи случаются расстраивайтесь имени человека которым хотите поговорить,Russian
можете извиниться беспокойство знаете видите,Russian
занят можете извиниться беспокойство затем спросить,Russian
извините беспокою,Russian
ком спрашиваю можете сказать,Russian
процессе просит сделать говорите извините,Russian
буду вами минуту буду вами затем продолжите делать скажете,Russian
например остановились должны повторить это звук некоторые люди ошибаются,Russian
это отличный способ попрактиковаться снова процессе разговора,Russian
поняли говорил человек можете сказать говорили вопросительным знаком,Russian
означает побуждает человека повторить,Russian
говорил,Russian
получил работу своей мечты сказали повезло попал университет мечты например повезло это способ поздравить человека который повезло просто подчеркнуть повезло повезло способ сказать действительно зол значит сказать испугался зол,Russian
это безумие,Russian
напугала другая фраза которую носители языка используют положительной отрицательной говорите повысили говорят например поздравления говорите ухожу отсюда,Russian
вроде хороши это отрицательное значение поэтому внимательно слушайте интонацию,Russian
удивит также можете сказать шутите мной боже,Russian
могу поверить должно шутишь говоришь кому улыбнуться счастливым можешь сказать подбодритесь подбодритесь,Russian
хотите просто плакал жаловался происходит можете сказать приходите можете сделать это,Russian
подойди,Russian
можете сделать это можете передать toefl можете передать gmat получите давай,Russian
можете сделать это кого можете сказать продолжайте духе продолжайте духе например будьте такими хорошими продолжайте духе продолжайте одна фраза разговорная это американцы сказать,Russian
это горит означает это удивительно говорили многие американцы калифорнии,Russian
это горит наверное слышали это песнях которые горит добивается успеха неудач можете сказать идете сказал добьетесь могу сказать немного нах,Russian
хочу продолжить устаю спрашивает уверен уверен можешь сказать места,Russian
америке места сомнений хотите отправить кому sm отправить сообщение которое говорите текст текст поэтому отправлю сообщение значит отправлю сообщение whatsapp телеграмму мессенджер использовал текст подбодрить кого расстраивался можете сказать это стоит например почему плачете,Russian
оно стоит,Russian
намного проблема которой плачешь стоит твоих слез,Russian
это стоит,Russian
лично нравится фраза которую качаешь означает потрясающий,Russian
боже,Russian
качаешься рок,Russian
проделал потрясающую работу,Russian
качаетесь работает очень хотите работал усерднее можете сказать нужно пройти лишнюю милю означает случае усердной работы должны пройти лишнюю милю,Russian
способ сказать самое можете сказать активизируйте игру например работайте усерднее работайте улучшайте игру,Russian
плачет хочет,Russian
это тонет говоришь возьми руки буквально возьми руки возьми руки перестань работать перестань плакать соберись,Russian
успокойся вместе одна фраза,Russian
нравится продал люди описывают поездку кого кого купили описывают это,Russian
такие хочу купить самое говорю продали это продали стал покупать это продали заинтересованы разговоре,Russian
сидишь можешь сказать равно это скучно,Russian
это интересно,Russian
наплевать спрашивает это действительно простое решение говорит забираете миллион долларов говорите это проблема,Russian
возьму это,Russian
это простая задача означает это действительно простое решение сделали признаете это можете сказать облажался ребята,Russian
знаю,Russian
жаль,Russian
облажался,Russian
это ошибка,Russian
облажался облажался хочешь работал вместо можешь сказать,Russian
можешь прикрыть можешь работать вместо пока,Russian
встречаюсь моим другом,Russian
можете прикрыть пора уходить ребята идти это значит пора,Russian
это знаете,Russian
самом деле вечера,Russian
прямо,Russian
пойду другим способом попрощаться,Russian
могу сказать береги означает заботиться,Russian
увижу позже,Russian
береги,Russian
знаю сегодня день смотрите это видео это пятница например выходные,Russian
можете сказать спасибо небесам это пятница подумать небеса сказали открытие субботних выходных,Russian
счастлив получилось ребята фраз английском дайте знать это полезным поставив лайк это видео комментируя ниже знаете какие интересные фразы,Russian
здорово красная кнопка,Russian
привет добро пожаловать,Russian
видео дам 100 общих очень полезных предложений которые можете использовать разговоре,Russian
слышите предложение повторяется,Russian
попробуйте скопировать мое произношение точности включая тон голоса который использую,Russian
начнем,Russian
основные привет дела,Russian
дела,Russian
происходит,Russian
приятно вами познакомиться,Russian
давно виделись,Russian
твои дела,Russian
большое спасибо,Russian
насчет,Russian
немного,Russian
обычный,Russian
должен идти,Russian
приятно встретить позже,Russian
оставайтесь связи,Russian
запрашивая информацию,Russian
могли сказать означает это слово,Russian
случайно знаете находится библиотека,Russian
колеблясь,Russian
это хороший вопрос,Russian
дайте подумать,Russian
позвольте немного подумать,Russian
просят повторения,Russian
прошу прощения,Russian
извините уловил,Russian
могли повторить это,Russian
можешь говорить немного помедленнее пожалуйста,Russian
говоря знаю,Russian
боюсь понятия имею,Russian
могу помочь извините,Russian
бьет,Russian
мнения,Russian
думаешь,Russian
думаешь этому поводу,Russian
думаю это хорошая идея,Russian
честно говоря думаю это сработает,Russian
насколько понимаю это лучший ресторан городе,Russian
избегая вопроса,Russian
мнения этому поводу,Russian
позвольте вернуться этому поводу,Russian
вправе сказать,Russian
согласия несогласия,Russian
мог согласиться этим,Russian
совершенно прав,Russian
согласен вами 100,Russian
точку,Russian
уверен согласен,Russian
боюсь согласен,Russian
думаю ошибаетесь,Russian
вежливо перебил,Russian
извините прерываю,Russian
могу остановить минутку,Russian
возражаешь прыгну сюда,Russian
преуспевать,Russian
продолжай,Russian
позвольте закончить,Russian
подожди немного,Russian
предложения,Russian
скажешь ходим кино,Russian
насчет пиццы ужин сегодня вечером,Russian
это прекрасно,Russian
звучит неплохо,Russian
уверен,Russian
думаю,Russian
составление планов,Russian
делаешь сегодня вечером,Russian
планы завтра,Russian
свободен следующую субботу,Russian
хочешь заняться выходные,Russian
имеешь виду,Russian
свободен выходные давай займемся,Russian
извини помешал некоторых планах,Russian
завтра немного занят,Russian
хотел сделать могу,Russian
разрешение,Russian
возражаете воспользуюсь вашим мобильным телефоном,Russian
взял выходной завтра,Russian
пожалуйста продолжайте,Russian
,Russian
сожалению должен сказать,Russian
предпочел делал,Russian
боюсь,Russian
делать запросы,Russian
могли передать соль пожалуйста,Russian
могли одолжить немного денег,Russian
интересно этим помочь,Russian
проблем,Russian
,Russian
буду рад помочь,Russian
извини могу,Russian
боюсь могу,Russian
делать предложения,Russian
могу принести тебе стакан воды,Russian
насчет мороженого,Russian
хотите подвез домой,Russian
пожалуйста,Russian
это здорово спасибо,Russian
порядке спасибо предложение,Russian
спасибо,Russian
спасибо людям,Russian
бесконечно благодарен,Russian
ура очень ценю это,Russian
очень мило вашей стороны,Russian
могу отблагодарить,Russian
,Russian
упоминай,Russian
любое время,Russian
удовольствием,Russian
просят кого подождать,Russian
подождите пожалуйста,Russian
подождите одну секунду,Russian
потерпи мной минутку,Russian
буду тобой,Russian
извиняюсь,Russian
очень жаль,Russian
пожалуйста примите мои извинения,Russian
беспокойтесь,Russian
проблем,Russian
хотите уроков общим предложениям фразам дайте знать разделе комментариев ниже,Russian
также понравилось это видео поставьте отметку нравится нажав кнопку нравится забудьте подписаться канал нажав кнопку подписаться получить мои последние уроки прямо youtube,Russian
удачного обучения скоро увидимся другом уроке,Russian
золотой хлеб маленькой деревушке жила женщина имени марион,Russian
своей единственной дочерью нарциса марион чрезвычайно скромной милой нарцисой однако полной противоположностью видите прекрасна выше слов живая,Russian
кукла самое забавное любила бесконечно нарцисса,Russian
помоги испечь хлеб мама горничные мои яркие блестящие глаза,Russian
нарцисса могли помочь посадить семена это делать,Russian
вся эта грязь моих прекрасных пальчиках хуже попадет мое лицо это проблема нарцисой,Russian
считала слишком великой выполнять какую либо работу многие женихи приходили просить нарцисса руки сердца,Russian
поскольку красота известна повсюду отвергла очень грубо почему вчера прогнала этих мужчин казались милыми можешь серьезной мамой одна,Russian
такие маленькие глаза птицы другого огромный нос хотел рядом,Russian
чихнул последняя остановка хочу слышать мог видеть это люди действительно хорошими дорогая должна знать красоту,Russian
мама должна понять заслуживаю кого вроде принца рыцаря,Russian
дорогая однажды ночью спала мать сидела рядом смотрела,Russian
мое дорогое дитя такая красивая милая волнует кроме своей красоты,Russian
момент нарцисс начал смеяться сне мать чрезвычайно удивлена должно снится действительно забавный сон следующее утро нарцисс,Russian
проснулся вся улыбалась хихикала дорогая расскажи тебе снилось,Russian
прошлой ночью мама это потрясающий сон знаешь подошел принц,Russian
сказал хочет жениться приехал золотой карете одет сверху донизу золотом глупый сон,Russian
знаешь лучшая часть моем свадебном платье которое золотым смотрели нарцисса удивительного сне,Russian
это очень эгоистичный сон мама понимаешь говоришь сон заставил осознать нужна еда гораздо грандиозная которую дома хлеб золота,Russian
подумайте той бедной матери нарциссе которая волновалась дочь,Russian
проживет жизнь день двое друзей пришли навестить мать нарцисса мелли терри трое друзьями лет терри элли секрет обоих,Russian
волшебными существами которых мать нарцисса знала терри мелли приятно видеть это очень давно дела,Russian
очень хорош дочь нарциса немного понимающей мариан рассказала мелли терри нарцисе переживает хочет хлеб золота делать мечта сбудется,Russian
это замечательно,Russian
неважно думаю временем вырастет научиться давай поговорим другом,Russian
позже мелли терри помахали прощание своему старому другу ушли тайно улыбаясь друг другу ночь мать дочь,Russian
приготовилась сну мама действительно надеюсь мечта сбудется знаешь нарцисса следующий день нарциса мать саду красивом месте,Russian
подъехала золотая карета усыпана драгоценными камнями бриллиантами выглядела чрезвычайно потрясающе,Russian
остановилась красивый мужчина вышел посмотрел нарцису полностью поражена насколько красив мечта самом деле сбывается ммм,Russian
привет пришел попросить нарцисса руки сердца откуда знаешь имя,Russian
терренс ангел удачи,Russian
имя твоей дочери красота известны всем мире,Russian
принес тебе подарок,Russian
знаешь можешь пойти,Russian
глупый богат красив нужно терренс принимаю ваше предложение,Russian
этими словами села карету попрощавшись матерью уехала ангелом пока ехали карета внезапно вошла волшебный портал путешествовала бурной местности карета сильно ударилась нарцисса,Russian
очень напуган волнуйся дорогая это скоро закончится сказал это карета прошла портал достигла подъездной дорожки,Russian
огромного великолепного золотого замка нарциса поражена всей красотой которую увидела знал заслуживаю столько богатств знал это понравится хотите найдете самых красивых платьев самых вкусных блюд это моем дворце говоря еде действительно голоден поездки,Russian
голодаю могу съесть вкусной еды мясо вонючая мелисса принесет тебе хочешь слышал тебе бедный дорогой голоден принесу тебе немного еды спасибо пошли столовую столе самая поразительная еда которую нарциса либо видела удивительной это варенье,Russian
рубинов салаты изумрудов хлеб сделан золотого золотого хлеба прекрасно это варенье выглядеть вкусно хлебом который взяла собой,Russian
рубиновое варенье нем откусил огромный кусок это жарко могу это хлеб золота самый лучший можешь съесть должен тебе достать серебряный хлеб ешь,Russian
хочу нормальный хлеб который могу съесть выглядишь будущая жена моего отца ракушка холодно должен лучший нарцис,Russian
смотрел еду,Russian
убита горем несъедобным вскоре начала плакать хочу еда действительно хорошая,Russian
попробуйте золотого картофеля действительно хорош выйдете замуж,Russian
тебе придется это съесть думал тебе нравятся модные вещи хочу жениться тебе хочу домой,Russian
мать отпустила домой мелисса терренс посмотрели друг друга подмигнули,Russian
это действительно хочешь отведу домой терренс принял плачущий несчастный,Russian
нарцис дома карете начала глубоко думать выборе который сделала вернулась домой,Russian
побежала обнять мать которая сидела доме грустная сестра милая дочь думал увижу,Russian
мама люблю правильной внешностью богатство это золотой хлеб бесполезен мог человека хотя,Russian
красив вообще заботился обо дорогая понимаешь именно относился другим знаю очень жаль вела мама порядке видела,Russian
твоя ошибка давай дня накормим приятным,Russian
нарциса изменила свой образ жизни сначала боролась постепенно терпеливо начала становиться намного,Russian
однажды мелли терри снова пришли встретиться мариан,Russian
привет двое скажите нам мэриан,Russian
нарциссизм мэриан рассказал обоим произошло сильно изменилась времени,Russian
думаю хотела золотого хлеба знаешь,Russian
терри самом деле немного похожи ангела хотя вижу могли двое такие милые,Russian
nature britisk multidisciplinært videnskabeligt tidsskrift blev udgivet første gang november 1869,Danish
det rangeret som verdens mest citerede videnskabelige tidsskrift science edition 2010 udgaven journal citation report har faktor 137 hvilket gør det til verdens mest citerede akademiske magasin,Danish
det tilbageværende akademiske tidsskrifter udgiver original forskning spredt bred række videnskabelige emner,Danish
tidsskriftets primære målgruppe forskere men resuméer medfølgende artikler fremstilles gøre fleste vigtigste artikler forståelige videnskabsfolk inden andre felter uddannede offentlighed,Danish
starten hvert tidsskrift ledere nyheder feature artikler som har generel interesse videnskabsfolk inklusive nye opdagelser videnskabsetik videnskabelige gennembrud,Danish
også sektioner med bøger kunst,Danish
resten tidsskriftet består primært videnskabelige artikler ofte tætskrevne meget tekniske,Danish
strikser regler artiklerne magasiner mange opsummeringer det videnskabelige arbejder ligger bag derfor uddybende materiale tidsskriftets hjemmeside,Danish
nature dækker lang række forskningsgrene hvor vigtige nye opdagelser original forskning bliver udgivet enten som artikler eller som letter tidsskriftet,Danish
artiklerne som blevet udgivet nature ofte blevet international anerkendt opretholde meget høje forskningsstandarder,Danish
færre end artikler som sendes til tidsskriftet ender med blive accepteret udgivet,Danish
2007 modtog nature prince asturias award communication humanity sammen med science,Danish
wikipedia internetencyklopædi forekommer flere sprogversioner udelukkende med frit indhold ingen reklamer selvom donationer accepteres baseret åbent samarbejde igennem model hvor brugere kan redigere ved hjælp internet baserede applikationer som webbrowsere kaldet wiki,Danish
det det største mest populære generelle referenceværk internettet april 2019 var det blandt mest populære hjemmesider ifølge alexa rangeringsystem,Danish
wikipedia ejes drive wikimedia foundation almennyttig organisation drive ved hjælp donationer kunne være uafhængig,Danish
wikipedia blev lanceret januar 2001 jimmy wale larry sanger,Danish
sanger fandt navnet som portmanteau wiki det hawaiianske ord hurtig encyclopedia,Danish
oprindeligt var det udelukkende engelsksproget encyklopædi men andre sprogversioner blev hurtigt udviklet,Danish
,Danish
torsdag januar 2021 har engelsksprogede wikipedia 237 605 artikler 141 020 aktive bidragydere 115 administratorer,Danish
det dermed sprogversion wikipedia med flest artikler,Danish
tilsammen har 300 sprogversioner hjemmesiden mere end millioner artikler 301 forskellige sprog februar 2014 nåede siden milliarder sidevisninger næsten 500 millioner unikke besøgende måneden,Danish
2005 udgav nature artikel hvor artikler forskellige videnskabelige emner blev sammenlignet fra encyclopædia britannica wikipedia hvor fandt wikipedias niveau præcision rigtighed nærmede sig britannicas selvom kritikere har foreslået hvis havde udvalgt tilfældig gruppe blandt artikler eller havde fokuseret samfundsvidenskab eller omstridte sociale problemer,Danish
det efterfølgende skrev time magazine åbne dørs politik tillod hvem som helst kunne redigere det gjorde det til bedste encyklopædi verden det hyldede jimmy wale vision,Danish
wikipedia blevet kritiseret udvise systematisk bias fremstille blanding sandheder halve sandheder nogle løgne være genstand manipulation spin forbindelse med kontroversielle emner,Danish
2017 annoncerede facebook siden ville hjælpe læsere med detektere fake news ved foreslå link til relaterede wikipedia artikler,Danish
youtube annoncerede lignende planer 2018,Danish
danske udgave blev påbegyndt februar 2002,Danish
danske wikipedia har 264 512 artikler,Danish
januar 2021,Danish
tre bærende principper wikipedia tilsammen definerer den niche world wide web wikipedia støttes richard stallman free software foundation,Danish
stallman påpegede brugbarheden fri universel encyklopædi før wikipedia blev startet,Danish
oprindeligt startede wikipedia med køre usemodwiki skrevet clifford adam,Danish
januar 2002 skiftede engelske wikipedia program fra usemodwiki til php mysql,Danish
september 2002 skiftede danske wikipedia til samme program,Danish
projektet kører mange dedikerede servere placeret florida usa tre andre steder verden,Danish
disse servere ansvarlige wikipedia sprog postlisterne,Danish
wikipedia modtager mellem 2000 7000 sidevisninger per sekund,Danish
200 servere blevet sat fællesskab kunne håndtere enorme mængde trafik,Danish
mobile enheder kan tilgå mobile udgaver wikipedia,Danish
første mobile udgave formateret til wap wapedia mobi har eksisteret siden 2004 siden 2009 til andre mobile enheder inkl,Danish
ipod android enheder kindle wikipedia org wikipedia org,Danish
koblet til internettet kan læse skrive wikipedias artikler,Danish
bidrag angives med adressen,Danish
personer har lyst til bidrage med mere kan oprette sig som brugere,Danish
dette gratis har del fordele primært overskuelighed,Danish
enkelte kontroversielle artikler kan være semibeskyttet dvs,Danish
låst bidrag fra adresser,Danish
kan bekæmpe vandalisme brugere blevet erfarne indenfor wikiprocedurerne kan vælges til administratorer,Danish
administratorer kan slette artikler blokere brugere beskytte artikler,Danish
,Danish
administratorer danske wikipedia brugere oprettes som administratorer bureaukrater bureaucrat også kan ændre brugernavne,Danish
administratorer kan taget deres rettigheder hvis udøver magtmisbrug,Danish
det gøres forvaltere steward,Danish
forvaltere vælges gang året ved demokratiske afstemninger,Danish
wikipedias styrke blandt andet udnytte diverse brugeres evner,Danish
nogle ved masse emne men formulerer sig dårligt,Danish
andre aner intet emnet men kan rette stavefejl tegnsætning lign,Danish
nogle brugere har kæpheste som bekæmpe dåsedansk patruljerer wikipedia org regelmæssigt,Danish
erfarne brugere kan wikificere nye brugeres bidrag indsætte hyperlink billeder link til andre sprog kategorier,Danish
sammenlignet med andre site dansk danske wikipedia godt besøgt december 2013,Danish
plads,Danish
november 2013 var omkring millioner sidevisninger eller 000 sidevisninger timen,Danish
sammenlignet med andre site besøgt fra danmark wikipedia sprogversioner medtaget også godt besøgt december 2013,Danish
plads,Danish
danske wikipedia ikke repræsenteret fdims statistik viser kun site men hvad sidevisninger angår dansk wikipedia oktober 2013 mellem pladsen mellem politiken wikipedia har ikke nogen side med navnet machine learning,Danish
hvis har lige har oprettet denne side alligevel får denne meddelelse kan det skyldes forsinkelse opdateringen wikipedias cache eller har stavet titlen forkert,Danish
tjek stavningen eller dukker senere inden forsøger oprette artiklen igen,Danish
leder efter hurtige måder blive mere flydende engelsk jeg ved jeg forstår hvad sker kun ord cirkler omkring vores hjerne nødt til gøre hele denne samtale ved hjælp bare fantastisk fantastisk sejt eller episk hvad med lære nogle smarte nye engelske ord som kan bruge dit daglige liv hæve dit ordforråd minutter,Danish
dag lærer nye smarte ord deres betydning rodord eksempel sætninger lad komme gang hej dette holder øje med,Danish
denne video vil jeg give dig smarte ord til daglig brug slutningen denne video,Danish
jeg vil også give dig smart tip til lyde virkelig flydende smart ordnummer,Danish
oversvømmet oversvømmet betyder drukning eller oversvømmelse men oversvømmet bruges ofte forbindelse med arbejde som jeg oversvømmet med arbejde jeg har meget arbejde gøre jeg blevet oversvømmet med arbejde hele denne uge jeg har næppe haft tid til trække vejret lad roden dette ord,Danish
sump stykke vådområde hvis nogen træder det forkerte sted sump kan let drukne verbets form sump betyder synke kan bruge dette ord,Danish
lad sige har mange opgaver har test kommer dine venner kommer til dig siger,Danish
hej hvorfor hænger ikke med kan sige til jeg ked det men jeg oversvømmet med arbejde eller jeg oversvømmet med nogle andre ord som kan bruge stedet oversvømmet hvis jeg har meget gøre,Danish
meget min tallerken jeg drukner arbejde,Danish
jeg narret med opgaver smart ord nummer catch jeg sikker har hørt dette ord før fangst betyder umulig situation hvor ikke kan gøre ene ting medmindre har gjort anden ikke kan gøre anden fordi ikke har gjort første har,Danish
jeg forvirrede dig lad mig give dig nogle eksempler situation hvor catch når ikke får job uden erhvervserfaring,Danish
men kan ikke erfaring før får job catch blev opfundet joseph heller han berømte bog med samme navn catch han beskrev nogle modstridende regler var gældende soldater verdenskrig,Danish
andet eksempel catch har brug banklån fordi ikke har nok,Danish
penge men ville ikke det banklån medmindre beviste banken har penge nok husk næste gang sidder fast vanskelig situation,Danish
bruge ordet catch,Danish
disse beundrende udseende fra dine venner andre ord som kan bruge stedet catch paradoks eller dilemma smart ord,Danish
nummer tre suave suave suave betyder være sofistikeret være høflig klar cool,Danish
velopdragen ordet suave har flere forskellige oprindelser men meget interessant oprindelse ordet hvilket betyder behagelig eller sød smagseksempel,Danish
han klar suave især foran damerne eller barack obama suave poleret,Danish
husk når fest næste gang ser denne person sådan,Danish
velopdragen kultiveret sofistikeret,Danish
glem ikke sige hej hvem suave fyr lige derude hjørnet ved hjælp dette ord vil straks gøre dit ordforråd,Danish
meget suave smart ord nummer fire forfærdeligt forfærdeligt ordet forfærdeligt betyder noget virkelig dårligt forfærdeligt forfærdeligt grusomt forfærdeligt stødende forfærdeligt har latinsk rod kaldet,Danish
betyder frygt grusom eller frygtelig nogle eksempler ordet forfærdelige nylige voldtægtshændelser delhi var frygtelige eller fanger behandles,Danish
frygtelig måde undertiden fængsler bruges grusomme også det daglige liv til tale nogle almindelige forkerte handlinger vil overdrive det,Danish
eksempel var han bordmanerer forfærdelige eller hendes sans kjole grusom eller han grammatik forfærdelig,Danish
husk gøre det næste gang hører forfærdelig handling nyheden,Danish
bemærke sige dette frygtelig handling smart ord nummer fantastisk fantastisk fantastisk betyder forbløffende forbløffende,Danish
bruger ofte ordet fantastisk andet ord som kan bruge stedet fantastisk fantastisk eks,Danish
dag fik jeg fantastisk score min test hvilket betyder jeg fik meget høj score eller,Danish
jeg fik næsten perfekt score ordet forbløffende har klassiske latinske rødder fra ordet som betyder,Danish
blive bedøvet fantastisk bruges til beskrive noget forbløffende godt eksempel ser hun fantastisk kjole eller hvilken fantastisk udsigt fra denne altan eller jeg læser denne fantastiske bog som jeg ikke kan lægge fra hvad med dig fortælle,Danish
dine venner denne fantastiske kanal studerende nogle andre ord som kan bruge stedet fantastiske utrolige fantastiske eller usædvanligt gode inden fortsætter med afbalancerede fem ord denne video skal huske sætte kommentar denne video,Danish
fortælle mig hvilket disse ord var dit foretrukne smarte ord nummer seks fix fix betyder være besværlig situation eksempel dreng jeg fix fordi jeg har lavet planer med forskellige venner til dette aften,Danish
jeg har mistet min telefon jeg løsning eller vores bus gik stykker morges jeg ordning min ven henvender sig altid til mig hjælp når han løsning når det går godt glemmer han det,Danish
mig næste gang får matematik lektier fra skolen eksempel hvis har efterladt din matematikbog skolen kan fortælle dine venner rigtig løsning tror måske ordet fix har noget gøre med reparere noget,Danish
men nej ordning betyder være besværlig situation andre ord som kan bruge stedet rettelse jeg suppe eller jeg rod eller jeg plet plage eller bare jeg sted smart ord nummer flummox flummox betyder forvirre nogen,Danish
meget glemmer hvad skal gøre forvirret har tendens til være overbrugt ord stedet det hvorfor bruger ikke flummox eksempel drengen helt,Danish
ved han egen refleksion spejlet eller turisten blev flummoxed forskellige skikke,Danish
han stødte sine rejser eller interview hun blev spurgt hvorfor skulle ansætte dig hun helt flummoxed næste gang hvis bliver forvirret spørgsmål eksempel undersøgelse,Danish
kan altid sige det fordi jeg ikke havde forberedt mig meget godt til eksamen jeg blev flummoxed nogle spørgsmål andre ord som kan bruge stedet flummoxed forvirret forvirret eller forvirret smart ord nummer otte rendezvous rendezvous rendezvous,Danish
meget fransk måde sige møde eller dato eksempel har jeg møde med mine venner frokosten lørdag eller jeg planlægger møde med mine venner indkøbscentret film møde kan bruges både som substantiv eller som verbum eksempel,Danish
jeg har rendezvous med mine venner aften eller jeg vil rendezvous med mine venner morgen,Danish
frankrig blev rendezvous tidligere brugt hæren til angive mødested tropperne noget lidt spændende hemmelighedsfuldt ordet rendezvous selv men kan bruge rendezvous til ethvert møde,Danish
generelt men det vandt være meget passende officielt møde hvis har dato kan sikkert kalde møde med smart ord nummer stump stump stump fornærmelse ville bruge det når prøver kalde nogen stum eller uintelligen eller svag har hørt ordet stump geometri stump vinkel spids vinkel stump vinkel vinkel større end grader men mindre end 180 grader,Danish
skarp vinkel denne skarpe vinkel mindre end grader skarp som ord bruges til betegne skarp derfor også mentalt skarp stump betegner stump derfor også lidt langsom sindet eksempel sætninger med stump manden var stump han gav sit kodeord til falsk opkalder eller det stumpe barn,Danish
var ikke stand,Danish
svare enkelt spørgsmål testen eller stumpe mand havde svært ved forstå selv grundlæggende instruktioner antag din situation det daglige liv din kæreste eller din kæreste vred dig ved ikke hvorfor kan sige til måske jeg stump men jeg ved ikke hvorfor ked det smarte ord nummer trægt trægt tragt betyder bevæge sig langsomt være lidt langsommere,Danish
end normalt lidt træt manglende,Danish
energieksempel gør tung frokost mig meget eftermiddagen træg har rødder fra ordet hvilket betyder langsom person snegl dyr bevæger sig rigtig meget langsomt som snegleeksempel,Danish
økonomien har været meget træg eller kampen taget efter træg start,Danish
eller forretning har været træg dette kvartal kan bruge det dit daglige liv hvis føler dig meget træt dag kan fortælle det til din mor eller kan fortælle det,Danish
dine venner jeg føler mig meget træg,Danish
dag kunne jeg gøre med energidrik andre ord som kan bruge stedet træg kan være sløv eller trække mine fødder det var smarte ord før,Danish
jeg giver dig det hemmelige tip til lyde meget flydende,Danish
jeg vil minde dig hvis leder efter smarte ord kan bruge til telefonopkald lægger jeg link til video,Danish
nede beskrivelsesboksen det det hemmelige tip det hemmelige tip til lyde flydende bruge ikke mere end smart ord eller sætning som jeg nogle gange kender,Danish
bliver meget begejstrede fordi,Danish
har lært hel masse disse smarte ord har tendens til sætte tre fire sætning ikke lyder naturligt,Danish
gangen skal være sikker udtaler ordet rigtige måde videre til google skriv ordet søgningen lige øverst ser lille højttalerikon klik højttaler,Danish
hør udtalen eller gange,Danish
klar til hvis kan lide denne video glem ikke give tommelfingre med kommentar,Danish
mig det fortæller mig hvilke disse ord hvad din favorit også,Danish
hvis ikke allerede har trykket abonnementsknappen klokkeikonet lige ved siden det glæde,Danish
hej fyre velkommen til min kanal denne video,Danish
jeg vil give dig top engelske sætninger som kan bruge din hverdag,Danish
hvis lige ved starte din rejse,Danish
til engelsktalende land kan helt bruge dette,Danish
sætninger hvis har lært engelsk stykke tid vil genoptage læringen,Danish
dette bedste video til begynde med lad sætninger engelsk forhåbentlig minutter,Danish
sætning nummer dette anden måde spørge,Danish
hvordan har det,Danish
hvordan går det,Danish
hvordan går det,Danish
møder nogen tid hvordan går det,Danish
sætning nummer når ikke har set nogen stykke tid fortæller han ham lang tid nej det betyder ikke har set denne person måske uger eller måneder lang tid ikke sætningsnummer,Danish
tre hvis vil spørge dig hvad har lavet,Danish
spørger hvad har været gang med hvad foregik dit liv,Danish
hvad har været med rejse før hvis alt går,Danish
godt kan bare svare kan ikke klage alt virkelig sejt,Danish
kan ikke klage næste sætning nogen fortæller dig noget har ikke rigtig nævnt det samtalen som eller anden måde gætter har nyt job spørger ham,Danish
hvordan ved det,Danish
hvor fik nyheden som hvordan gør det,Danish
ved hvis nogen fortæller cool joke kan fortælle det god,Danish
det god vittighed sætningen det god,Danish
hvis vil takke nogen kan sige det meget venligt dig tak meget gøre det meget venligt dig det meget venligt dig hvis nogen,Danish
forsøgte hjælpe dig men kunne ikke det resultat kan sige,Danish
tak alligevel betyder det ikke noget men tak alligevel,Danish
tak din indsats,Danish
nej tak alligevel anden sætning som jeg bruger min mail nogle gange når jeg ikke har bedt person,Danish
spørger jeg siger jeg til sidst,Danish
tak forhånd hvilket betyder jeg virkelig håber skal,Danish
gør det noget tak forhånd,Danish
tak forhånd hvis nogen begik fejl han virkelig ked det,Danish
kan bare sige ingen bekymringer,Danish
rolig ingen bekymringer hvilket betyder ikke skal bekymre dig det,Danish
det fint,Danish
ingen bekymringer forestil dig kom hjem sidder dine venner din sofa,Danish
ligesom hvad foregår herinde ligesom hvad laver,Danish
hvad sker hvis ikke fangede noget eller det ikke forstod person altid kan spørge fik jeg dig ret,Danish
fortsæt derefter med forklare hvor har fik jeg dig ret,Danish
hvis beder nogen ikke blive ked ikke græde kan sige tag det ikke til hjertet,Danish
ikke tage det til hjertet som seriøst vær ikke ked det tag det ikke til hjertet,Danish
anden måde spørge ikke fangede del sætning kan sige jeg ikke fangede det sidste ord,Danish
undskyld,Danish
kan gentage det fordi jeg ikke fangede det sidste ord hvis han vil nogen til gentage hele sætningen igen,Danish
kan sige undskyld,Danish
jeg lyttede ikke fordi måske havde travlt,Danish
måske talte telefon nogen talte til dig ligesom,Danish
gud,Danish
undskyld jeg lyttede ikke,Danish
kan gentage det,Danish
undskyld,Danish
jeg lyttede ikke til anden sætning som jeg bruger hele tiden,Danish
det betyder ikke noget som ikke skal bekymre dig hvis taber din kaffe mig,Danish
det som det ikke betyder noget,Danish
jeg har det godt,Danish
jeg jeg går alligevel tøjvask,Danish
det betyder ikke noget vil ønske nogen held lykke,Danish
jeg gør altid kan sige fingre krydsede krydser fingrene sådan,Danish
med krydsede fingre,Danish
anden sætning som amerikanerne bruger dårligt forklarer det,Danish
situationen ikke fik noget får ekstra effekt får det,Danish
som det forklarer det forklarer det,Danish
anden måde fortælle personen ikke være ked kan sige ting sker som det okay,Danish
ting sker vær ikke forstyrret hvis ikke har navnet person vil tale med ham,Danish
kan sige undskyld genere dig ved ser,Danish
nogen har travlt kan altid sige undskyld genere dig kan videre spørge,Danish
undskyld genere dig,Danish
hvis midt noget nogen beder dig noget kan sige,Danish
midt noget nogen beder dig gøre noget siger jeg ked det,Danish
jeg med dig øjeblik jeg sammen med dig genoptager gøre noget siger hvor var,Danish
som hvornår stoppede hvor var bliver nødt til gentage det hvad det lyden som nogle fejler med,Danish
dette fantastisk måde øve hvor var igen hvis midt samtale,Danish
forstod ikke hvad anden person sagde kan sige sagde med spørgsmålstegn,Danish
hvilket betyder hvilket tilskynder personen til gentage igen,Danish
sagde,Danish
hvis nogen fik job med sine drømme hvad kan sige heldig dig eller nogen kom ind universitetet deres drømme som heldig dig dette måde lykønske person heldig dig eller som bare understrege han heldig heldig anden måde sige virkelig vred sige jeg flippede som jeg var vred jeg,Danish
udbrød dette super vred,Danish
dette som næsten vanvittigt,Danish
jeg freaked anden sætning som indfødte talere bruger god dig det kan være både positivt negativt når siger jeg blev forfremmet hvis siger godt dig kan lide tillykke nogle gange hvis siger jeg forlader dette sted,Danish
som gode dig det ville være bedre uden dig dette negativ betydning lyt virkelig til intonationen,Danish
hvis noget overrasker dig kan også sige bliver sjov med mig som min gud,Danish
jeg kan ikke tro det skal være sjov mig bede nogen smile være glad kan altid sige opmuntring opmuntre,Danish
hvis vil nogen bare lyder som græde klage noget ikke sker kan sige kom jeg kan gøre det jeg,Danish
kom,Danish
kan gøre det kan videregive toefl kan videregive gmat får det kommer,Danish
kan gøre det hvis nogen klarer sig rigtig godt kan fortælle fortsæt det gode arbejde fortsæt det gode arbejde som vær god som dig fortsæt det gode arbejde fortsæt med være anden sætning dagligdags dette hvad amerikanere sige,Danish
det lyser hvilket betyder det forbløffende mange amerikanere sagde californien,Danish
det tændt har sikkert hørt det sange lyser hvis nogen har succes efter fiaskoer kan sige går jeg fortalte dig vil komme derhen går hvis nogen spørger dig træt vil sige overhovedet ikke træt kan sige ikke lidt nah,Danish
jeg vil fortsætte jeg ikke træt det når nogen spørger sikker ret sikker kan sige ikke plads til det,Danish
ikke plads til tvivl amerika hvis vil sm nogen eller sende besked siger tekst til tekst jeg sender dig tekst betyder jeg sender dig besked via whatsapp eller telegram eller messenger uanset hvad jeg bruger sm dig igen opmuntre nogen til fortælle ikke skal være kede kan sige det ikke det værd ligesom hvorfor græder,Danish
det ikke det værd,Danish
meget bedre end det problem græder det ikke dine tårer værd,Danish
det ikke det værd jeg personligt elsker sætningen rocker hvilket betyder fantastisk,Danish
gud,Danish
rocker rock,Danish
nej har gjort fantastisk stykke arbejde,Danish
rocker hvis nogen ikke fungerer rigtig godt vil til arbejde hårdere kan sige skal ekstra mil hvilket betyder som arbejde hårdere skal ekstra mil,Danish
anden måde sige det samme som kan sige dit spil som arbejde hårdere arbejde bedre dit spil,Danish
hvis nogen græder ikke vil det,Danish
det synker siger træk dig sammen som tage dig selv bogstaveligt talt træk dig sammen stop med arbejde stop med græde træk dig sammen,Danish
hej dig selv sammen anden sætning,Danish
jeg elsker solgte mig fordi folk nogle gange beskriver deres rejse eller nogen købte beskriver det godt,Danish
som jeg vil købe det samme jeg fortæller solgte det solgte mig jeg ville ikke købe det okay solgte mig hvis ikke interesseret samtalen,Danish
som sidde kan sige jeg ikke kunne bryde mig mindre det kedeligt,Danish
jeg ikke interesseret,Danish
jeg kunne ikke bryde mig mindre hvis nogen spørger dig noget dette rigtig nem beslutning dig som nogen fortæller skal tage mine million dollar siger det brainer,Danish
jeg tager det,Danish
dette brainer betyder det rigtig nem beslutning dig hvis har gjort noget forkert indrømmer det kan sige jeg har ødelagt fyre,Danish
jeg ved,Danish
undskyld,Danish
jeg fejlede,Danish
dette min fejltagelse,Danish
jeg skruede jeg skruede det hvis vil nogen til arbejde stedet mig kan sige,Danish
kan dække mig ligesom kan arbejde stedet mig men jeg jeg ser min ven,Danish
kan dække mig det tid til rejse fyre jeg hellere hvilket betyder jeg allerede skal,Danish
det ved,Danish
det faktisk,Danish
lige,Danish
jeg hellere anden måde sige farvel,Danish
jeg kan sige hvilket betyder tage sig dig selv,Danish
senere,Danish
,Danish
jeg ved ikke hvilken dag det når ser denne video men hvis det fredag eksempel weekend,Danish
kan sige tak himlen fredag eller tror himlen sagde lørdag weekend opdagelse,Danish
jeg glad det var fyre sætninger engelsk lad mig vide dette var nyttigt ved lide denne video kommentere nedenfor hvis kender flere seje sætninger,Danish
det ville være godt rød knap derovre eller andet sted,Danish
hej velkommen,Danish
denne video vil jeg give dig 100 almindelige meget nyttige sætninger som kan bruge samtale,Danish
når hører sætning øve sig efter mig,Danish
prøv kopiere min udtale nøjagtigt inklusive stemmetone jeg bruger,Danish
okay lad begynde,Danish
grundlæggende hilsner hvordan går det,Danish
hvordan går det,Danish
hvad,Danish
dejligt møde dig,Danish
lang tid siden,Danish
hvordan har haft det,Danish
mange tak,Danish
hvad med dig,Danish
ikke meget,Danish
det sædvanlige,Danish
jeg nødt til komme gang,Danish
det var glædeligt møde ser dig senere,Danish
holde kontakt,Danish
spørger information,Danish
kunne fortælle mig hvad dette ord betyder,Danish
ville tilfældigvis vide hvor biblioteket,Danish
tøver,Danish
det godt spørgsmål,Danish
lad mig,Danish
lad mig tænke øjeblik,Danish
beder gentagelse,Danish
undskyld mig,Danish
undskyld det fangede jeg ikke,Danish
har noget imod gentage det,Danish
kan tale lidt langsommere vær venlig,Danish
siger jeg ved det ikke,Danish
jeg bange jeg ikke har nogen idé,Danish
kan ikke hjælpe dig undskyld,Danish
slår mig,Danish
meninger,Danish
hvad mener det,Danish
hvad dit syn dette,Danish
det synes jeg god idé,Danish
jeg tror ærligt talt ikke det kommer til fungere,Danish
vidt jeg bekymret dette bedste restaurant byen,Danish
undgår spørgsmål,Danish
jeg har ikke mening sagen,Danish
lad mig komme tilbage til dig det,Danish
jeg har ikke frihed til sige,Danish
enig uenig,Danish
jeg kunne ikke være mere enig,Danish
har helt ret,Danish
jeg enig med dig 100,Danish
rammer neglen hovedet,Danish
jeg ikke sikker jeg enig,Danish
jeg bange jeg uenig,Danish
jeg tror tager fejl,Danish
afbryder høfligt,Danish
undskyld afbryde dig,Danish
kan jeg stoppe dig øjeblik,Danish
har noget imod det hvis jeg springer herinde,Danish
fortsæt,Danish
videre,Danish
lad mig afslutte,Danish
hold øjeblik,Danish
forslag,Danish
hvad siger går biografen,Danish
hvad med pizza til middag aften,Danish
det ville være rart,Danish
lyder godt mig,Danish
det jeg ikke sikker,Danish
nej det tror jeg ikke,Danish
laver planer,Danish
hvad laver aften,Danish
har planer morgen,Danish
fri næste lørdag,Danish
vil gøre noget weekenden,Danish
sikkert hvad har tankerne,Danish
jeg fri hele weekenden lad gøre noget,Danish
nej undskyld jeg har allerede gale nogle planer,Danish
jeg har lidt travlt morgen,Danish
jeg ville elske gøre noget men det kan jeg ikke,Danish
tilladelse,Danish
har noget imod det hvis jeg bruger din mobiltelefon,Danish
ville det være okay hvis jeg tog fri morgen,Danish
vær venlig videre,Danish
nej slet ikke,Danish
desværre jeg nødt til sige nej,Danish
jeg ville hellere ikke gjorde det,Danish
jeg bange jeg gør det,Danish
fremsætter anmodninger,Danish
kunne give mig saltet vær venlig,Danish
har noget imod låne mig nogle penge,Danish
jeg spekulerede kunne hjælpe mig med dette,Danish
sikkert ikke noget problem,Danish
selvfølgelig,Danish
jeg vil gerne hjælpe,Danish
undskyld jeg kan ikke lige,Danish
jeg bange jeg ikke kan fremsætter tilbud,Danish
kan jeg skaffe dig glas vand,Danish
hvad med noget,Danish
vil jeg giver dig tur hjem,Danish
tak,Danish
det ville være godt tak,Danish
jeg har det godt men tak tilbyde,Danish
nej jeg god tak,Danish
takke folk,Danish
tusind tak,Danish
skål jeg sætter stor pris det,Danish
det meget venligt dig,Danish
jeg kan ikke takke dig nok,Danish
det ikke noget,Danish
nævner det ikke,Danish
når som helst,Danish
min fornøjelse,Danish
beder nogen vente,Danish
kan holde øjeblik tak,Danish
hæng sekund,Danish
bære med mig øjeblik,Danish
jeg har ret med dig,Danish
undskylder,Danish
jeg virkelig ked det,Danish
vær venlig acceptere min undskyldning,Danish
skal ikke bekymre dig det,Danish
ingen problemer,Danish
okay hvis vil flere lektioner almindelige sætninger sætninger lad mig det vide kommentarfeltet nedenfor,Danish
også hvis kunne lide denne video skal give tommelfingrene ved trykke lignende knappen huske abonnere denne kanal ved klikke knappen abonner mine seneste lektioner lige youtube,Danish
glad læring jeg vil snart dig anden lektion,Danish
det gyldne brød engang lille landsby boede kvinde ved navn marion,Danish
med sin eneste datter var narcisa marion ekstremt ydmyg sød narcisa var dog helt det modsatte ser hun var smuk ord hun var som levende,Danish
dukke mest underholdende del hun elskede sig selv til ingen formål narcisa ville,Danish
hjælp mig med bage brødet hej ingen måde mor melpiger mine lyse glitrende øjne,Danish
narcisa vil hjælpe mig med plante disse frø hvad hvorfor skulle jeg gøre det hvad har jeg alt det snavs mine dejlige fingre værre hvad hvis det gik ansigt det var problemet med narcisa,Danish
hun syntes sig stor til udføre noget arbejde mange friere kom bede narcissus ægteskab,Danish
hendes skønhed var kendt vidt bredt men hun afviste meget uhøfligt hvorfor sendte disse mænd væk går syntes gode kan ikke være seriøs mor,Danish
havde små øjne næsten som fugles anden havde enorm næse jeg ville ikke være nærheden ham,Danish
han nysede det sidste stop nej jeg vil ikke høre mere alt hvad jeg kunne var disse mænd var rigtig flinke min kære skal vide skønhed,Danish
ikke alt mor nødt til indse jeg fortjener nogen som prins eller ridder,Danish
kære nat hun sov sad mor ved hendes side hende,Danish
min kære barn smuk dejlig men ligeglad med andet end din skønhed,Danish
det øjeblik begyndte narcissus grine søvnen hendes mor var meget overrasket hvor dejlig hun måtte rigtig sjov drøm næste morgen når narcissus,Danish
jeg vågnede hun smilede alt sammen fniser skat fortæl mig hvad drømte,Danish
aftes godt mor det var sådan fantastisk drøm ved var denne prins kom til mig,Danish
sagde han ville gifte sig med mig han var kommet gylden vogn han var klædt ovenfra ned guld også hvad fjollet drøm,Danish
ved bedste del det var jeg var min brudekjole som også var guld selvfølgelig stirrede kun mig narcisa ikke noget fantastisk ved drøm,Danish
det var meget egoistisk drømmemor ved ikke hvad siger drømmen har fået mig til indse jeg har brug mad meget større end type jeg spiser hjemme brød lavet guld,Danish
tænk bare stakkels narcissemor var bekymret sin datter hvordan,Danish
hun ville leve sit liv dag venner kom besøge narcissemor var mellie terry tre havde været venner årevis men terry ellie havde begge hemmelighed,Danish
var magiske væsener noget som narcisses mor ikke vidste noget terry melli det godt dig det har været meget længe det hvordan har været jeg har været meget god jeg ville været bedre hvis kun hvis kun hvad hvis kun min datter narcisa var lidt mere forståelig marian fortalte mellie terry alt narcisa hvordan hun var bekymret hende hun vil spise brød lavet guld hvad gør jeg godt med hende måske hvis hendes drøm går opfyldelse,Danish
det ville være vidunderligt ville det ikke godt uanset hvad jeg tror med tiden vil hun vokse til lære lad tale noget andet,Danish
vinkede mellie terry farvel til deres gamle ven gik smilende til hinanden hemmeligt aften både mor datter,Danish
blev klar til seng mor jeg håber virkelig min drøm går opfyldelse ved narcisa næste dag narcisa hendes mor var udenfor deres smuk,Danish
gylden vogn kom ridende til var besat ædelstene diamanter ekstremt fantastisk,Danish
det stoppede kom smuk mand det kiggede narcisa hun blev helt overrasket hvor smuk han var min drøm faktisk opfyldelse umm,Danish
hvad hej jeg kommet bede narcissus ægteskab men hvordan ved hendes navn hvem,Danish
jeg terrence engelen med lykke din datters navn skønhed kendt overalt verden jeg har givet dig gave men kender ham næppe kan ikke med ham,Danish
fjollet han rig smuk hvad mere kan jeg ønske mig forfærdelse jeg accepterer dit forslag,Danish
med det gik hun ind han vogn uden engang sige farvel til sin mor red med englen rejste kom vognen pludselig ind magisk portal rejste gennem stormfuldt område vognen stødte enormt rundt narcissa,Danish
var meget bange skal ikke bekymre dig min kære alt dette vil snart være forbi ligesom han sagde dette vognen gik gennem anden portal nåede indkørslen,Danish
stort storslået gyldent slot narcisa var forbløffet skønhed hun jeg vidste jeg fortjener mange rigdom jeg vidste kunne lide det hvad vil finder fra smukkeste kjole til mest lækre mad alt sammen palads godt taler mad jeg virkelig sulten efter tur jeg sulter kan jeg noget velsmagende mad selvfølgelig kød ildelugtende melissa hun får dig hvad vil jeg har hørt meget dig stakkels kære sulten ikke kommer lad til spisebordet jeg får dig noget mad tak gik ind spisestuen bordet var mest forbløffende mad som narcisa nogensinde havde set forbløffende fordi det syltetøj lavet,Danish
rubiner salater smaragder brød derovre lavet guldgyldent brød hvor dejligt dette marmelade vil smage dejligt med det brød hun tog stykke med,Danish
rubin marmelade det tog kæmpe bid det varmt jeg kan ikke spise det godt det brød lavet guld det fineste også men hvis ikke kan spise det skal jeg skaffe dig sølvbrød sølv hvorfor ikke spiser,Danish
noget andet men jeg vil normalt brødbrød som jeg kan spise har ikke det blik kone til være fra min far skal det koldt skal kun spise bedste narcis jeg kiggede mad,Danish
men blev sønderknust alt var uspiselig hun begyndte snart græde jeg vil ikke det men maden virkelig god,Danish
prøv nogle gyldne kartofler rigtig gode når gift med mig,Danish
bliver nødt til spise alt dette jeg troede kunne lide fancy ting nej jeg vil ikke gifte dig jeg vil hjem,Danish
til min mor lad mig hjem melissa terrence hinanden blinkede godt,Danish
hvis det virkelig hvad vil tager jeg dig hjem terrence tog grædende ulykkelig,Danish
narcis hjemme vognen begyndte hun tænke dybt valg hun havde taget hun kom hjem,Danish
hun løb kramme sin mor sad trist huset heller ikke søster min søde datter jeg troede jeg ville aldrig dig igen,Danish
mor jeg elsker dig meget havde ret udseende rigdom ikke alt hvad guldbrødet var ubrugeligt jeg ikke kunne spise det manden selvom,Danish
han var smuk han passede slet ikke mig men min kære klar det var nøjagtigt hvordan behandlede andre jeg ved jeg ked måde jeg handlede mor nej det okay siden har set,Danish
hvad din fejl var kom lad fodre dig med noget pænt fra dag frem,Danish
narcisa ændrede sine måder hun kæmpede starten men langsomt tålmodigt begyndte hun blive meget pænere dag mellie terry kom møde marian igen hej fortæl marian,Danish
hvordan narcissisme fortalte marian begge alt hvad var sket hun har ændret sig meget fra tid,Danish
har hun jeg gætte hun ville ikke mere guldbrød ved,Danish
terry ser faktisk lidt som engel men hvad ser jeg hvordan kunne være ham flinke,Danish
nature una delle più antiche importanti riviste scientifiche esistenti forse assoluto quella considerata maggior prestigio nell ambito della comunità scientifica internazionale insieme science,Italian
viene pubblicata fin dal novembre 1869,Italian
nonostante maggior parte delle riviste del campo siano oggi altamente specializzate nature uno dei pochi giornali insieme altri mensili quali science proceeding national academy science che pubblica ancora articoli originali svariati campi scientifici,Italian
molti sono gli avanzamenti scoperte provenienti molti campi della ricerca scientifica che sono stati pubblicati nature come articoli lettere esempio scoperta dei raggi natura ondulatoria delle particelle scoperta dei neutroni scoperte sulla fissione nucleare struttura doppia elica del dna prima struttura molecolare una proteina mioglobina tettonica zolle buco dell ozono prima clonazione mammifero pecora dolly sequenziamento del genoma umano,Italian
fattore impatto impact factor questa rivista supera nel 2014 enorme valore 352,Italian
oltre nature stesso sono tre famiglie riviste scientifiche legate nature edite dal nature publishing group intervista pubblicata nel 2013 guardian randy schekman rilascia delle dichiarazioni riguardanti grandi riviste scientifiche facendo nome nature science cell additandole come colpevoli danneggiare attività ricerca scientifica,Italian
secondo randy schekman incentivo più forte nella ricerca scientifica quello vedere pubblicate proprie ricerche nelle prestigiose riviste scientifiche poiché questo viene fatto coincidere più alto riconoscimento del proprio lavoro tale ragionamento razionale non porta sempre servire gli interessi della propria professione quelli dell umanità della società,Italian
questo perché grandi riviste scientifiche tendono curare modo aggressivo loro brand mettendo primo posto vendita abbonamenti più che pubblicazione tutte ricerche più significative mentre pubblicano molte ricerche rilevanti tendono tuttavia non pubblicare tutte ricerche rilevanti sono gli unici pubblicarle,Italian
nell articolo randy schekman critica sia selezione assai restrittiva delle ricerche pubblicate parte delle riviste scientifiche famose sia impact factor considerandolo come trucco marketing dietro quale grandi riviste acquistano notorietà infatti impact factor misura solamente numero delle volta che una determinata rivista scientifica risulta citata nelle ricerche scientifiche successive senza considerare qualità importanza della ricerca stessa una rivista scientifica può venire citata perché pubblica ricerche significative anche perché pubblica qualcosa accattivante provocativo addirittura sbagliato,Italian
questo influenza attività ricerca quanto indirizza quella direzione dove possibile tirare fuori conclusioni che vogliono queste riviste scoraggiando invece una direzione che potrebbe essere più importante magari meno accattivante lettori,Italian
altri progetti wikipedia pronuncia vedi sotto enciclopedia online contenuto libero collaborativa multilingue gratuita nata nel 2001 sostenuta ospitata dalla wikimedia foundation organizzazione non scopo lucro statunitense,Italian
lanciata jimmy wale larry sanger gennaio 2001 inizialmente nell edizione lingua inglese nei mesi successivi aggiunto edizioni numerose altre lingue,Italian
sanger suggerì nome una parola macedonia nata dall unione della radice wiki suffisso pedia enciclopedia,Italian
etimologicamente wikipedia significa cultura veloce dal termine hawaiano wiki veloce con aggiunta del suffisso pedia dal greco antico παιδεία paideia formazione,Italian
con più milioni voci oltre 300 lingue enciclopedia più grande mai scritta tra dieci siti web più visitati mondo costituisce maggiore più consultata opera riferimento generalista internet,Italian
wikipedia prese via come progetto complementare nupedia progetto per creazione enciclopedia libera online cui voci erano scritte esperti volontari attraverso processo formale revisione,Italian
nupedia venne fondata marzo 2000 dalla società bomis proprietaria dell omonimo portale ricerca,Italian
figure principali erano jimmy wale allora ceo della bomis larry sanger redattore capo nupedia successivamente wikipedia,Italian
per concetto wiki wale sanger dichiararono essersi ispirati siti wikiwikiweb portland pattern repository ward cunningham,Italian
wikipedia che esisteva già come servizio nupedia com dal gennaio 2001 formalmente lanciata gennaio successivo sul sito wikipedia com lingua inglese,Italian
verso maggio giunsero primo utenti registrati nel corso dell anno svilupparono edizioni francese tedesco inglese catalano spagnolo svedese portoghese fine anno italiano,Italian
alla fine del suo primo anno esistenza enciclopedia arrivò contare quasi 000 voci edizioni lingue differenti,Italian
raggiunse edizioni lingua alla fine del 2002 alla fine del 2003 161 alla fine del 2004,Italian
nupedia wikipedia coesistettero finché server della prima furono chiusi definitivamente nel 2003 suoi testi incorporati wikipedia nupedia aveva sofferto tasso crescita estremamente lento causa dei complicati processi revisione riuscendo pubblicare solo voci sanger uscì scena gruppo utenti attuò una biforcazione della wikipedia spagnolo per costituire enciclopedia libre,Italian
wikipedia nupedia nacque nel 2003 wikimedia foundation organizzazione non profit che sostiene wikipedia progetti fratelli primo dei quali memoriam september wiki che nel tempo sono aggiunti ognuno dei quali specializzato determinato ambito del sapere,Italian
wikimedia foundation infatti successivamente dato vita progetti complementari tra quali wiktionary wikibooks wikisource wikispecies wikiquote wikinotizie wikiversità wikivoyage,Italian
wale cedette tutti diritti alla fondazione promossa che tuttora gestisce marchi infrastruttura informatica garantendo che gestione dei contenuti rimanesse affidata alla comunità degli utenti,Italian
nei primo due anni cresceva alla velocità poche centinaia meno nuove voci giorno edizione inglese wikipedia raggiunse traguardo delle 100 000 voci nel gennaio 2003 mentre nel 2004 subì esplosione raddoppiando dimensioni anno con aumento 000 000 voci giorno,Italian
wikipedia raggiunto sua milionesima voce tra 105 edizioni lingua epoca presenti settembre 2004,Italian
partire dal 2004 iniziata costituirsi una rete associazioni nazionali collegate alla wikimedia foundation chiamati capitoli ufficiali tra quali wikimedia italia fondata nel 2005,Italian
nel settembre dello stesso anno edizione italiano superato 100 000 voci,Italian
quando wikipedia raggiunto considerevole numero voci utilizzatori diventata tipico fenomeno del web grazie anche alla sua particolarità essere rapidamente modificabile aggiornabile chiunque,Italian
nel settembre 2007 edizione inglese tagliato storico traguardo milioni voci divenendo più vasta enciclopedia mai scritta superando enciclopedia yongle 1407 che detenuto tale primato per 600 anni esatti nel guinness dei primati del 2008 wikipedia riportata come più grande enciclopedia mondo,Italian
marzo 2008 con oltre 250 edizioni locali raggiunto milioni voci che erano raddoppiate novembre 2011 triplicate nel giro dei tre anni successivi superando nel 2015 milioni voci,Italian
settembre 2015 edizioni wikipedia con più 100 000 voci erano divenute scritte altrettante lingue cui superavano milione,Italian
obiettivo wikipedia creare enciclopedia libera ovvero liberamente accessibile contenuto libero aperto universale terminus ampiezza argomenti trattati,Italian
wikipedia stata descritta jimmy wale uno dei suoi fondatori come uno sforzo per creare distribuire enciclopedia libera della più alta qualità possibile ogni singola persona sul pianeta nella sua propria lingua wikipedia nelle intenzioni wale doveva raggiungere nel lungo termine una qualità pari migliore dell enciclopedia britannica essere pubblicata anche carta,Italian
progetto ambizioso realistico colloca dunque nell ambito della condivisione della conoscenza della cultura partecipativa sfruttando cosiddetta intelligenza collettiva sulla base delle regole uso contribuzione espresse dall enciclopedia stessa,Italian
quanto enciclopedia carattere universale generalista wikipedia tratta voci molti argomenti diversi,Italian
voci sono organizzate categorie tematiche temi generali sono generalmente illustrati portali coordinati tramite progetti,Italian
enciclopedia completamente gratuita priva pubblicità linea con suoi principi base suo sostentamento dovuto unicamente libere donazioni degli utenti grazie una raccolta fondi avviata ogni anno dalla wikimedia foundation,Italian
logo ufficiale wikipedia una sfera quasi completa costruita con pezzi puzzle che riportano caratteri vari alfabeti simboleggiare mondo una conoscenza globale costruzione disposizione tutti,Italian
internet esistono sono esistiti molti altri progetti enciclopedici,Italian
generale dispongono una linea editoriale stabilita fanno uso delle tradizionali politiche sulla proprietà intellettuale dei contenuti come per esempio enciclopedia stanford filosofia compilata esperti,Italian
siti web più informali come h2g2 everything2 servono come guide generali cui voci sono scritte controllate persone comuni,Italian
progetti come wikipedia susning enciclopedia libre sono invece wiki cui voci sono sviluppate numerosi autori cui non esiste alcun processo formale revisione,Italian
wikipedia primo più grande questi wiki enciclopedici per numero voci,Italian
differenza delle enciclopedie che hanno preceduta contenuto wikipedia distribuito con una licenza libera,Italian
wikipedia pubblicata 309 lingue differenti cui circa 299 attive contiene voci sia sugli argomenti propri una tradizionale enciclopedia sia quelli almanacchi dizionari geografici specialistici,Italian
suo scopo quello raccogliere dati informazioni descrizioni creando distribuendo pubblico enciclopedia libera gratuita sempre più ricca contenuti,Italian
varie edizioni lingua sono sviluppate indipendentemente una dall altra ovvero non sono vincolate contenuti presenti nelle altre sono tenute unicamente rispetto delle linee guida generali del progetto come punto vista neutrale,Italian
testi delle voci contenuti multimediali tuttavia sono spesso condivisi tra varie edizioni primo grazie traduzioni secondo attraverso progetto condiviso chiamato wikimedia common,Italian
voci tradotte rappresentano una percentuale relativamente piccola quelle presenti ciascuna edizione,Italian
edizioni lingua tedesca quella lingua italiana una selezione voci tratte dalla versione lingua inglese sono state distribuite anche compact disc dvd mentre molte edizioni sono stati creati dei mirror online dei progetti derivati,Italian
agosto 2015 wikipedia conteneva totale più milioni voci totale oltre 135 milioni pagine modificate oltre miliardi volta contava oltre milioni utenti registrati,Italian
wikipedia uno dei dieci siti più visitati mondo oscillando nel 2015 tra sesto settimo posto nella classifica mondiale riceve infatti oltre 374 milioni visitatori unici mese settembre 2015,Italian
che sito intende,Italian
wikipedia org wikipedia org tutte edizioni linguistiche assieme,Italian
voci wikipedia sono spesso citate dai mass medium tradizionali istituti accademici,Italian
enciclopedia partecipata preoccupa meno uso regolarmente trovo che qualità affidabilità delle informazioni sia notevole,Italian
qualche problema solo quando soggetto estremamente controverso,Italian
questo caso neutralità reciproche obiezioni spingono verso minimo comun denominatore bisogna accontentarsi,Italian
questo inevitabile fondo accadeva già con enciclopedie tradizionali caratteristica primaria wikipedia fatto che possibilità chiunque collaborare utilizzando sistema modifica pubblicazione aperto che appoggia una piattaforma wiki mediawiki,Italian
altri terminus essa curata volontari ovvero pagine possono essere modificate chiunque non comitato redazione alcun controllo preventivo sul contenuto inviato,Italian
particolare essa basa sul diritto citazione come testimonianza attendibilità dei contenuti presenti che citino dunque fonte origine classificandosi dunque come fonte terziaria,Italian
registrazione non obbligatoria consigliata,Italian
causa della sua natura aperta vandalismi imprecisioni sono problemi riscontrabili wikipedia,Italian
miglioramento dell enciclopedia dovuto unicamente continuo apporto contributi sia terminus nuovi contenuti che revisioni degli stessi della forma della formattazione secondo linee guida parte tutti gli utenti volontari,Italian
caratteristica delle voci wikipedia inoltre avere frequenti collegamenti ipertestuali altre voci dell enciclopedia che permettono una facile navigazione nel portale più facile approfondimento altre voci con uno stile dunque che ricorda web web statico mentre fatto piattaforma mediawiki appartiene web web dinamico,Italian
tutte voci sono comunemente rintracciabili tramite ricerca web con google che solitamente indicizza tra prime posizioni enciclopedia può essere vista come vero proprio portale web cui accesso dalla pagina principale che fornisce primo piano una voce del giorno una voce qualità ricorrenze del giorno motore ricerca interno ecc,Italian
foto delle varie voci provengono dal progetto wikimedia common sui cui vengono caricate poi richiamate nelle voci wikipedia,Italian
per garantire tale progresso wikipedia fonda cinque pilastri sulle seguenti linee guida volta identificare quali tipi informazioni siano adatte esservi inserite codice comportamento detto wikiquette,Italian
esse spesso riferimento nelle dispute per decidere particolare contenuto debba essere aggiunto rivisto trasferito progetto affine oppure rimosso,Italian
uno dei principi alla base wikipedia punto vista neutrale secondo quale esempio opinioni presentate personaggi importanti opere letterarie vengono riassunte senza tentare determinarne una verità oggettiva,Italian
edizioni wikipedia contengono spesso anche uno sportello informazioni cui comunità risponde domande tecniche degli utenti,Italian
originariamente pubblicata sotto licenza libera gfdl dal giugno 2009 migrata alla licenza creative common più compatibile con gli scopi gli usi wikipedia generale dei progetti wikimedia licenze creative common non esistevano nel 2001 alla nascita del progetto,Italian
cambiamento licenza stato sottoposto votazione della comunità,Italian
licenza sotto quale voci wikipedia sono rese disponibili una delle molte licenze copyright tipo permissivo dal copyleft tipo forte quanto permette redistribuzione creazione opere derivate uso commerciale del contenuto condizione che mantenga attribuzione agli autori che contenuto rimanga disponibile sotto stessa licenza,Italian
quando utente contribuisce progetto con materiale originale diritti autore rimangono suo possesso egli acconsente concedere propria opera sotto licenza libera,Italian
materiale wikipedia può quindi essere distribuito incorporato fonti che loro volta usino questa licenza,Italian
del contenuto wikipedia sono stati creati numerosi mirror progetti derivati partire copie dei database,Italian
sebbene tutti testi siano disponibili sotto stessa licenza una percentuale significativa immagini suoni wikipedia non sono liberi elementi come loghi aziendali saggi testi canzoni foto giornalistiche protette copyright sono usate con una rivendicazione fair use tuttavia alcuni paesi concetto fair use non presente nel corpo legislativo quindi opere che contenessero questi elementi potrebbero essere inammissibili,Italian
wikipedia ricevuto anche del materiale condizione che non possano produrre lavori derivati che possa essere usato solo interno wikipedia,Italian
alcune edizioni comunque accettano solo contenuti multimediali liberi copyright,Italian
wikipedia condivide risorse software hardware con gli altri progetti della wikimedia foundation particolare motore che interpreta markup delle pagine mediawiki server cui sono salvati database che contengono pagine dell enciclopedia,Italian
maggio 2017 sono presenti 296 diverse edizioni linguistiche wikipedia cui 285 attive,Italian
versione lingua italiana wikipedia soprannominata wiki nata maggio del 2001 sotto nome dominio terzo livello wikipedia org,Italian
nel 2003 nascono wikipedia latino occitano,Italian
aprile 2004 nasce wikipedia sardo poi ottobre wikipedia siciliano gennaio 2005 wikipedia friulano seguire nel corso del 2005 versioni linguistiche corso napoletano romancio veneto lombardo,Italian
nel 2006 sono nate poi edizioni ligure piemontese francoprovenzale tarantino,Italian
nel 2007 nata quella emiliano romagnolo,Italian
creazione della wikipedia lingua ladina stata fase test fino 2020 quando stata resa operativa,Italian
nome wikipedia composto dal prefisso wiki dall hawaiano wiki veloce dal suffisso pedia dal greco antico paideia formazione,Italian
progetto non prevede una pronuncia ufficiale del suo nome proprio lascia libertà pronunciarlo secondo proprie preferenze,Italian
pronuncia vichipedìa sarebbe preferibile quanto linguisticamente più integrata considerando pronuncia consolidata lingua italiana del suffisso pedìa pedìa peˈdia come enciclopedia pronuncia consolidata della lettera wiki vìchi ˈviki come wafer,Italian
anche accademia della crusca espressa analogamente più occasioni,Italian
pronunce anglicizzanti inglesi italianizzate meno integrate nel sistema linguistico dell italiano sono tuttavia diffuse,Italian
dizionario pronuncia italiana luciano canepari uniformandosi alla pronuncia inglese riporta wikiˈpɛdja uichipèdia come forma primaria wikiˈpidja uichipìdia come accettabile wikipeˈdia uichipedìa come pronuncia intenzionale per fare sfoggio,Italian
inglese dice comunemente non esiste una pronuncia ufficiale,Italian
wikipedia non regolata alcun comitato redazione centrale sue voci sono scritte spontaneamente centinaia migliaia volontari non remunerati iscritti associazioni che organizzano autonomamente stabilendo solo regole interne svolgimento degli argomenti nelle voci,Italian
wikipedia infatti costruita sulla convinzione che collaborazione tra gli utenti possa nel tempo migliorare voci più meno nello stesso spirito con cui viene sviluppato software libero,Italian
nel caso del software libero chiunque può prelevarne sorgenti modificarli ridistribuirli eppure solitamente programmatori limitano proporre alcune modifiche agli autori quali adottano oppure loro insindacabile giudizio,Italian
voci sono sempre aperte modifiche tranne quando vengono protette tempo determinato causa vandalismi edit non dichiara mai conclusa stesura una voce,Italian
accade che alcuni utenti provino inserire informazioni malevole goliardiche enciclopedicamente irrilevanti che vengono generalmente rimosse prontamente altri utenti,Italian
questo tipo modifiche gergo chiamato vandalismo,Italian
wikipedia mantiene approccio ottimistico sulla bontà delle modifiche proposte tutti coloro che visitano sito wikipedia hanno possibilità creare modificare una voce vedere pubblicate istante loro modifiche,Italian
gli autori delle voci che non devono avere necessariamente alcuna competenza qualifica formale sugli argomenti trattati devono basare proprie pubblicazioni fonti autorevoli sono però avvertiti che loro contributi possono essere cancellati loro volta modificati redistribuiti chiunque nei terminus della licenza delle linee guida interne wikipedia,Italian
voci sono controllate dalla comunità con supporto gruppo amministratori che svolgono alcune azioni tecniche,Italian
decisioni prendere sul contenuto sulle politiche editoriali wikipedia sono ottenute norma per consenso alcuni casi per votazione sebbene per alcuni anni jimmy wale fosse riservato decisioni alcuni casi nell edizione inglese,Italian
grazie software wiki tutte modifiche voci wikipedia sono archiviate una cronologia delle versioni accessibile chiunque,Italian
wikipedia perciò anche prima tra grandi enciclopedie che permette tutti osservare processo sviluppo nel tempo una voce verificare come dove contenuto stato oggetto controversie,Italian
persino cancellazioni gli altri vandalismi che una pagina subisce sono norma visibili tutti,Italian
tutti punti vista contestati espressi dato momento successivamente cancellati rimangono consultabili forniscono informazioni complementari sull argomento cui oggetto voce sul suo grado controversia aggiungendovi inoltre dimensione temporale,Italian
oltre editor classico che utilizza linguaggio markup estremamente semplificato,Italian
molto più semplice dell html software mediawiki mette disposizione anche editor visuale chiamato visualeditor,Italian
nel gergo wikipedia gli autori cioè quegli utenti che collaborano attivamente inserimento dei contenuti sono chiamati wikipediani formano ampia variegata comunità pratica,Italian
attività wikipediano riconosciuta come profilo professionale dall iwa international webmaster association,Italian
wikipedia non sono distinzioni formali tra chi collabora progetto decisioni sono idealmente prese raggiungendo consenso tra coloro che sono coinvolti,Italian
nel mese giugno 2015 gli utenti attivi cioè quelli che avevano contribuito wikipedia con almeno cinque interventi ciascuno erano 000 oltre 000 nell ambito delle tre edizioni maggiori ovvero quelle lingua inglese tedesca giapponese,Italian
gruppo più attivo composto quasi 000 utenti cui circa lavorava nelle tre edizioni maggiori fornito 100 contributi più testa nel corso del mese,Italian
secondo wikimedia quarto del traffico wikipedia proviene utenti non registrati che difficilmente diventeranno collaboratori stabili,Italian
lavori manutenzione sono svolti gruppo volontari che sono chiamati seconda del ruolo sviluppatori steward check user oversight burocrati amministratori nel complesso alcune migliaia persone,Italian
gli amministratori sysop sono più numerosi oltre quattromila 2015 sono loro attribuite alcune funzioni tecniche aggiuntive che servono impedire caso necessità modifica singole voci cancellare ripristinare voci togliere modo temporaneo permanente alcuni utenti facoltà modificare wikipedia seguendo quanto stabilito dalle linee guida della comunità,Italian
non essendo gli amministratori dei moderatori controllo eliminazione dei vandalismi sono carico tutta comunità degli utenti,Italian
gli atti vandalismo infrazioni più lievi linee guida possono comportare avvertimento blocco temporaneo mentre blocchi lungo termine permanenti conseguenza infrazioni prolungate gravi sono genere decisi dalla comunità alcune edizioni comitato arbitrale,Italian
redattore capo wikipedia larry sanger affermato che avere licenza libera gfdl come garanzia libertà una forte motivazione lavorare enciclopedia libera,Italian
uno studio wikipedia come comunità docente economia andrea ciffolilli sostenne che basso costo transazione nella partecipazione software wiki crea catalizzatore per sviluppo collaborativo che approccio alla costruzione creativa incoraggia partecipazione,Italian
wikipedia stata vista come esperimento sociale democrazia,Italian
suo fondatore replicato che non stata pensata come tale piuttosto una conseguenza,Italian
una pagina proposito del fare ricerche con wikipedia suoi autori spiegano che wikipedia importante come comunità sociale agli autori voci può venir chiesto difendere spiegare loro operato discussioni sono immediatamente visibili,Italian
wikipedia possiede una comunità utenti che sono proporzione pochi molto attivi,Italian
william emigh susan herring 2005 affermano che pochi utenti attivi quando agiscono concerto con norme stabilite interno sistema redazionale aperto possono raggiungere controllo totale sul contenuto prodotto nel sistema cancellando letteralmente diversità controversie inconsistenze omogeneizzando voci dei collaboratori redattori wikinfo progetto derivato wikipedia sostengono analogamente che contributori nuovi controversi wikipedia sono spesso ingiustamente etichettati troll utenti problematici viene loro impedito apportare modifiche,Italian
comunità wikipedia stata anche criticata per fatto rispondere lamentele riguardo alla qualità una voce consigliando chi lamenta correggere voce,Italian
wikipedia richiede propri collaboratori osservare punto vista neutrale quando scrivono non inserire alcuna ricerca originale dal momento che enciclopedia una fonte terziaria,Italian
questa condotta rigorosamente applicata mette sicuro enciclopedia eventuali minacce legali per reati diffamazione contempo conferisce obiettività affidabilità,Italian
punto vista neutrale per una linea condotta non negoziabile rende chiaro che obiettivo dell enciclopedia quello presentare dispute descriverle piuttosto che impegnarsi per esse,Italian
qualora fosse completamente raggiunto wikipedia non troverebbe essere scritta sulla base singolo punto vista oggettivo presentare modo imparziale tutti gli aspetti una questione attribuendoli modo neutrale propri sostenitori,Italian
questa politica impone che ciascun punto vista debba ricevere una trattazione adeguata suo seguito,Italian
opinioni teorie inedite sono considerate ricerche originali non sono pubblicabili wikipedia dato che sono incompatibili con concetto enciclopedia che opera compilativa non possono essere presentate secondo punto vista neutrale con fonti indipendenti,Italian
collaboratori wikipedia mantengono più una varietà politiche linee guida minori,Italian
contrario altri progetti basati wiki come portland pattern repository ward cunningham considerato inventore del wiki wikipediani usano cosiddette pagine discussione per discutere modifiche voci piuttosto che farlo interno delle voci stesse,Italian
collaboratori wikipedia spesso modificano spostano cancellano voci che sono considerate inadatte enciclopedia come definizioni dizionario per cui esistono progetti appositi come wikizionario testi fonti originali,Italian
varie edizioni wikipedia facenti capo comunità distinte base linguistica stabiliscono autonomamente proprie convenzioni stilistiche,Italian
contenuto wikipedia viene distribuito diverse modalità,Italian
parte distribuzione nella sua forma originale online attraverso siti ufficiali molti mirror creati altri server web anche versioni stampate pronte alla stampa wikipedia hanno ottenuto popolarità,Italian
cosiddetti wikireader pubblicazioni carta con selezioni voci sono stati lanciati dalla wikipedia tedesca nel tardo febbraio 2004 con primo wikireader sulla svezia thomas karcher,Italian
hanno fatto seguito altri wikireader preparati nel formato pdf con versioni stampate preparazione per vendita,Italian
esempio tedesco stato ripreso altrove per cui sono nati altri progetti wikireader opera degli utenti cinesi inglesi francesi polacchi,Italian
wikipress messo vendita libro brossura dell edizione 2005 2006 comprensivo dvd,Italian
seguito nel 2009 stata aggiunta wikipedia estensione con quale ogni utente può raccogliere più voci dell enciclopedia libri che possono essere consultati offline distribuiti come book gratuiti anche essere stampati volume grazie servizio online pagamento,Italian
sono disponibili anche dvd wikipedia,Italian
progetto tedesco wikipedia stato primo distribuire una versione questi supporti nel 2004 attualmente giunto alla seconda edizione,Italian
partire dal settembre 2007 anche edizione italiano wikipedia stata pubblicata una versione dvd diventando così seconda essere distribuita tale supporto,Italian
contenuti wikipedia sono consultabili anche tramite dispositivi mobili cellulari palmari smartphone ecc,Italian
esiste infatti una versione mobile del sito che consente accedere voci wikipedia presentandole una veste grafica semplificata adatta per questo tipo dispositivi,Italian
servizio qrpedia consente generare codici contenenti particolari link che permettono accedere alla versione wikipedia mobile una data voce puntando automaticamente alla pagina nella stessa lingua del dispositivo uso,Italian
sono disponibili inoltre applicazioni dedicate per vari dispositivi mobili esempio wikipedia mobile per iphone wikipedia mobile per android,Italian
atteggiamento dell accademico medio verso principale strumento consultazione della nostra epoca particolare dei nostri studenti conferma conclusioni cui eravamo già arrivati,Italian
egli quasi sempre consulta wikipedia non per propria scelta perché motori ricerca dirigono automaticamente sue voci non prende considerazione possibilità contribuirvi per tre motivi principali perché ritiene livello troppo basso nel proprio settore specialistico perché ritiene stesso troppo incompetente qualsiasi altro settore perché non tempo perdere lavori che non assicurano compensi economici titoli utili alla carriera reputazione wikipedia quale mezzo consultazione soggetta discussioni opposti orientamenti una parte elogiata per sua libera distribuzione libera compilazione ampia gamma argomenti trattati dall altra criticata per presunti pregiudizi sistemici secondo cui vengono privilegiate voci interesse dei singoli contributori indipendentemente dalla loro oggettiva importanza lacune alcuni argomenti mancanza responsabilità autorità rapporto enciclopedie tradizionali,Italian
anche concetto enciclopedia wikipedia oggetto dibattito maggior ragione quando essa incrementato sua importanza,Italian
critiche più frequenti riguardano una mancanza affidabilità conoscenza autorevolezza,Italian
critica più forte riguarda affidabilità terminus contenuti fermo restando natura work progress dell opera ovvero continuum tendenza miglioramento nel tempo terminus completezza affidabilità dei contenuti riguardo uno studio della rivista nature del 2008 che messo confronto versione inglese wikipedia con famosa enciclopedia britannica evidenziato una differenza minimum terminus errori tra due errori medium per ciascuna voce wikipedia per britannica,Italian
addetti lavori del mondo cartaceo bibliotecari accademici redattori editori enciclopedie classiche considerano invece wikipedia scarsa nulla utilità quale mezzo consultazione,Italian
per contro altri ritengono wikipedia qualità sufficiente almeno alcune aree questo sostenuti dal fatto che essa vinto test comparativo proposto rivista tedesca informatica,Italian
molti degli elogi sono attribuiti per fatto essere sia contenuto libero sia aperta modifiche chiunque,Italian
redattori stessi wikipedia sono stati piuttosto attivi nel valutare sia positivamente sia negativamente enciclopedia,Italian
una forte critica nel 2007 viene robert cailliau uno degli ideatori del web che affermato che wikipedia rappresenta proprio ciò che non volevamo che diventasse web questo perché wikipedia concentra solo luogo gran numero informazioni invece nelle menti degli ideatori era una struttura rete cui parte tecnica anche informazioni fossero distribuite equamente sui suoi nodi modo che venisse mancare uno questi nodi non formasse una voragine informazione,Italian
fatto wikipedia funziona molto efficacemente come aggregatore informazioni notizie provenienti numerose fonti primarie cartacee web fronte enorme numero informazioni disperse nel web cresciute con web stesso stimolando allo stesso tempo condivisione del sapere rete senso responsabilità,Italian
allo stesso tempo difensori fruitori esaltano portabilità rispetto enciclopedie cartacee ovvero disponibilità portata click,Italian
per questo wikipedia stata usata dai medium membri della comunità accademica altri come fonte informativa principale secondaria,Italian
alcuni organi informazione hanno citato voci wikipedia come fonte hanno segnalate tra informazioni aggiuntive disponibili sul web alcuni casi modo reiterato,Italian
secondo gli elenchi tenuti dai contributori wikipedia sue voci sono state citate con maggiore frequenza nei medium contenuto informativo più raramente anche studi accademici libri conferenze aule giudiziarie,Italian
esempio sito del parlamento del canada cita voce inglese wikipedia sui matrimoni gay tra letture consigliate riguardo proprio progetto legge,Italian
alcuni utenti mantengono liste incomplete dei casi cui wikipedia stata citata come fonte,Italian
critici sostengono che accesso scrittura chiunque renda wikipedia prodotto inaffidabile,Italian
wikipedia non contiene alcun processo formale sistematico revisione dunque controllo dei fatti gli stessi contributori potrebbero non essere esperti negli argomenti cui scrivono,Italian
bibliotecario consulente per internet philip bradley dichiarò nel 2004 britannico guardian non avere intenzione utilizzare wikipedia non essere conoscenza solo bibliotecario che farebbe,Italian
problema principale mancanza autorevolezza,Italian
per pubblicazioni stampate gli editori devono garantire che loro dati siano attendibili quanto loro sostentamento dipende ciò,Italian
con qualcosa come questo tutto ciò perde significato,Italian
analogamente direttore responsabile dell encyclopædia britannica ted pappa disse guardian presupposto wikipedia che continuo miglioramento porterà alla perfezione,Italian
tale presupposto non assolutamente dimostrato,Italian
nel discutere wikipedia come fonte accademica danah boyd ricercatrice presso school information management system sims dell università della california berkeley scrisse nel 2005 che non sarà mai enciclopedia conterrà una vasta conoscenza piuttosto valida per diversi scopi,Italian
alcuni articoli accademici sottoposti revisione paritaria come quelli pubblicati sulla rivista scientifica science hanno riportato dei riferimenti voci wikipedia,Italian
atteggiamento del mondo scientifico verso wikimedia come strumento consultazione non stato solo negativo,Italian
voci wikipedia sono state citate nelle enhanced perspective abstract delle più recenti entusiasmanti ricerche scientifiche disponibili line sul sito science,Italian
primo talus abstract avere link wikipedia white collar protein sens blue light linden 2002 allora altre seguirono,Italian
talus collegamenti tuttavia sono proposti lettore solo come letture supplementari non come fonti usate dall autore dell articolo enhanced perspective non sono pensate per servire esse stesse materiale riferimento,Italian
articolo del 2004 faith based encyclopedia enciclopedia basata sulla fiducia direttore della britannica robert mchenry criticò approccio wiki sostenendo che per quanto vicina qualche momento della sua vita raggiungimento della credibilità una voce wikipedia sempre aperta qualche ficcanaso poco informato semi acculturato utente che visita wikipedia per apprendere qualche argomento per confermare qualche dato fatto piuttosto nella posizione dell avventore bagno pubblico,Italian
potrebbe essere palesemente sporco così che egli dover fare molta attenzione potrebbe sembrare discretamente pulito così che egli potrebbe farsi cullare dal falso senso sicurezza,Italian
ciò che certamente non può sapere chi usato servizi prima,Italian
per rispondere tale critica sono stati proposti metodi per indicare origine del materiale nelle voci wikipedia,Italian
idea fornire una provenienza della fonte ciascun intervallo del testo una voce una provenienza temporale per indicarne annata,Italian
questo modo lettore può conoscere chi usato servizi prima quanto tempo comunità impiegato per elaborare giudicare informazioni contenute una voce allo scopo fornire una calibratura sul senso sicurezza,Italian
comunque queste proposte riguardanti provenienza sono abbastanza controverse,Italian
uno degli ideatori del progetto larry sanger criticò wikipedia nel 2004 per sua supposta filosofia anti elitaria attivo disprezzo per competenza,Italian
processo redazione wikipedia presuppone che esposizione una voce molti utenti conduca con tempo per accuratezza,Italian
facendo riferimento alla legge linus sullo sviluppo open source sanger aveva passato sostenuto che dati sufficienti occhi tutti gli errori sono superficiali,Italian
jōichi itō personaggio spicco del mondo tecnologico poi scritto proposito dell autorità wikipedia che sebbene dipenda dall argomento interrogativo qualcosa sia con tutta probabilità vera quando provenga una fonte cui curriculum suoni autorevole oppure una fonte che sia stata esaminata centinaia migliaia persone con capacità commentare sia sopravvissuta,Italian
contrario test informale sulla capacità wikipedia individuare informazioni errate autore sottolineò che processo usato wikipedia non realmente meccanismo grado verificare fatti tanto quanto sarebbe meccanismo voto che materiale che non apparisse apertamente falso verrebbe accettato come vero,Italian
wikipedia stata accusata insufficienza nella conoscenza causa della sua natura volontaria riflettere pregiudizi sistemici dei suoi collaboratori,Italian
redattore capo della britannica dale hoiberg commentato che persone scrivono cose quali sono interessate perciò molti argomenti non vengono coperti notizie attualità sono trattate con molto dettaglio,Italian
nell edizione inglese wikipedia voce sull uragano france lunga cinque volta quella sull arte cinese voce sulla soap opera coronation street lunga doppio quella sul primo ministro inglese tony blair redattore capo nupedia larry sanger affermò nel 2004 che quando tratta argomenti relativamente specializzati fuori degli interessi molti dei collaboratori credibilità del progetto molto irregolare,Italian
wikipedia stata elogiata poiché come wiki permette voci essere aggiornate create risposta avvenimenti attualità,Italian
per esempio voce sul maremoto dell oceano indiano nella sua edizione inglese venne citata spesso dalla stampa poco dopo episodio,Italian
suoi redattori hanno anche affermato che wikipedia come sito web capace includere voci più ampio numero argomenti quanto potrebbe fare enciclopedia stampata,Italian
rivista informatica tedesca nell ottobre 2004 fatto confronto tra enciclopedie brockhaus premium microsoft encarta wikipedia,Italian
degli esperti hanno valutato voci varie discipline,Italian
nel punteggio complessivo wikipedia ottenuto punti brockhaus premium microsoft encarta,Italian
analisi sulle enciclopedie online professori della indiana university emigh herring hanno poi sostenuto che wikipedia apporta miglioramenti tradizionali fonti informazione specialmente per aree cui forte come tecnologia avvenimenti attualità,Italian
alla fine del 2005 sorta una controversia dopo che giornalista john seigenthaler aveva notato come sua biografia fosse stata vandalizzata inserendo informazioni false,Italian
ciò portato alla decisione restringere nell edizione wikipedia inglese possibilità creare nuove voci solo utenti registrati,Italian
rivista scientifica nature nel 2005 riportava anche risposta caso seigenthaler risultati uno studio comparato secondo cui voci scientifiche wikipedia erano comparabili accuratezza quelle presenti nell enciclopedia britannica sull edizione inglese wikipedia furono riscontrati una medium errori per voce contro della britannica,Italian
ricerca nature fece notevole scalpore nei medium dai quali stata spesso citata come dimostrazione dell efficacia dei progetti basati sul crowdsourcing,Italian
secondo nuovo studio condotto nel 2012 dalla società epic alcuni ricercatori dell università oxford wikipedia divenuta più precisa documentata aggiornata rispetto alla britannica,Italian
tra dicembre 2005 gennaio 2006 edizione lingua italiana wikipedia stata sottoposta esperimento parte del settimanale espresso che inserito volutamente quattro errori altrettante voci dell enciclopedia álvaro recoba ugo foscolo giovanni spadolini georg hegel una voce del tutto inventata inesistente poeta nome carlo zamolli,Italian
voce álvaro recoba stata corretta poco più os,Italian
voce georg hegel stata corretta dopo dieci giorni,Italian
altre due voci contenenti gli inserimenti errati voce inventata sono state corrette solo dopo uscita del settimanale nelle edicole,Italian
come ulteriore esempio una voce intitolata elia spallanzani del tutto inventata inserita gennaio 2005 non stata corretta fino maggio 2006 nel corso della procedura cancellazione voce stata modificata modo chiarire che trattava una biografia immaginaria,Italian
nel suo pamphlet sulla specializzazione frammentazione disgregazione del sapere lucio russo conclude non facile prevedere esito dell esperimento sociologico culturale massa wikipedia credo che ogni caso questo tentativo ricostruire dal basso uno strumento condivisibile conoscenza quale stanno partecipando milioni volontari tutto mondo costituisca esperienza cui non potrà prescindere futuro autorizza qualche timida speranza wikipedia vinto due premi importanti nel maggio 2004 primo stato golden nica per comunità digitali interno del prix ar electronica linz austria cui annualmente sono consegnati premi nel campo dell arte elettronica interattiva dell animazione computer della cultura digitale della musica,Italian
questo premio accompagnato finanziamento 000 euro invito presenziare pae cyberart festival quell anno,Italian
secondo stato webby award premio annuale per migliori siti web proposto dalla giuria per categoria comunità,Italian
wikipedia anche stata nominata per premio della categoria migliori attività,Italian
nel settembre 2004 edizione giapponese wikipedia ottenuto premio per creazione web dalla associazione inserzionisti del giappone,Italian
questo premio normalmente consegnato singole persone che sono distinte per loro contributo web giapponese stato ritirato collaboratore lunga data per conto del progetto,Italian
wikipedia ricevuto plausi fonti giornalistiche quali bbc news usa today economist newsweek businessweek chicago sun time time magazine wired magazine,Italian
dicembre 2005 wikipedia italiano ricevuto due premi nell ambito del premio www 2005 organizzato sole ore nell edizione 2007 dello stesso premio aggiudica categoria portali siti informazione community,Italian
nel 2009 lancio wikipedia avvenuto nel 2001 stato inserito webby award nei momenti più importanti per internet nell ultimo decennio 2000 2009,Italian
wikipedia riconosciuta dal guinness world record guinness dei primati come più grande enciclopedia online come più grande enciclopedia assoluto,Italian
altri progetti apprendimento automatico nella letteratura lingua anglosassone machine learning una branca dell intelligenza artificiale che raccoglie metodi sviluppati negli ultimi decenni del secolo varie comunità scientifiche sotto diversi nomi quali statistica computazionale riconoscimento pattern reti neurali artificiali filtraggio adattivo teoria dei sistemi dinamici elaborazione delle immagini data mining algoritmi adattivi ecc che utilizza metodi statistici per migliorare performance algoritmo nell identificare pattern nei dati,Italian
nell ambito dell informatica apprendimento automatico una variante alla programmazione tradizionale nella quale una macchina predispone abilità apprendere qualcosa dai dati maniera autonoma senza istruzioni esplicite,Italian
arthur samuel che coniò termine nel 1959 linea principio identifica due approcci distinti,Italian
primo metodo indicato come rete neurale sviluppa macchine apprendimento automatico per impiego generale cui comportamento appreso una rete commutazione connessa casualmente seguito una routine apprendimento basata ricompensa punizione apprendimento per rinforzo,Italian
secondo metodo più specifico consiste nel riprodurre equivalente una rete altamente organizzata progettata per imparare solo attività specifiche,Italian
seconda procedura che necessita supervisione richiede riprogrammazione per ogni nuova applicazione molto più efficiente dal punto vista computazionale,Italian
apprendimento automatico strettamente legato riconoscimento pattern alla teoria computazionale dell apprendimento esplora studio costruzione algoritmi che possano apprendere insieme dati fare delle predizioni questi costruendo modo induttivo modello basato dei campioni,Italian
apprendimento automatico viene impiegato quei campi dell informatica nei quali progettare programmare algoritmi espliciti impraticabile tra possibili applicazioni citiamo filtraggio delle email per evitare spam individuazione intrusioni una rete intrusi che cercano violare dati riconoscimento ottico dei caratteri motori ricerca visione artificiale,Italian
apprendimento automatico collegato spesso sovrappone alla statistica computazionale che occupa dell elaborazione predizioni tramite uso computer,Italian
apprendimento automatico anche fortemente legato ottimizzazione matematica che fornisce metodi teorie domini applicazione questo campo,Italian
per usi commerciali apprendimento automatico conosciuto come analisi predittiva,Italian
apprendimento automatico sviluppa con studio dell intelligenza artificiale strettamente collegato infatti già dai primo tentativi definire intelligenza artificiale come disciplina accademica alcuni ricercatori erano mostrati interessati alla possibilità che macchine imparassero dai dati,Italian
questi ricercatori particolare marvin minsky arthur samuel frank rosenblatt provarono avvicinarsi problema sia attraverso vari metodi formali sia con quelle che vengono definite reti neurali nei tardi anni,Italian
reti neurali erano allora costituite singoli percettroni modelli matematici derivati dal modello lineare generalizzato della statistica come adaline widrow,Italian
provò sfruttare anche ragionamenti probabilistici particolare nelle diagnosi mediche automatiche,Italian
sempre negli anni alan turing propose idea una macchina che apprende ovvero grado imparare dunque diventare intelligente,Italian
proposta specifica turing anticipa gli algoritmi genetici,Italian
tuttavia già dalla metà degli anni studio dell intelligenza artificiale stava concentrando approcci logici tipo knowledge based nota oggi sotto nome gofai causando distacco tra studio dell quello dell apprendimento automatico,Italian
sistemi tipo probabilistico erano invasi problemi sia teoretici sia pratici terminus acquisizione rappresentazione dei dati,Italian
negli anni ottanta sistemi esperti dominavano campo dell sistemi basati sulla statistica non venivano più studiati,Italian
studio dell apprendimento simbolico knowledge based continuò nell ambito dell portando sviluppare programmazione logica induttiva os ricerca più prettamente statistica svolgeva fuori del campo vero proprio dell intelligenza artificiale nel riconoscimento pattern nell information retrieval,Italian
altro motivo per cui studio dell apprendimento automatico abbandonato pubblicazione del libro perceptrons introduction computational geometry marvin minsky seymour papert che descrivevano alcune delle limitazioni dei percettroni delle reti neurali,Italian
ricerca sulle reti neurali subì significativo rallentamento causa dell interpretazione del libro che descriveva come intrinsecamente limitate,Italian
anche linea ricerca sulle reti neurali continuò fuori del campo dell portata avanti ricercatori provenienti altre discipline quali hopfield rumelhart hinton fukushima,Italian
loro successo principale metà degli anni con riscoperta della backpropagation della self organization,Italian
apprendimento automatico sviluppatosi come campo studi separato dall classica cominciò rifiorire negli anni,Italian
suo obiettivo cambiò dall ottenere intelligenza artificiale affrontare problemi risolvibili natura pratica,Italian
distolse inoltre propria attenzione dagli approcci simbolici che aveva ereditato dall diresse verso metodi modelli presi prestito dalla statistica dalla teoria della probabilità,Italian
apprendimento automatico inoltre beneficiato dalla nascita internet che reso informazione digitale più facilmente reperibile distribuibile,Italian
tom mitchell fornito definizione più citata apprendimento automatico nel suo libro machine learning dice che programma apprende dall esperienza con riferimento alcune classi compiti con misurazione della performance sue performance nel compito come misurato migliorano con esperienza poche parole potrebbe semplificare dicendo che programma apprende miglioramento delle prestazioni dopo compito svolto,Italian
questa definizione mitchell rilevante poiché fornisce una definizione operativa dell apprendimento automatico invece che terminus cognitivi,Italian
fornendo questa definizione mitchell fatto segue proposta che alan turing fece nel suo articolo computing machinery intelligence sostituendo domanda macchine possono pensare,Italian
con domanda macchine possono fare quello che noi quanto entità pensanti possiamo fare,Italian
obiettivo principe dell apprendimento automatico che una macchina sia grado generalizzare dalla propria esperienza ossia che sia grado svolgere ragionamenti induttivi,Italian
questo contesto per generalizzazione intende abilità una macchina portare termine maniera accurata esempi compiti nuovi che non mai affrontato dopo aver fatto esperienza insieme dati apprendimento,Italian
gli esempi addestramento inglese chiamati training example assume provengano una qualche distribuzione probabilità generalmente sconosciuta considerata rappresentativa dello spazio delle occorrenze del fenomeno apprendere macchina compito costruire modello probabilistico generale dello spazio delle occorrenze maniera tale essere grado produrre previsioni sufficientemente accurate quando sottoposta nuovi casi,Italian
analisi computazionale degli algoritmi apprendimento automatico delle loro prestazioni una branca dell informatica teorica chiamata teoria dell apprendimento,Italian
dato che gli esempi addestramento sono insiemi finiti dati non modo sapere evoluzione futura modello teoria dell apprendimento non offre alcuna garanzia sulle prestazioni degli algoritmi,Italian
altro canto piuttosto comune che talus prestazioni siano vincolate limiti probabilistici,Italian
bias variance tradeoff uno dei modi quantificare errore generalizzazione,Italian
affinché generalizzazione offra migliori prestazioni possibili complessità dell ipotesi induttiva deve essere pari alla complessità della funzione sottostante dati,Italian
ipotesi meno complessa della funzione allora modello manifesta underfitting,Italian
quando complessità del modello viene aumentata risposta allora errore apprendimento diminuisce,Italian
contrario invece ipotesi troppo complessa allora modello manifesta overfitting generalizzazione sarà più scarsa,Italian
oltre limiti prestazioni teorici dell apprendimento studiano complessità temporale fattibilità dell apprendimento stesso,Italian
una computazione considerata fattibile può essere svolta tempo polinomiale,Italian
compiti dell apprendimento automatico vengono tipicamente classificati tre ampie categorie seconda della natura del segnale utilizzato per apprendimento del feedback disponibile sistema apprendimento,Italian
queste categorie anche dette paradigmi sono metà strada tra apprendimento supervisionato quello non supervisionato apprendimento semi supervisionato nel quale insegnante fornisce dataset incompleto per allenamento cioè insieme dati per allenamento tra quali sono dati senza rispettivo output desiderato,Italian
trasduzione caso speciale questo principio nel quale intero insieme delle istanze del problema noto durante apprendimento eccetto parte degli output desiderati che mancante,Italian
altra categorizzazione dei compiti dell apprendimento automatico rileva quando considera output desiderato del sistema apprendimento automatico,Italian
apprendimento automatico statistica sono discipline strettamente collegate,Italian
secondo michael jordan idee dell apprendimento automatico dai principi metodologici agli strumenti teorici sono stati sviluppati prima statistica,Italian
jordan anche suggerito termine data science come nome con cui chiamare intero campo studi,Italian
leo breiman distinto due paradigmi statistici modellazione modello basato sui dati modello basato sugli algoritmi dove modello basato sugli algoritmi indica approssimativamente algoritmi apprendimento automatico come foresta casuale,Italian
alcuni statistici hanno adottato metodi provenienti dall apprendimento automatico che portato alla creazione una disciplina combinata chiamata apprendimento statistico,Italian
apprendimento automatico viene volta unito data mining che focalizza maggiormente sull analisi esplorativa dei dati utilizza principalmente paradigma apprendimento chiamato apprendimento non supervisionato,Italian
invece apprendimento automatico può essere anche supervisionato,Italian
apprendimento automatico data mining infatti sovrappongono modo significativo mentre apprendimento automatico concentra sulla previsione basata proprietà note apprese dai dati data mining concentra sulla scoperta proprietà prima sconosciute nei dati,Italian
data mining sfrutta metodi dell apprendimento automatico con obiettivi differenti altro canto apprendimento automatico utilizza metodi data mining come metodi apprendimento non supervisionato come passi preprocessing per aumentare accuratezza dell apprendimento,Italian
gran parte della confusione tra due comunità ricerca scaturisce dall assunzione base del loro operato nell apprendimento automatico prestazioni sono generalmente valutate base abilità riprodurre conoscenza già acquisita mentre data mining compito chiave scoperta conoscenza che prima non aveva,Italian
apprendimento automatico legami molto stretti con ottimizzazione molti problemi apprendimento sono formulati come minimizzazione una qualche funzione costo insieme esempi apprendimento,Italian
funzione costo funzione perdita rappresenta discrepanza tra previsioni del modello che sta addestrando istanze del problema reale,Italian
differenze tra due campi apprendimento automatico ottimizzazione sorgono dall obiettivo della generalizzazione mentre gli algoritmi ottimizzazione possono minimizzare perdita insieme apprendimento apprendimento automatico preoccupa minimizzare perdita campioni mai visti dalla macchina,Italian
risoluzione automatica problemi avviene nel campo dell informatica due modi differenti tramite paradigmi hard computing tramite paradigmi soft computing,Italian
per hard computing intende risoluzione problema tramite esecuzione algoritmo ben definito decidibile,Italian
maggior parte dei paradigmi hard computing sono metodi ormai consolidati presentano alcuni lat negativi infatti richiedono sempre modello analitico preciso definibile spesso alto tempo computazione,Italian
tecniche soft computing altro canto antepongono guadagno nella comprensione del comportamento sistema scapito della precisione spesso non necessaria,Italian
paradigmi soft computing basano due principi apprendimento automatico avvale delle tecniche soft computing,Italian
programmazione logica induttiva anche ilp dall inglese inductive logic programming approccio apprendimento regole che usa programmazione logica come rappresentazione uniforme per gli esempi input per conoscenza base della macchina per ipotesi,Italian
data una codifica della nota conoscenza base insieme esempi rappresentati come fatti una base dati logica sistema ilp deriva programma logico ipotetico cui conseguono tutti gli esempi positivi nessuno quelli negativi,Italian
programmazione induttiva campo simile che considera ogni tipo linguaggio programmazione per rappresentare ipotesi invece che soltanto programmazione logica come esempio programmi funzionali,Italian
albero decisione metodo apprendimento per approssimazione una funzione obiettivo discreta cui elemento che apprende rappresentato albero decisione,Italian
gli alberi decisione possono essere rappresentati insieme regole else per migliorare leggibilità umana,Italian
apprendimento automatico basato regole associazione metodo apprendimento che identifica apprende evolve delle regole con intento immagazzinare manipolare applicare conoscenza,Italian
caratteristica principale questo tipo apprendimento identificazione utilizzo insieme regole relazionali che rappresenta nel suo insieme conoscenza catturata dal sistema,Italian
ciò pone controtendenza con altri tipi apprendimento automatico che normalmente identificano singolo modello che può essere applicato universalmente ogni istanza per riuscire fare essa una previsione,Italian
gli approcci dell apprendimento basato regole associazione includono sistema immunitario artificiale,Italian
una rete neurale artificiale sistema adattivo che cambium sua struttura basata informazioni esterne interne che scorrono attraverso rete durante fase apprendimento,Italian
terminus pratici reti neurali sono strutture non lineari dati statistici organizzate come strumenti modellazione,Italian
esse possono essere utilizzate per simulare relazioni complesse tra ingressi uscite che altre funzioni analitiche non riescono rappresentare,Italian
inoltre esse sono robuste agli errori presenti nel training data,Italian
gli algoritmi genetici forniscono approccio apprendimento che liberamente ispirato evoluzione simulata,Italian
ricerca una soluzione del problema inizia con una popolazione soluzioni iniziale,Italian
membri della popolazione attuale danno luogo una popolazione nuova generazione per mezzo operazioni quali mutazione casuale crossover che sono modellati sui processi evoluzione biologica,Italian
ogni passo soluzioni della popolazione attuale sono valutate rispetto una determinata misura fitness con ipotesi più adatte selezionate probabilisticamente come semi per produzione della prossima generazione,Italian
gli algoritmi genetici sono stati applicati con successo una varietà compiti apprendimento altri problemi ottimizzazione,Italian
esempio essi sono stati usati per imparare raccolte norme per controllo del robot per ottimizzare topologia dei parametri apprendimento per reti neurali artificiali,Italian
ragionamento bayesiano fornisce approccio probabilistico inferenza,Italian
esso basa sul presupposto che quantità interesse sono disciplinate distribuzioni probabilità che decisioni ottimali possono essere prese seguito dell analisi queste probabilità insieme dati osservati,Italian
nell ambito dell apprendimento automatico teoria bayesiana importante perché fornisce approccio quantitativo per valutare prove sostegno dell ipotesi alternativa,Italian
ragionamento bayesiano fornisce base per apprendimento negli algoritmi che manipolano direttamente probabilità,Italian
macchine vettori supporto support vector machine svm sono insieme metodi apprendimento supervisionato usati per classificazione regressione pattern,Italian
dato insieme esempi addestramento ciascuno contrassegnato come appartenente due possibili categorie algoritmo addestramento svm costruisce modello grado prevedere quale categoria deve appartenere nuovo esempio input,Italian
discesa dei prezzi per hardware sviluppo gpu per uso personale negli ultimi anni hanno contribuito allo sviluppo del concetto apprendimento profondo che consiste nello sviluppare livelli nascosti multipli nelle reti neurali artificiali,Italian
questo approccio tenta modellizzare modo cui cervello umano processa luce suoni interpreta vista udito,Italian
alcune delle applicazioni più affermate dell apprendimento profondo sono visione artificiale riconoscimento vocale,Italian
cluster analisi clustering grado rilevare similarità strutturali tra osservazioni dataset attraverso assegnazione insieme osservazioni sottogruppi cluster elementi tra loro omogenei,Italian
clustering metodo apprendimento non supervisionato una tecnica comune per analisi statistica dei dati,Italian
tutti sistemi riconoscimento vocale maggior successo utilizzano metodi apprendimento automatico,Italian
esempio sphinxsystem impara strategie altoparlanti specifici per riconoscere suoni primitivi fonemi parole del segnale vocale osservato,Italian
metodi apprendimento basati reti neurali modelli markov nascosti sono efficaci per personalizzazione automatica vocabolari caratteristiche del microfono rumore fondo ecc,Italian
metodi apprendimento automatico sono stati usati per addestrare veicoli controllati computer,Italian
esempio sistema alvinn usato sue strategie per imparare guidare senza assistenza miglia os per miglia strade pubbliche tra altre auto,Italian
con tecniche simili sono possibili applicazioni molti problemi controllo basato sensori,Italian
metodi apprendimento automatico sono stati applicati una varietà banche dati grandi dimensioni per imparare regolarità generali implicite nei dati,Italian
esempio algoritmi apprendimento basati alberi decisione sono stati usati dalla nasa per classificare oggetti celesti partire dal secondo palomar observatory sky survey,Italian
questo sistema oggi utilizzato per classificare automaticamente tutti gli oggetti nel sky survey che compone tre terabyte dati immagine,Italian
programmi per computer maggior successo per gioco del backgammon sono basati algoritmi apprendimento,Italian
esempio miglior programma computer mondo per backgammon gammon sviluppato sua strategia giocando oltre milione partite prova contro stesso,Italian
tecniche simili hanno applicazioni molti problemi pratici cui gli spazi ricerca molto rilevanti devono essere esaminati modo efficiente,Italian
apprendimento automatico solleva numero problematiche etiche,Italian
sistemi addestrati con insiemi dati faziosi pregiudizievoli possono esibire questi pregiudizi quando vengono interpellati questo modo possono essere digitalizzati pregiudizi culturali quali razzismo istituzionale classismo,Italian
conseguenza raccolta responsabile dei dati può diventare aspetto critico dell apprendimento automatico,Italian
ragione dell innata ambiguità dei linguaggi naturali macchine addestrate corpi linguistici necessariamente apprenderanno questa ambiguità,Italian
altri progetti stiamo tutti cercando modi rapidi per diventare più fluenti inglese capisco quello che succede che sono solo poche parole che circondano nostro cervello abbiamo bisogno rendere intera conversazione usando semplicemente fantastico fantastico epico quindi che dici noi impara alcune nuove parole inglesi intelligenti che puoi usare nella tua vita quotidiana migliora tuo vocabolario pochi minuti,Italian
quindi oggi impareremo nuove parole intelligenti loro significati parole base frasi esempio quindi andiamo avanti ehi tutti questo state guardando,Italian
questo video darò parole intelligenti per uso quotidiano alla fine questo video,Italian
darò anche consiglio intelligente per suonare numero parole intelligenti davvero fluente,Italian
uno sommerso palude significa annegamento inondazione palude spesso usato nel contesto del lavoro come sono sommerso dal lavoro troppo lavoro fare sono stato sommerso dal lavoro per tutta settimana avuto malapena tempo respirare os diamo occhiata alla radice questa parola,Italian
palude pezzo zona umida qualcuno cammina nel posto sbagliato una palude potrebbe facilmente annegare forma verbale palude significa affondare quindi ecco come puoi usare questa parola,Italian
diciamo che hai molti incarichi hai test arrivo tuoi amici vengono dicono,Italian
hey perché non esci con noi puoi dire loro che dispiace sono sommerso dal lavoro sono sommerso alcune altre parole che puoi usare posto sommerso troppo fare,Italian
sono troppe cose nel mio piatto che sto affogando nel lavoro,Italian
sono sommerso incarichi parola intelligente numero due catch os sono sicuro che sentito questa parola prima catch significa una situazione impossibile cui non puoi fare una cosa meno che non abbia fatto altra non puoi fare altra perché non hai fatto prima,Italian
confuso quindi lascia che faccia alcuni esempi una situazione cattura quando non ottieni lavoro senza avere esperienza lavorativa,Italian
non puoi fare esperienza finché non ottieni lavoro catch stato coniato joseph heller nel suo famoso libro con stesso nome catch quando descriveva alcune regole contraddittorie che erano applicabili soldati durante seconda guerra mondiale,Italian
altro esempio catch che hai bisogno prestito bancario perché non hai abbastanza,Italian
soldi non otterresti quel prestito bancario meno che non provi alla banca che hai abbastanza soldi quindi prossima volta che sei bloccato una situazione difficile ricorda,Italian
per usare parola catch,Italian
ottieni questi sguardi ammirati dai tuoi amici altre parole che puoi usare posto catch sono paradosso dilemma parola intelligente,Italian
numero tre soave soave soave significa essere sofisticato per essere educato bilico cool,Italian
ben educato parola suave diverse origini origine molto interessante della parola che significa esempio degustazione piacevole dolce,Italian
così equilibrato soave soprattutto fronte signore barack obama così gentile raffinato os ricorda quando sei una festa prossima volta vedi questa persona che così,Italian
educato colto sofisticato,Italian
non dimenticare dire ehi chi quel ragazzo soave fuori nell angolo che usa questa parola renderà immediatamente tuo vocabolario,Italian
molto soave così intelligente parola numero quattro atroce atroce parola atroce significa qualcosa veramente brutto orribile terribile crudele spaventoso offensivo atroce una radice latina chiamata che significa paura crudele terribile alcuni esempi della parola atroce sono recenti episodi stupro delhi sono stati atroci vengono curati prigionieri,Italian
modo atroce volta nelle carceri atroce usato anche nella vita tutti giorni per parlare qualche malefatta comune vuole esagerare,Italian
per esempio sue maniere tavola erano atroci suo senso dell abbigliamento così atroce sua grammatica atroce,Italian
quindi prossima volta che sentirai parlare atto orribile telegiornale ricordati farlo,Italian
osserva che questo atto atroce parola intelligente numero stupenda stupenda stupenda significa stupefacente stupefacente,Italian
os usiamo spesso parola fantastico altra parola che puoi usare posto fantastico stupendo per esempio oggi ottenuto punteggio stupendo nel mio test che significa che ottenuto punteggio molto alto ottenuto punteggio quasi perfetto parola stupendo radici latine classiche dalla parola che significa,Italian
essere sbalordito così stupendo usato per descrivere qualcosa che straordinariamente buono per esempio lei sembra stupenda con quel vestito che vista stupenda questo balcone sto leggendo questo libro stupendo che non riesco mettere giù vai raccontare,Italian
tuoi amici che questo stupendo canale per studenti alcune altre parole che puoi usare invece stupendi sono incredibilmente fantastici eccezionalmente bravi quindi prima continuare con cinque parole equilibrate questo video ricordati mettere commento sotto questo video,Italian
per dirmi quale queste dieci parole era tua parola intelligente preferita numero sei una soluzione una soluzione significa essere una situazione problematica per esempio ragazzo sono una situazione perché fatto piani con due amici diversi per questo,Italian
perso telefono sono difficoltà nostro autobus rotto stamattina sono difficoltà mio amico rivolge sempre per chiedere aiuto quando difficoltà quando bene dimentica,Italian
così prossima volta che prendi compiti matematica scuola esempio hai lasciato tuo libro matematica scuola puoi dire tuoi amici che sei vero problema os potresti pensare che parola aggiustare abbia qualcosa fare con riparazione qualcosa,Italian
una soluzione significa essere una situazione problematica altre parole che puoi usare invece che una correzione sono sono una zuppa sono pasticcio sono punto fastidio semplicemente sono posto parola intelligente numero flummox flummox significa confondere qualcuno,Italian
così tanto che dimenticano cosa fare os confuso tende essere una parola abusata quindi invece quello perché non usi flummox esempio ragazzo sembrava completamente sconcertato quando insegnante gli faceva una domanda classe cane era sconcertato guardando proprio riflesso nello specchio turista era sconcertato dalle diverse usanze che,Italian
incontrato durante suoi viaggi colloquio quando stato chiesto perché dovremmo assumerti sembrava completamente sconcertata quindi prossima volta confondi qualsiasi domanda esempio esame allora,Italian
posso sempre dirlo perché non avevo sono stato preparato molto bene per esame sono rimasto sconcertato alcune delle domande altre parole che puoi usare invece sconcertato sono perplesso perplesso perplesso parola intelligente numero otto rendezvous rendezvous rendezvous,Italian
modo molto francese dire appuntamento appuntamento esempio appuntamento con miei amici pranzo sabato intenzione incontrarmi con miei amici centro commerciale per film rendezvous può essere usato sia come sostantivo che come verbo per esempio,Italian
appuntamento con miei amici stasera domani incontrerò con miei amici,Italian
francia rendezvous precedente era usato dall esercito per indicare luogo incontro per truppe os qualcosa leggermente eccitante segreto nella parola rendezvous anche adesso quindi puoi usare rendezvous per qualsiasi riunione,Italian
generale vinto non molto appropriato per incontro ufficiale quindi hai appuntamento forse puoi sicuramente dire che una parola intelligente rendezvous numero ottuso ottuso ottuso insulto che useresti quando stai cercando chiamare qualcuno stupido non intelligente,Italian
ottuso os hai sentito parola ottuso geometria angolo ottuso angolo acuto quindi angolo ottuso angolo maggiore gradi inferiore 180 gradi,Italian
angolo acuto questo angolo acuto inferiore gradi così acuto come una parola usata per denotare acuto quindi anche mentalmente acuto ottuso denota smussato quindi anche lento nella mente quindi frasi esempio con ottuso sono uomo era così ottuso che dato via sua password falso chiamante bambino ottuso,Italian
non era grado,Italian
per rispondere una singola domanda sul test uomo ottuso avuto difficoltà capire anche istruzioni base os supponiamo che nella tua situazione nella vita quotidiana tuo ragazzo tua ragazza sia arrabbiato con non sai perché così puoi,Italian
loro che forse sono ottuso non perché sei così arrabbiato parola intelligente numero pigro pigro significa pigro per muoversi modo lento per essere più lento,Italian
del solito sembrare stanco mancante,Italian
nell esempio energetico pranzo pesante rende molto pigro nel pomeriggio radici dalla parola che significa una persona lenta una lumaca animale che muove molto lentamente come una lumaca esempi,Italian
economia stata molto fiacca quest anno partita ripresa dopo inizio fiacco,Italian
gli affari sono stati lenti questo trimestre puoi usarli nella tua vita quotidiana sent molto stanco giorno puoi dirlo tua madre puoi dirlo,Italian
tuoi amici sento molto pigro,Italian
oggi potrei fare con una bevanda energetica altre parole che puoi usare posto pigro potrebbero essere letargiche trascinare miei piedi quindi quelle erano parole intelligenti prima,Italian
quel consiglio segreto per sembrare molto fluente voglio ricordarti che nel caso stia cercando parole intelligenti usare una telefonata sto inserendo collegamento video,Italian
giù nella casella della descrizione per questo os consiglio segreto consiglio segreto per sembrare fluente usare non più una parola frase intelligente che conosco volta,Italian
emozioniamo molto perché,Italian
noi imparato sacco queste parole intelligenti tendiamo racchiuderne due tre quattro una frase che non suona naturale,Italian
quindi uno alla volta assicurati pronunciare parola nel modo giusto vai google digita parola nella ricerca alto vedrai una piccola icona altoparlante fare clic quell altoparlante,Italian
ascolta pronuncia una due volta,Italian
sei pronto per partire questo video piaciuto non dimenticare darci pollice con commento,Italian
per sotto dicendomi quale queste parole qual tua preferita anche,Italian
non hai già premuto pulsante iscrizione icona della campana accanto esso buona visione,Italian
ehi ragazzi benvenuti nel mio canale questo video,Italian
darò migliori frasi inglesi che puoi usare nella tua vita quotidiana,Italian
quindi stai per intraprendere tuo viaggio,Italian
paese lingua inglese puoi usarlo totalmente,Italian
frasi stai imparando inglese vuoi riprendere apprendimento,Italian
questo miglior video con cui iniziare quindi andiamo frasi inglese minuti spera,Italian
frase numero uno questo altro modo per chiedere,Italian
come,Italian
come,Italian
come,Italian
quindi incontri qualcuno tempo come,Italian
frase numero due quando non vedi qualcuno gli dici molto tempo non vederla quindi significa che non hai visto questa persona forse settimane mesi molto tempo frase non vediamo,Italian
tre vuoi chiederti cosa stavi facendo,Italian
chiedi cosa stavi facendo quindi cosa stava succedendo nella tua vita,Italian
cosa hai fatto per crescerli prima tutto sta andando,Italian
beh puoi semplicemente rispondere non puoi lamentarti tutto davvero fantastico,Italian
non puoi lamentarti della prossima frase che qualcuno dice qualcosa non hai davvero menzionato nella conversazione come qualche modo immaginassero che hai nuovo lavoro glielo chiedi,Italian
come fai sapere,Italian
dove hai preso notizie come come fai,Italian
sappi che qualcuno racconta una bella barzelletta puoi dire che buona,Italian
grande scherzo quindi frase buona,Italian
vuoi ringraziare qualcuno puoi dire che molto gentile parte tua grazie mille per averlo fatto molto gentile parte tua molto gentile parte tua qualcuno,Italian
stava cercando aiutarti non riuscito raggiungere risultato che puoi dire,Italian
grazie comunque non importa grazie comunque,Italian
grazie per impegno,Italian
grazie comunque altra frase che uso nella mia email volta quando non chiesto una persona,Italian
chiedo poi dico alla fine,Italian
grazie anticipo che significa che spero davvero che farai,Italian
fallo ringraziandoti anticipo,Italian
grazie anticipo qualcuno commesso errore davvero arrabbiato,Italian
puoi solo dire niente preoccupazioni,Italian
non preoccuparti non preoccuparti che significa che non preoccuparti,Italian
bene,Italian
non preoccuparti immagina essere tornato casa sono tutti tuoi amici seduti sul tuo divano,Italian
sei come quello che sta succedendo come quello che fai,Italian
cosa succede non hai notato qualcosa non capito persona cui puoi sempre chiedere capito bene,Italian
poi vai avanti spiega dove sei capito bene,Italian
chiedi qualcuno non essere arrabbiato non piangere puoi dire non prenderlo cuore,Italian
non prenderlo cuore come sul serio non essere così arrabbiato non prenderlo cuore,Italian
altro modo per chiedere non hai colto una parte una frase puoi dire che non colto ultima parola,Italian
dispiace,Italian
puoi ripeterlo perché non colto ultima parola vuole che qualcuno ripeta nuovo intera frase,Italian
puoi chiedere scusa,Italian
non stavo ascoltando perché forse eri occupato,Italian
forse stavi parlando telefono qualcuno stava parlando con sei tipo,Italian
dio mio,Italian
scusa non stavo ascoltando,Italian
puoi ripeterlo,Italian
dispiace,Italian
non stavo ascoltando altra frase che uso sempre,Italian
non importa non preoccuparti fai cadere addosso tuo caffè,Italian
come non importasse,Italian
starò bene,Italian
vado comunque lavanderia,Italian
non importa vuoi augurare buona fortuna qualcuno,Italian
faccio sempre puoi dire dita incrociate incroci dita quel modo,Italian
dita incrociate,Italian
altra frase che gli americani usano male che spiega situazione che non hai ottenuto qualcosa poi ottieni effetto extra ottieni,Italian
sei come quello che spiega quello che spiega,Italian
altro modo per dire alla persona non essere arrabbiata che puoi dire che cose accadono come andasse bene,Italian
cose succedono non essere turbato non hai nome una persona con cui vuoi parlare,Italian
puoi chiedere scusa per disturbo che sai vedere,Italian
qualcuno impegnato puoi sempre chiedere scusa per disturbo poi puoi andare avanti chiedere,Italian
dispiace disturbarti,Italian
sei nel mezzo qualcosa qualcuno sta chiedendo qualcosa che puoi dire,Italian
sei nel bel mezzo qualcosa qualcuno qualcuno sta chiedendo fare qualcosa che dici dispiace,Italian
sarò con tra minuto sarò con dentro poi riprendi fare qualcosa dici dove eravamo,Italian
come quando siamo fermati dov eravamo devi ripeterlo perché qual suono con cui qualcuno sbaglia,Italian
quindi questo ottimo modo per esercitarsi dove eravamo nuovo sei nel mezzo una conversazione,Italian
non hai capito quello che diceva altra persona puoi dire che stavi dicendo con punto interrogativo,Italian
che significa che spinge persona ripetere ancora una volta,Italian
stavi dicendo,Italian
qualcuno lavoro dei suoi sogni qualunque cosa possa dire fortunato qualcuno entrato università dei suoi sogni come fortunato questo modo per congratularsi con persona fortunata semplicemente sottolineare che fortunato fortunato altro modo per dire che sei davvero arrabbiato dire che sono impazzito come fossi così arrabbiato che,Italian
impazzito super arrabbiato,Italian
questo quasi matto,Italian
dato matto altra frase che madrelingua usano buona per questo potrebbe essere sia positivo che negativo quando dici che sono stato promosso dicono bene per come congratulazioni volta dici come stessi lasciando questo posto,Italian
fanno bene sarebbe meglio senza questo significato negativo quindi ascolta davvero intonazione,Italian
qualcosa sorprende puoi anche dire che stai prendendo giro come mio dio,Italian
non posso credere che prendi giro per dire qualcuno sorridere per essere felice puoi sempre dire rallegrati rallegrati,Italian
vuoi che qualcuno suoni come stesse piangendo lamentandosi qualcosa che non sta succedendo puoi dire vieni puoi farlo,Italian
dai,Italian
puoi farlo puoi passare toefl puoi passare gmat prenderai dai,Italian
puoi farlo qualcuno sta facendo davvero bene puoi dire loro continuare buon lavoro continuare buon lavoro come essere bravo come sei continuare buon lavoro continuare essere altra frase colloquiale questo ciò che gli americani dire,Italian
acceso che significa che incredibile che molti americani abbiano detto california,Italian
acceso probabilmente hai sentito canzoni che acceso qualcuno successo dopo fallimenti quindi puoi dire eccoti detto che farai qualcuno chiede sei stanco vuoi dire che non sei stanco per niente posso dire non nah,Italian
voglio continuare non sono stanco non quando qualcuno chiede sei sicuro sei abbastanza sicuro poter dire che non spazio per quello,Italian
non spazio per dubbi america vuoi mandare sm qualcuno mandargli messaggio che dici testo testo quindi mando messaggio significa che manderò messaggio tramite whatsapp telegramma messenger qualsiasi cosa usando mandarti altro messaggio per rallegrare qualcuno dirgli non essere arrabbiato puoi dire che non vale pena come perché stai piangendo,Italian
non vale pena,Italian
sei molto meglio del problema cui piangi non vale tue lacrime,Italian
non vale pena personalmente amo frase rock che significa che sei fantastico,Italian
dio mio,Italian
sei forte,Italian
hai fatto lavoro straordinario,Italian
qualcuno non lavora molto bene vuoi che lavori più puoi dire che dovresti fare miglio più che significa che lavorare più dovresti fare miglio più,Italian
altro modo per dire stessa cosa che puoi dire intensifica tuo gioco come lavorare più lavorare meglio intensificare tuo gioco,Italian
qualcuno piange non vuole,Italian
affonda dici riprenditi come letteralmente prendi stesso rimettiti insieme smetti lavorare smetti piangere tirati hey calmati insieme altra frase che,Italian
amo hai venduto perché volta persone descrivono loro viaggio qualcuno che hanno comprato descrivono così bene,Italian
loro sono come volessi comprare stessa cosa dico loro che hai venduta hai venduto non comprerei bene hai venduto non sei interessato alla conversazione,Italian
sei come fossi seduto puoi dire che non frega niente così noioso non sono interessato,Italian
non potrebbe importare meno qualcuno sta chiedendo qualcosa questa una decisione davvero facile per come qualcuno dicesse prendere mio milione dollari dici che gioco ragazzi,Italian
prendo,Italian
questo gioco ragazzi significa che una decisione molto facile per hai fatto qualcosa sbagliato ammetti puoi dire che sbagliato ragazzi,Italian
,Italian
dispiace,Italian
sbagliato,Italian
questo mio errore,Italian
sbagliato sbagliato tutto vuoi che qualcuno lavori posto mio puoi dire,Italian
puoi coprirmi come puoi lavorare invece mentre sto vedendo mio amico,Italian
potete coprirmi os andare ragazzi meglio che vada che significa che dovrei già andare,Italian
sai,Italian
realtà sono proprio adesso,Italian
farei meglio dire addio altro modo,Italian
posso dire prenditi cura che significa prenditi cura stesso,Italian
dopo,Italian
stai attento,Italian
non che giorno sia quando guardi questo video venerdì esempio fine settimana,Italian
può dire grazie cielo venerdì pensare che cielo detto sabato weekend discovery,Italian
sono così felice che sia stato ragazzi frasi inglese fammi sapere stato utile mettendo piace questo video commentando seguito conosci altre frasi interessanti,Italian
sarebbe fantastico qualche parte fosse pulsante rosso,Italian
ciao benvenuto,Italian
questo video darò 100 frasi comuni molto utili che puoi usare nella conversazione,Italian
quando sent una frase esercitati dirla dopo,Italian
prova copiare esattamente mia pronuncia includendo tono voce che uso,Italian
bene iniziamo,Italian
saluti base come,Italian
come vanno cose,Italian
che cosa succede,Italian
piacere conoscerti,Italian
molto tempo che non vede,Italian
come sei stato,Italian
grazie mille,Italian
,Italian
non tanto,Italian
solito,Italian
devo andare,Italian
stato piacere incontrarti dopo,Italian
rimanere contatto,Italian
chiedere informazioni,Italian
potresti dirmi cosa significa questa parola,Italian
sapresti dov biblioteca,Italian
esitante,Italian
questa una bella domanda,Italian
fammi vedere,Italian
fammi pensare momento,Italian
chiedendo ripetizione,Italian
scusi,Italian
scusa non capito,Italian
dispiacerebbe ripeterlo,Italian
puoi parlare più lentamente per favore,Italian
dicendo non,Italian
temo non avere idea,Italian
non posso aiutarti dispiace,Italian
batte,Italian
opinioni,Italian
cosa pensi questo,Italian
qual tuo punto vista,Italian
penso che sia una buona idea,Italian
onestamente non credo che funzionerà,Italian
per quanto riguarda questo miglior ristorante della città,Italian
evitando una domanda,Italian
non opinione merito,Italian
permettimi tornare questo,Italian
non sono libero dirlo,Italian
essere accordo non essere accordo,Italian
non potrei essere più accordo,Italian
hai assolutamente ragione,Italian
sono accordo con 100,Italian
hai colpito chiodo sulla testa,Italian
non sono sicuro essere accordo,Italian
temo non essere accordo,Italian
penso che sbagli,Italian
interrompendo educatamente,Italian
scusa interrompo,Italian
posso fermarti per momento,Italian
dispiace salto,Italian
vai avanti,Italian
certo andare avanti,Italian
lasciami finire,Italian
resisti per momento,Italian
suggerimenti,Italian
che dici andiamo cinema,Italian
che dici avere una pizza per cena stasera,Italian
sarebbe grandioso,Italian
per bene,Italian
non sono sicuro,Italian
non credo proprio,Italian
progettando,Italian
cosa fai stasera,Italian
hai progetti per domani,Italian
sei libero sabato prossimo,Italian
vuoi fare qualcosa questo fine settimana,Italian
certo cosa hai mente,Italian
sono libero tutto weekend facciamo qualcosa,Italian
scusa già fatto dei progetti,Italian
sono impegnato domani,Italian
piacerebbe fare qualcosa non posso,Italian
autorizzazione,Italian
dispiace uso tuo cellulare,Italian
sarebbe prendessi giorno libero domani,Italian
per favore assicurati vai avanti,Italian
per niente,Italian
purtroppo devo dire,Italian
preferirei che non facessi,Italian
paura,Italian
facendo richieste,Italian
potresti passarmi sale per favore,Italian
dispiacerebbe prestarmi dei soldi,Italian
chiedevo potessi aiutarmi con questo,Italian
certo nessun problema,Italian
certo,Italian
sarei felice aiutarti,Italian
scusa adesso non posso,Italian
paura non poterlo fare,Italian
fare offerte,Italian
posso offrirti bicchiere acqua,Italian
che dici gelato,Italian
vuoi che dia passaggio casa,Italian
grazie,Italian
sarebbe grandioso grazie,Italian
sto bene grazie per offerta,Italian
sto bene grazie,Italian
ringraziare persone,Italian
grazie mille,Italian
applausi apprezzo davvero,Italian
molto gentile parte sua,Italian
non posso ringraziarti abbastanza,Italian
non niente,Italian
non parlarne,Italian
qualsiasi momento,Italian
piacere tutto mio,Italian
chiedendo qualcuno aspettare,Italian
puoi tenere momento per favore,Italian
aspetta secondo,Italian
abbi pazienza solo momento,Italian
starò bene con,Italian
scusandosi,Italian
dispiace davvero,Italian
per favore accetta mie scuse,Italian
non preoccupare,Italian
nessun problema,Italian
bene vuoi più lezioni frasi frasi comuni fammelo sapere nella sezione commenti sotto,Italian
inoltre piaciuto questo video dai pollice alto premendo pulsante piace ricordati iscriverti questo canale facendo clic sul pulsante iscrizione per ricevere mie ultime lezioni proprio youtube,Italian
felice apprendimento vediamo presto altra lezione,Italian
pane oro era una volta minuscolo villaggio viveva una donna nome marion,Italian
con sua unica figlia narcisa marion era estremamente umile dolce narcisa invece era completamente opposto vedi lei era bellissima oltre parole lei era come una vivente,Italian
bambola parte più divertente che amata non finire narcisa vorresti,Italian
aiutami cuocere pane nessun modo mamma farina cameriera tutti miei occhi luminosi scintillanti,Italian
narcisa aiuteresti piantare questi semi cosa perché dovrei farlo cosa tutto quello sporco sulle mie adorabili dita peggio andasse sulla faccia bene quello era problema con narcisa,Italian
pensava essere troppo grande per fare qualsiasi lavoro che molti pretendenti venissero chiedere mano del narciso matrimonio,Italian
visto che sua bellezza era conosciuta lungo largo respingeva tutti molto sgarbatamente perché ieri hai mandato via quegli uomini sembravano simpatici non puoi essere seria mamma una loro,Italian
aveva occhi così piccoli quasi come quelli uccello altro aveva naso enorme non avrei voluto stargli vicino,Italian
quando starnutito ultima fermata non voglio più sentire tutto quello che potevo vedere era che quegli uomini erano davvero gentili mia cara devi conoscere quella bellezza,Italian
non tutto ciò che devi capire madre merito qualcuno come principe cavaliere,Italian
cara una notte mentre dormiva sua madre sedeva suo fianco guardarla,Italian
mia cara bambina sei così bella adorabile non importa nient altro che della tua bellezza,Italian
quel momento narciso iniziò ridere nel sonno sua madre estremamente sorpresa quanto doveva essere bello fare sogno davvero divertente mattina dopo quando narciso,Italian
sono svegliato che lei era tutta sorrisi risatine tesoro dimmi cosa hai sognato,Italian
scorsa notte beh mamma stato sogno così incredibile sai che era questo principe che venuto,Italian
detto che voleva sposarmi era venuto una carrozza oro era vestito cima fondo anche oro che sogno stupido,Italian
sai parte migliore stata quando ero nel mio abito sposa che era anche oro ovviamente tutti fissavano solo narcisa non niente straordinario quel sogno,Italian
era sogno molto egoista mamma non sai cosa stai dicendo quel sogno fatto capire che bisogno cibo molto più grande del tipo che mangio casa pane oro,Italian
basti pensare quella povera madre narciso era così preoccupata per sua figlia come,Italian
avrebbe vissuto sua vita quel giorno cui due amiche andarono trovare madre narciso erano mellie terry loro tre erano amiche secoli terry ellie avevano segreto entrambe,Italian
erano esseri magici qualcosa cui madre narcisse non sapeva nulla terry melli così bello vederti passato molto tempo non come sei stato sono stato molto bravo sarei stato meglio solo solo solo mia figlia narcisa fosse stata più comprensiva marian detto mellie terry tutto narcisa come era preoccupata per lei vuole mangiare pane oro cosa faccio bene con lei forse suo sogno avvera,Italian
sarebbe meraviglioso non sarebbe bene non importa immagino che col tempo crescerà per imparare parliamo qualcos altro,Italian
os più tardi mellie terry salutarono loro vecchia amica andarono sorridendosi segretamente quella notte sia madre che figlia,Italian
sono preparata per andare letto mamma spero davvero che mio sogno avveri sai narcisa giorno dopo come narcisa sua madre erano fuori nel loro giardino bellissimo,Italian
carrozza oro arrivò cavallo loro era tempestata gemme diamanti sembrava estremamente sbalorditiva,Italian
quando fermò bell uomo uscì guardò narcisa lei completamente sorpresa quanto fosse bello mio sogno sta effettivamente avverando umm,Italian
che ciao sono venuto chiedere mano del narciso matrimonio come fai sapere suo nome chi sei,Italian
sono terrence angelo della fortuna nome bellezza tua figlia conosciuta tutto mondo portato regalo conosci malapena non puoi andare con,Italian
stupido ricco bello cosa potrei volere più terrence accetto tua proposta,Italian
con ciò lei salì nella sua carrozza senza nemmeno salutare sua madre andò con angelo mentre stavano viaggiando carrozza entrò improvvisamente portale magico attraversò una zona tempestosa carrozza sbatté tremendamente narcissa,Italian
era molto spaventato non preoccuparti mio caro tutto questo sarà presto finito proprio mentre detto questo carrozza attraversato altro portale raggiunto vialetto,Italian
enorme magnifico castello oro narcisa rimasta sbalordita tutta bellezza che visto sapevo meritare così tante ricchezze che sapevo che sarebbe piaciuto tutto ciò che vuoi troverai dai vestiti più belli cibi più gustosi tutto nel mio palazzo parlando bene cibo davvero fame dopo quel giro sto morendo fame posso avere qualcosa quel cibo gustoso ovviamente melissa puzzolente carne lei porterà quello che vuoi sentito tanto parlare povero caro hai fame non vieni andiamo tavolo pranzo porterò del cibo grazie sono andati sala pranzo sul tavolo era cibo più sbalorditivo che narcisa avesse mai visto incredibile perché sono marmellate,Italian
rubini insalate smeraldi pane laggiù fatto oro dorato pane quanto sarà bella questa marmellata avrà sapore delizioso con pane che preso una fetta con,Italian
marmellata rubini sopra preso boccone enorme questo così caldo che non posso mangiarlo bene pane oro anche più buono non puoi mangiarlo dovrei prenderti pane argento argento perché mangi,Italian
qualcos altro voglio pane normale che posso mangiare non hai quello sguardo così futura moglie del guscio mio padre freddo devi mangiare solo migliori narcis guardato tutto cibo,Italian
aveva cuore spezzato per tutto quello che era immangiabile iniziato presto piangere non voglio cibo davvero buono,Italian
provate delle patate dorate sono davvero buone dopo che siete sposati con,Italian
dovrai mangiare tutto questo pensavo piacessero cose fantasiose non voglio sposarti voglio tornare casa,Italian
mia madre fammi andare casa melissa terrence guardarono bene gli fecero occhiolino,Italian
davvero quello che vuoi porterò casa,Italian
terrence preso pianto infelice,Italian
narcis casa carrozza iniziò riflettere profondamente sulle scelte che aveva fatto quando arrivò casa,Italian
corse abbracciare sua madre che era seduta casa triste sorella mia dolce figlia pensavo non rivederti mai più,Italian
mamma amo così tanto avevi ragione aspetto ricchezze non sono tutto pane oro era inutile perché non potevo mangiarlo uomo anche,Italian
era bello non gli importava affatto mia cara rendi conto che esattamente modo cui trattavi gli altri che dispiace così tanto per modo cui sono comportato mamma bene quando hai visto,Italian
qual stato tuo errore diamo mangiare qualcosa carino quel giorno poi,Italian
narcisa cambiato suoi modi primo momento lottato lentamente pazientemente iniziato diventare molto più gentile giorno mellie terry vennero incontrare nuovo marian ciao voi due quindi diteci marian,Italian
come narcisismo adesso marian detto entrambi tutto quello che era successo lei cambiata così tanto quel momento,Italian
immagino che non vorrebbe più pane oro adesso sai,Italian
terry realtà assomigli quell angelo anche cosa sto vedendo come potresti essere voi due siete così gentili,Italian
nature fransızca i̇ngilizce nature doğa vikipedi kullanıcıları tarafından ortaklaşa olarak birçok dilde hazırlanan özgür bağımsız ücretsiz reklamsız kâr amacı gütmeyen bir internet ansiklopedisi,Turkish
mediawiki yazılımı kullanılarak hazırlanmaktadır,Turkish
sürekli eklemeler değişiklikler yapıldığı için hiçbir zaman tamamlanmayacağı varsayılmaktadır,Turkish
kurucularından jimmy wale vikipedi dünya üzerindeki insana kendi dilinde üst kalitede bedava bir ansiklopedi oluşturma dağıtma uğraşısı olarak tanımlamaktadır,Turkish
vikipedi sözcüğü viki pedi kelimelerinin birleşiminden oluşur,Turkish
viki hawaii dili ndeki wiki wiki hızlı veya bilgi amaçlı sözcüğünden türetilmiştir,Turkish
pedi ise antik yunan medeniyeti nde kapsamlı kültürel eğitim sistemi anlamına gelen paideia kelimesinden gelir,Turkish
vikipedi nin güvenilebilirliği doğruluğu üzerine tartışmalar mevcuttur site yoğun olarak vandalizme maruz kalmaktadır,Turkish
maddelerin eşit olmayan kalitesi değişikliklerin takipsizliği sistem hataları bilgilerin doğruluğu üzerine tartışmalar hâlen devam etmektedir,Turkish
verilen bilgiler bazen onaylanmamış sorgulanabilir olabilir kaynakları eksik olabilir,Turkish
ancak 2005 yapılan bir araştırmada i̇ngilizce vikipedi deki doğal bilgiler üzerine girdilerin doğruluğu britannica ansiklopedisi ile aynı seviyede bulunmuştur,Turkish
encyclopædia britannica inc şirketi ise ansiklopedilerindeki maddelerin ödül kazanmış ünlü akademisyenler tarafından hazırlandığını belirterek araştırmayı hatalı bulmuştur,Turkish
vikipedi nin ana sunucuları abd nin florida eyaleti ndeki tampa kentinde diğer başlıca sunucuları ise hollanda nın amsterdam fransa nın paris güney kore nin seul kentinde bulunmaktadır,Turkish
vikipedi gönüllülerin ortaklaşa çabası doğrultusunda neredeyse herkesin web sitesine ulaşıp değiştirmesiyle yazılmaktadır,Turkish
vikipedi bilgi girişi yapabilmek için üye olma zorunluluğu yoktur,Turkish
durum bilgilerin herkes tarafından anında eklenebilmesine olanak verir,Turkish
bununla beraber üye olmanın yapılan değişikliklerin kaydını tutabilmek seçkin madde,Turkish
oylamalarına katılmak vandalizmle mücadeleyi kolaylaştırmak gibi avantajları vardır,Turkish
diğer i̇nternet ansiklopedi projelerinin çoğu üyelik gerektirir yalnızca uzmanların yazılarına izin vermektedir stanford felsefe ansiklopedisi nupedia h2g2 everything2 gibi,Turkish
bazı ansiklopediler vikipedi gibi viki yazılımı kullanmaktadır,Turkish
diğer ansiklopedilerden farklı olarak vikipedi gnu özgür belgeleme lisansı göbl kullanmaktadır,Turkish
vikipedi yazılan bilgilerin uygunluğu konusunda bazı kurallar mevcuttur,Turkish
bilgiler tartışılır değerlendirilir içeriğe eklenmesi değiştirilmesi veya vikisözlük gibi kardeş bir projeye transfer olması üzerine kararlar alınır,Turkish
vikipedi nin ana kurallarından biri maddelerin tarafsız bir şekilde kaynaklarıyla birlikte olumlu olumsuz tüm yönleriyle sunulması gerektiğidir,Turkish
vikipedi maddeleri tamamen objektif doğru bir şekilde sunmaya türlü bakış açısını yansıtmaya çalışır,Turkish
maddeler kullanıcıların kolaylıkla anlayabileceği bir sunuş kısmının giriş ardından ayrıntıya girilerek günümüz itibarıyla doğrulanabilecek kaynaklarla sunulmalıdır,Turkish
2020 yayımlanan verilere göre i̇ngilizce vikipedi sürümünde binden fazla aktif editör varken diğer dillerde binden fazla aktif editörü olan vikipedi projelerinin sayısı,Turkish
wikimedia vakfı nın 2019 yayımladığı verilere göre editörlerin erkek beyazdır,Turkish
oldukça kapsamlı ortaklaşa üretilen bir proje olan vikipedi kardeş projelerinde bütün katkıların yasalara uygun olarak yapılması önemlidir,Turkish
normalde bir eserin yazarı yazının telif hakkını elinde bulundurur hak diğer insanların yazıyı değiştirmesini kopyalamasını engeller,Turkish
sebeple vikipedi deki maddeler göbl ile yazılmakta yazar telif haklarından vazgeçmektedir,Turkish
göbl birçok telifi özgür bırakılmış lisans gibi yazılanın dağıtılmasına benzeri dokümanların çıkmasına kâr amaçlı kullanıma izin verir,Turkish
lisans ayrıca yeniden katılım gösterenlerin aynı lisans ile değişiklikler yapmasına izin verir,Turkish
özgür görünmesine rağmen bilgiyi yazan kişi telif hakkına sahiptir ancak diğer insanların bilgilerden yararlanmasına geliştirmesine izin vermektedir,Turkish
katılımcılar birden fazla lisansı içeriklerinde kullanabilirler kamu malı olarak ilan edebilirler,Turkish
vikipedi deki resimlerin seslerin video dosyalarının büyük çoğunluğu göbl lisansı ile lisanslanmaktadır,Turkish
şirket logoları şarkı örnekleri haber fotoğrafları ise amerika birleşik devletleri kanunlarına göre adil kullanım altında kullanılmaktadır,Turkish
bunun yanı sıra creative common gibi göbl benzeri lisanslama yöntemleri mevcuttur,Turkish
vikipedi nin önemli politikalarından biri tarafsızlık politikasıdır,Turkish
tarafsız bakış açısı yönergesi vikipedi nin temel taşlarından birisidir,Turkish
özellikle tartışmalı tüm konular tartışmanın taraflarına eşit mesafede kalınarak yazılmalıdır,Turkish
unutulmamalıdır vikipedi bir milletin grubun takımın sınıfın dinin ansiklopedisi değildir,Turkish
dil vikipedisine dili bilen herkesin katkıda bulunabilmesi mümkündür,Turkish
vikipedi maddeleri hazırlanırken kanılara değil olgulara yer verilir,Turkish
basit bir örnek vermek gerekirse beatles dünyanın iyi müzik grubudur ifadesi bir kanıdır vikipedi yer alamaz,Turkish
ancak thriller dünyanın gelmiş geçmiş çok satan albümüdür ifadesi bir olgudur güvenilir üçüncü parti kaynaklarını göstermek kaydı ile vikipedi yer alabilir,Turkish
özellikle dinî siyasi içerikli maddeler vikipedi çok saldırıya uğrayan değişiklik savaşlarına sahne olan maddelerdir,Turkish
vikipedi şehit terörist kahraman gibi göreceli tanımlamalardan kaçınılır,Turkish
doğrudan dolaylı hakaretlere hoşgörü gösterilmez,Turkish
dini kişilerden bahsederken hazreti aziz yüce gibi sıfatlar kullanılmaz,Turkish
tüm vikipedilerin 314 dil sürümü 304 etkin dil sürümü 100 fazla maddesi bulunan mevcuttur,Turkish
vikipedilerin toplamda 721 345 maddesi vardır,Turkish
vikipedi dilde birbirinden bağımsızdır,Turkish
i̇çeriklerin diğer dillerdeki gibi olma zorunluğu yoktur maddelerin birbirlerinin tercümesi olması gerekmez,Turkish
maddelerin otomatik tercümelerine izin verilmez ancak yine diğer dillerdeki vikipedistler kendileri maddeleri tercüme ederler,Turkish
birçok dilde tarafsız bakış açısı savunulmaktadır ancak bulundukları ülkenin kanun kurallarına göre değişiklikler yapabilirler,Turkish
maddeler resimler vikipediler arasında paylaşılmaktadır,Turkish
herhangi bir vikipedist başka bir dilden çeviri isteğinde bulunabilir,Turkish
bunun yanı sıra wikimedia common deposunda tüm vikipedilerin kullandığı medya dosyaları mevcuttur,Turkish
birçok dildeki vikipedi çevrilmiş dosyalar küçük bir bölümü temsil eder,Turkish
alexa göre vikipedi ziyaretçilerinin i̇ngilizce vikipedi sitesini ziyaret etmektedir,Turkish
aşağıdaki liste aralık 2020 itibarıyla 000 000 üzerinde maddesi olan vikipedileri göstermektedir,Turkish
hemen hemen tüm konuklar vikipedi nin içeriğini değiştirebilir yeni kullanıcılar yeni madde başlatabilirler,Turkish
sayfada yapılan değişiklik derhâl yansır,Turkish
vikipedi kullanıcıların ortaklaşa çalışmasının zamanla maddeleri geliştireceği inancıyla kurulmuştur tıpkı herhangi bir açık kaynaklı programın gelişmesi gibi,Turkish
vikipedi editörleri durumu sosyal darwin evrimi gelişmesi ile açıklar,Turkish
ortaklaşa anında değişiklikler editörlerin mevcut maddeleri hızlıca geliştirmesine yenilerinin gerçekleşir gerçekleşmez ortaya çıkmasını sağlar,Turkish
bazıları ise vikipedi nin açık bakış açısını anlamsızca kullanırlar buna vandalizm denir,Turkish
bunun yanı sıra ortaklaşa çalışma bazen değiştirme savaşları birçok kişi birbirlerinin yazdıklarını onaylamadıkları için değiştirmekte çıkarmaktadır editörlerin maddenin içeriği üzerinde uzlaşamamasına sebebiyet verir,Turkish
maddeler istisnalar dışında zaman değiştirilmeye açıktır,Turkish
eğer vandalizm revert geri dönüştürme savaşı yaşanırsa madde koruma altına alınır,Turkish
vikipedi hiçbir maddesinin tamamlanmış bitmiş olduğunu iddia etmez,Turkish
maddelerin yazarlarının yazdıkları konu hakkında uzmanlık yeterlilik sahibi olması gerekmez kullanıcılar yazdıklarının acımasızca değiştirilmesi keyfi olarak dağıtılması hakkında uyarılmaktadır,Turkish
maddeler bir kullanıcı editör grubu tarafından kontrol edilmez telif altına alınmaz içerik hakkındaki kararlar vikipedi nin editör kurallarına göre fikir alma ortak kararıyla bazen oyla karar verilir,Turkish
jimmy wale tüm vikipedi kurallarında kullanıcı haklarında kararı verme hakkına sahiptir,Turkish
kullanıcılar izleme listelerine ilgilerini çeken maddeleri eklerler sayede maddelerin gelişimini izleyebilirler,Turkish
vikipedi deki birçok geçmiş değişiklik sayfa geçmişinde kullanıcılar tarafından kronolojik olarak görülebilir,Turkish
sadece eğer söylenmeyecek sunumlar telif hakkı ihlalleri yasal olarak vikipedi sorun çıkaracak hususlar varsa bunlar sayfa geçmişinden silinebilir,Turkish
değişiklikler sadece vikipedi hizmetlileri tarafından yapılabilir,Turkish
bazı maddeler için seslendirilmiş sürümleri ogg biçiminde sunulmaktadır,Turkish
mp3 yerine ogg biçiminde sunulmasındaki ana sebep mp3 bazı patentlerle koruma altına alınmış olmasıdır,Turkish
vikipedi çevrimiçi olarak katı olmayan bir lisans ile sunulmaktadır,Turkish
i̇çeriğinin i̇nternet dışında kullanılmak üzere bilgisayara indirilmesi oldukça kolaydır kullanılan ana dağıtım metodudur,Turkish
bununla beraber bazı projeler vikipedi nin içeriğini değişik olarak sunmaktadır,Turkish
örnek olarak so child vikipedi nin içeriğini sunmaktadır,Turkish
buna olarak wikipedia isimli onaylanmış basıma hazır maddelerin editörler tarafından hazırlanmış bir sürümü hazırlanmaktadır,Turkish
yayımlanmış vikipedi maddeleri ayrıca pediapress print demand servisleri tarafından sunulmaktadır,Turkish
vikipedi nin içeriği yüzlerce site tarafından veritabanından alınarak kullanılmaktadır,Turkish
vikipedi nin maddeleri ayrıca akademik çalışmalarda kitaplarda konferanslarda olarak filmlerde kullanılmaktadır,Turkish
2006 yılında amerika birleşik devletleri nde bir davada vikipedi referans olarak gösterilmiştir,Turkish
kanada parlamentosu vikipedi nin aynı cinste insanların evliliği hakkındaki maddesini yasal evlenme kanunu nda okunulacak belge olarak sunmuştur,Turkish
türkiye cumhurbaşkanı demeç tarihindeki başbakanı recep tayyip erdoğan türban ile ilgili bir demecinde türkçe vikipedi kaynak göstermiştir,Turkish
bunun yanı sıra vikipedi nin popüler kültürde kullanılmasını konu alan eserler çoğalmıştır,Turkish
özellikle anglosakson coğrafyada vikipedi nin açık kodlu değiştirilebilir olması yoğun vandalizme uğramasını konu alan parodiler skeçler sıklıkla yapılmaktadır,Turkish
weird yankovic white nerdy klibinde atlantic record sayfasını parodi amacıyla suck,Turkish
berbat,Turkish
şeklinde değiştirmiştir,Turkish
durum yankovic hayranlarının sayfayı yoğun olarak vandallamalarına sebep olmuştur,Turkish
penny arcade bir karikatüründe i̇skeletor maddesini değiştirmektedir,Turkish
murat bardakçı habertürk hazırlayıp sunduğu tarihin arka odası programında vikipedi deki bilgileri birkaç kez eleştirmiştir,Turkish
vikipedi deki kendi biyografi maddesinden örnek vererek yanlış bilgiler içerdiğini vikipedi intihal açısından öğrencilerin akademik performansı için olumsuz bir kaynak olduğunu vurgulamakta vikipedi nin yüzden türkiye yasaklanmasını savunmaktadır,Turkish
vikipedi türkiye erişim engelinin ocak 2020 türkiye cumhuriyeti anayasa mahkemesi kararının ardından bilgi teknolojileri i̇letişim kurumu tarafından kaldırılmasının ardından ocak 2020 habertürk gazetesi yazarlarından fatih altaylı davutoğlu anımsattıkları başlıklı bir yazı kaleme aldı,Turkish
altaylı murat bardakçı nın vikipedi dönük eleştirilerine katıldığını ifade etti vikipedi gerçekten bir facia,Turkish
tam türk işi,Turkish
yalan dolan eksik gedik,Turkish
wikipedia kadar zengin ise kadar fakir,Turkish
yanlışlar ikisinde var ama türkçe vikipedi özensizlik ilgisizlik üzerine inşa edilmiş,Turkish
ama burada doğru olan kapatılmasını yasaklı kalmasını istemek değil düzeltilmesini talep etmek,Turkish
güvenilir bir kaynak haline gelmesi için çaba göstermek bunu talep etmek ifadelerine yer verdi,Turkish
nisan 2017 vikipedi türkiye erişim bilgi teknolojileri i̇letişim kurumu tarafından idari tedbir uygulanmak suretiyle engellendi,Turkish
yıl gün aradan sonra 992 gün ocak 2020 tarihinde türkiye saati ile anayasa mahkemesi kararıyla yeniden erişime açıldı,Turkish
vikipedi isimde bir madde bulunmamaktadır,Turkish
hepimiz i̇ngilizcede daha akıcı olmanın hızlı yollarını arıyoruz biliyorum olduğunu anlıyorum beynimizi çevreleyen sadece birkaç kelime var tüm konuşmayı harika harika havalı veya destansı kullanarak yapmamız gerekiyor peki biz günlük yaşamınızda kullanabileceğiniz bazı akıllı yeni i̇ngilizce kelimeleri öğrenin kelime dağarcığınızı dakikalar içinde geliştirin,Turkish
yüzden bugün yeni akıllı kelime öğreneceğiz bunların anlamları temel kelimeleri örnek cümleleri öğrenelim öyleyse hadi devam edelim hey millet siz izliyorsunuz,Turkish
videoda size günlük kullanım için videonun sonunda akıllı kelime vereceğim,Turkish
ayrıca size gerçekten akıcı akıllı kelime numarası vermeniz için akıllı bir ipucu vereceğim,Turkish
biri boğulma veya basması anlamına gelir ancak bataklık genellikle gibi işler bağlamında kullanılır,Turkish
işle boğuldum yapacak çok işim var hafta boyunca işin içinde kaldım neredeyse nefes almaya zamanım olmadı şimdi kelimenin kökenine bakalım,Turkish
bataklık bir sulak alan parçasıdır biri bataklıkta yanlış yere adım atarsa kolayca boğulabilir bataklığın fiil formu batmak anlamına gelir yüzden kelimeyi nasıl kullanabileceğinizi buradan öğrenebilirsiniz,Turkish
diyelim bir sürü ödeviniz var yaklaşan bir sınavınız var arkadaşlarınız size gelip diyorlar,Turkish
hey neden bizimle takılmıyorsun onlara çok üzgünüm diyebilirsin ama işle boğuldum veya batmak yerine kullanabileceğin başka sözlerim var çok var yapmak,Turkish
tabağımda çok fazla şey var işte boğuluyorum,Turkish
ödevlerle boğuşuyorum akıllı kelime iki numara yakalama şimdi eminim sen kelimeyi catch önce duymuşsanız bir şeyi diğerini yapmadan yapamayacağınız diğerini yapamayacağınız çünkü ilk olanı yapmadığınız için imkansız bir durum anlamına gelir,Turkish
kafanı karıştırdım yüzden sana bazı örnekler vereyim yakalanma durumu deneyimi olmadan bir bulamadığın zamandır,Turkish
ancak bir yakalayana kadar deneyim elde edemezsiniz joseph heller tarafından aynı adlı meşhur kitabı catch ikinci dünya savaşı sırasında askerler için geçerli olan bazı çelişkili kuralları anlatırken icat edilmiştir,Turkish
bir başka yakalama örneği banka kredisine ihtiyacınız olduğu için yeterli olmadığı için,Turkish
para ama banka kredisini alamazsınız bankaya yeterli paranız olduğunu kanıtlamazsanız bir dahaki sefere zor bir durumda sıkışıp kalırsınız,Turkish
catch kelimesini kullanmak için,Turkish
hayranlık dolu bakışları arkadaşlarınızdan alın catch yerine kullanabileceğiniz diğer kelimeler paradoks veya ikilem akıllı kelimedir,Turkish
numara tatlı tatlı kibar olmak için sofistike olmak havalı olmak,Turkish
iyi huylu suave kelimesinin birçok farklı kökeni vardır ancak kelimenin çok ilginç bir kökeni hoş veya tatlı tadım örneği anlamına gelmesidir,Turkish
özellikle hanımların önünde barack obama çok kibar cilalı bir dahaki sefere bir partide olduğunuzu kişiyi gördüğünüzü hatırlayın,Turkish
iyi huylu kültürlü sofistike,Turkish
köşedeki tatlı adamın kim olduğunu söylemeyi unutma kelimeyi kullandığında anında kelime hazineni oluşturacak,Turkish
çok tatlı kadar akıllıca dört numaralı kelime iğrençtir acımasız kelimesi gerçekten kötü bir şey anlamına gelir korkunç korkunç korkunç dehşet verici bir latin kökü vardır,Turkish
korku zalimce veya korkunç anlamına gelir acımasız kelimesinin bazı örnekleri zamanlarda delhi tecavüz olayları iğrençti veya tutuklular tedavi edilir,Turkish
acımasız bir şekilde bazen cezaevlerinde vahşet günlük yaşamda bazı yaygın yanlış şeyler hakkında konuşmak için kullanılır bunu abartmak istersiniz,Turkish
örneğin sofra adabı iğrençti kıyafet anlayışı çok iğrenç grameri iğrenç,Turkish
yüzden bir dahaki sefere haberlerde korkunç bir eylem duyduğunuzda bunu unutmayın,Turkish
numaralı akıllı kelime muazzam muazzam muazzam inanılmaz şaşırtıcı anlamına geliyor,Turkish
şimdi burada sık sık harika kelimesini kullanıyoruz müthiş muazzam yerine kullanabileceğiniz başka bir kelime örneğin bugün testimde muazzam bir puan aldım yani çok yüksek bir puan aldım veya,Turkish
mükemmele yakın bir puan aldım stupendous kelimesinin klasik latin kökenleri var,Turkish
şaşırtıcı derecede iyi olan bir şeyi tarif etmek için çok muazzam şaşkınlık kullanılır örneğin elbiseyle muazzam görünüyor balkondan kadar muazzam bir manzara koyamadığım muazzam kitabı okuyorum peki sen git söylemek,Turkish
öğrenciler için muazzam kanal olan arkadaşlarınız muazzam yerine kullanabileceğiniz diğer bazı kelimeler inanılmaz fantastik veya derece iyi tamam yüzden videodaki dengeli beş kelimeyle devam etmeden önce videonun altına bir yorum koymayı unutmayın,Turkish
bana kelimeden hangisinin sevdiğin akıllı kelime olduğunu söylemek için altı numaralı kelime bir düzeltmede bir düzeltmede örneğin sorunlu bir durumda olmak anlamına gelir oğlum çünkü bunun için iki farklı arkadaşla planlar yaptım akşam,Turkish
telefonumu kaybettim bir düzelme içindeyim otobüsümüz sabah bozuldu bir düzelme içindeyim arkadaşım zaman yardım için bana dönüyor işler iyi gittiğinde unutuyor,Turkish
yani bir dahaki sefere okuldan matematik ödevi aldığınızda matematik kitabınızı okulda bıraktıysanız arkadaşlarınıza gerçek bir düzelme içinde olduğunuzu söyleyebilirsiniz şimdi düzeltme kelimesinin yapacak bir şeyi olduğunu düşünebilirsiniz,Turkish
bir şeyi tamir etmekle,Turkish
ama hayır bir düzeltme sorunlu bir durumda olmak anlamına gelir bir düzeltme yerine kullanabileceğiniz başka kelimeler çorbada mıyım yoksa ben karmaşa içindeyim bir rahatsızlık içindeyim sadece bir noktadayım akıllı kelime numarası flummox flummox birinin kafasını karıştırmak anlamına gelir,Turkish
kadar şimdi yapacaklarını unuturlar kafaları karışmış bir kelime olma eğilimindedir yüzden neden bunun yerine flummox kullanmıyorsunuz örneğin öğretmen sınıfta ona bir soru sorduğunda köpek flummox göründüğünde çocuk tamamen öfkeliydi aynada kendi yansımasına turistin farklı gelenekleriyle şaşkına döndü,Turkish
seyahatleri sırasında bir röportajda neden sizi işe almalıyız diye sorulduğunda karşılaştığı bir dahaki sefere tamamen şaşkına dönmüş görünüyordu yüzden bir dahaki sefere bir sınavda herhangi bir soruda kafanız karışırsa zaman sizden,Turkish
bunu zaman söyleyebilirim çünkü ben yapmamıştım sınava çok iyi hazırlandım bazı sorular karşısında şaşırdım kaldım flummoxed yerine kullanabileceğiniz diğer kelimeler şaşkın şaşkın şaşkın akıllı kelime sekiz numaralı buluşma randevusu,Turkish
buluşma veya randevu söylemenin çok fransızca bir yolu örneğin cumartesi öğle yemeğinde arkadaşlarımla randevum var veya arkadaşlarımla alışveriş merkezinde film için buluşmayı planlıyorum buluşma hem isim hem fiil olarak kullanılabilir örneğin,Turkish
arkadaşlarımla akşam bir randevum var veya yarın arkadaşlarımla randevu yapacağım,Turkish
fransa daha önceki randevu ordu tarafından askerler için bir buluşma yerini belirtmek için kullanılıyordu şimdi bile randevu kelimesi hakkında biraz heyecan verici gizli bir şey var yüzden herhangi bir toplantı için randevu kullanabilirsiniz,Turkish
genel olarak ama kazandı resmi bir toplantı için çok uygun olmayın yüzden bir randevunuz varsa belki kesinlikle numaralı bir randevu akıllı kelimenin çok geniş olduğunu söyleyebilirsiniz,Turkish
kısık şimdi geometri geniş açı dar açıda geniş kelimesini duydunuz nedenle geniş bir açı dereceden büyük ancak 180 dereceden küçük bir açıdır,Turkish
bir dar açı keskin açı dereceden olan keskin açıdır yüzden bir kelime keskinliği ifade etmek için kullanılır nedenle zihinsel olarak keskin geniş künt anlamına gelir nedenle zihinde biraz yavaştır kadar genişti şifresini sahte bir arayana veya şişman çocuğa verdi,Turkish
mümkün değildi,Turkish
testte tek bir soruyu cevaplamak için cömert adam temel talimatları bile anlamakta zorlandı şimdi varsayalım günlük hayatınızda erkek arkadaşınız veya kız arkadaşınız size kızgın nedenini bilmiyorsunuz yüzden yapabilirsin,Turkish
onlara söyle belki kafayı buluyorum ama neden kadar üzgünsün bilmiyorum numaralı akıllı kelime halsiz tembel biraz daha yavaş ilerlemek için yavaş hareket etmek anlamına geliyor,Turkish
normalden biraz yorgun eksik görünmek,Turkish
enerji örneğinde ağır bir öğle yemeği beni öğleden sonraları çok tembelleştiriyor kelimeden kökler geliyor yavaş bir insan anlamına geliyor bir sümüklüböcek salyangoz örnekleri gibi gerçekten çok yavaş hareket eden bir hayvandır,Turkish
ekonomi yıl çok durgun yavaş bir başlangıçtan sonra maç hızlandı,Turkish
çeyrekte işlerin durgun geçtiğini günlük hayatınızda çok yorgun hissediyorsanız bunu bir gün annenize anlatabilir anlatabilirsiniz,Turkish
arkadaşların çok halsiz hissediyorum,Turkish
bugün bir enerji içeceği ile yapabilirim halsizlik yerine kullanabileceğiniz diğer kelimeler uyuşuk olabilir veya ayaklarımı sürükleyebilir yüzden bunlar akıllı kelime öncesi idi,Turkish
size çok akıcı çıkarmanız için gizli ipucunu veriyorum size hatırlatmak istiyorum,Turkish
bir telefon görüşmesinde kullanmak için akıllı kelimeler arıyorsanız zaman bir videoya bağlantı koyuyorum,Turkish
bunun için açıklama kutusuna yazdım şimdi akıcı sesin gizli ipucu bazen bildiğim birden fazla akıllı kelime veya cümle kullanmak değil,Turkish
çok heyecanlanıyoruz çünkü,Turkish
biz akıllı kelimelerin birçoğunu öğrendim kulağa doğal gelmeyen iki dördü tek bir cümlede doldurma eğilimindeyiz,Turkish
yüzden seferinde bir tane telaffuz ettiğinizden emin olun,Turkish
kelimeyi doğru şekilde google gidin kelimeyi yazın sağ üstteki aramada hoparlöre tıklanan küçük bir hoparlör simgesi göreceksiniz,Turkish
telaffuzu bir veya iki kez duyun,Turkish
gitmeye hazırsınız videoyu beğendiyseniz bize yorum ekleyerek beğenmeyi unutmayın,Turkish
benim için altından bana kelimeden hangisinin favoriniz olduğunu söylüyor,Turkish
henüz abone düğmesine hemen yanındaki zil simgesine basmadıysanız mutlu bir şekilde izlediyseniz,Turkish
hey arkadaşlar videoda kanalıma hoş geldiniz,Turkish
sana günlük hayatında kullanabileceğin iyi i̇ngilizce kelime öbeğini vereceğim,Turkish
yani yolculuğunuza başlamak üzereyseniz,Turkish
i̇ngilizce konuşulan bir ülkeye bunu tamamen kullanabilirsiniz,Turkish
bir süredir ingilizce öğreniyorsan öğrenmeye devam etmek istiyorsan ifadeler,Turkish
başlamak için iyi videodur yüzden dakika içinde ingilizce cümle yapalım,Turkish
bir numaralı ifade sormanın başka bir yoludur,Turkish
nasılsın,Turkish
nasıl gidiyor,Turkish
nasıl gidiyor,Turkish
yani biriyle tanışın zamanın nasıl gidiyor,Turkish
birini bir süredir görmediğinizde iki numaralı cümle ona uzun zamandır görüşme diyorsunuz yani kişiyi belki haftalarca aylardır görmemişsinizdir cümle numarasını göremezsiniz,Turkish
yaptığınızı sormak istiyorsanız,Turkish
yaptın hayatında neler oluyor diye soruyorsun,Turkish
şey yolunda giderse daha önce onları büyütmek için neler yaptın,Turkish
iyi cevap verebilirsin şikayet edemezsin herşey gerçekten harika,Turkish
bir sonraki cümleye şikayet edemezsiniz birisi size bir şey söyler sohbette bir şekilde yeni bir işiniz olduğunu tahmin ediyorlarmış gibi bundan bahsetmediniz ona soruyorsunuz,Turkish
nereden biliyorsunuz,Turkish
nasılsın gibi haberleri nereden aldın,Turkish
biri güzel bir fıkra anlatırsa bunun iyi bir fıkra olduğunu anlayabilirsiniz,Turkish
harika bir şaka yüzden iyi bir cümle,Turkish
birine teşekkür etmek istiyorsanız çok naziksiniz diyebilirsiniz bunu yaptığınız için çok teşekkür ederim çok naziksiniz eğer birisi iseniz çok naziksiniz,Turkish
sana yardım etmeye çalışıyordu ama söyleyebileceğin sonuca ulaşamadı,Turkish
yine teşekkürler önemli değil ama yine teşekkürler,Turkish
emeğiniz için teşekkür ederiz,Turkish
hayır yine teşekkür ederim bazen bir kişiyi istemediğimde postamda kullandığım başka bir ifade,Turkish
diye soruyorum sonunda diyorum,Turkish
şimdiden teşekkür ederim gerçekten umduğum anlamına geliyor,Turkish
şimdiden teşekkür ederek biraz yapın,Turkish
birisi bir hata yaptıysa şimdiden teşekkür ederim yüzden gerçekten üzgün,Turkish
sadece endişelenme diyebilirsin,Turkish
endişelenme endişelenme yani endişelenme,Turkish
iyi,Turkish
endişeye gerek yok eve geldiğinizi hayal edin tüm arkadaşlarınız koltuğunuzda oturuyor,Turkish
burada arıyorsun gibi burada neler oluyor gibisin,Turkish
bir şey yakalayamadıysan zaman sorabileceğin kişiyi anlamadıysa neler oluyor seni doğru anladım,Turkish
sonra devam nerede olduğunu açıkla seni doğru anladım,Turkish
birinden üzülmemesini rica edersen ağlamasın diyebilirsin,Turkish
ciddiye alma kadar üzülme kalbe alma,Turkish
bir cümlenin bir parçasını yakalayıp yakalamadığını sormanın başka bir yolu kelimeyi anlamadım diyebilirsin,Turkish
üzgünüm,Turkish
tekrar edebilir misin çünkü eğer birisinin tüm cümleyi tekrar etmesini isterse kelimeyi yakalayamadım,Turkish
üzgünüm diyebilirsiniz,Turkish
dinlemiyordum çünkü belki meşguldün,Turkish
belki sen telefonda konuşuyordun biri seninle konuşuyordu sen gibisin,Turkish
aman tanrım,Turkish
üzgünüm dinlemiyordum,Turkish
tekrar edebilir misin,Turkish
üzgünüm,Turkish
zaman kullandığım başka bir cümleyi dinlemiyordum,Turkish
kahvenizi üzerime düşürürseniz endişelenmeyin,Turkish
sanki önemi yokmuş gibi,Turkish
iyi olacağım,Turkish
ben yine çamaşır yıkayacağım,Turkish
birine şans dilemenin önemi yok,Turkish
ben zaman bunu yapıyorum parmaklar çapraz diyebilirsin şekilde parmakları çapraz yaparsın,Turkish
parmaklar geçti,Turkish
amerikalıların kullandığı başka bir cümle bunu açıklayan çok kötü,Turkish
durum bir şey almadınız sonra fazladan bir etki elde edersiniz bunu elde edersiniz,Turkish
sen onu açıklayan şeyi açıklayan gibisin,Turkish
kişiye üzülmemesini söylemenin bir başka yolu şeyin yolunda olduğunu söylemektir,Turkish
onunla konuşmak istediğiniz kişinin ismine sahip değilseniz üzülmeyin,Turkish
gördüğünü bildiğin rahatsız ettiğim için üzgünüm diyebilirsin,Turkish
birisi meşgulse canınızı sıktığım için zaman özür dileyebilirsiniz sonra devam edip sorabilirsiniz,Turkish
rahatsız ettiğim için özür dilerim,Turkish
eğer birinin içinde bir şeyin ortasındaysanız sana söyleyebileceğin bir şey soruyorum,Turkish
bir şeyin ortasındasın biri senden söylediğin bir şeyi yapmanı istiyor üzgünüm,Turkish
bir dakika sonra seninle olacağım seninle olacağım sonra bir şeyler yapmaya devam ediyorsun nerede olduğumuzu söylüyorsun,Turkish
mesela nerede olduğumuzu zaman durdurduk siz bunu tekrarlamanız gerekiyor çünkü bazılarının hata yaptığı,Turkish
yüzden bir sohbetin ortasındayken yine neredeydik pratik yapmanın harika bir yolu,Turkish
diğer kişinin dediğini anlamadınız bir soru işaretiyle söylediğinizi söyleyebilirsiniz,Turkish
kişiyi bir kez daha tekrar etmeye sevk ettiği anlamına gelir,Turkish
söylüyordun,Turkish
eğer biri hayalleriyle ilgili bir işe sahipse söyleyebileceğin şeye şanslısın biri şanslısın gibi hayallerindeki üniversiteye girdiyse şanslı olan kişiyi tebrik etmenin bir yolu şanslı olduğunu vurgulamanın başka bir yolu olduğunu söylemek gibi gerçekten kızgın olman çok kızmışım gibi çıldırdığımı söylemektir çok kızgınım,Turkish
neredeyse çılgın gibi,Turkish
anadili i̇ngilizce olanların kullandıkları başka bir ifadenin sizin için iyi olduğunu fark ettim terfi aldım dediğinizde hem olumlu hem olumsuz olabilir eğer size iyi diyorlarsa tebrikleri severler bazen burayı terk ediyorum gibi derseniz,Turkish
onlar senin için iyi gibiler sensiz daha iyi olurdu olumsuz bir anlam yüzden tonlamayı gerçekten dinle,Turkish
eğer bir şey sizi şaşırttığında benimle aman tanrım gibi dalga geçmeniz gerektiğini söyleyebilirsiniz,Turkish
birine gülümsemesini söylemek için benimle dalga geçiyor olmana mutlu olmak için zaman neşelen neşelen diyebileceğine inanamıyorum,Turkish
birinin sadece ağlamak olmayan bir şeyden şikayetçi gibi görünmesini istiyorsanız gelin diyebilirsiniz ben sen yapabilirsin ben,Turkish
haydi,Turkish
bunu yapabilirsin toefl geçebilirsin gmatı geçebilirsin gelsin,Turkish
biri gerçekten iyi gidiyorsa bunu yapabilirsin onlara iyi işi sürdürmelerini senin kadar iyi gibi iyi işlere devam etmelerini söyleyebilirsin iyi işi sürdürmeye devam başka bir deyim olmaya devam amerikalılar söyle,Turkish
yanıyor kaliforniya birçok amerikalının söylediği inanılmaz anlamına geliyor,Turkish
yanıyor muhtemelen şarkılarda duymuşsunuzdur başarısız olduktan sonra birisi başarılı olursa yanar böylece oraya gideceksin dedim oraya gideceksin dedim eğer birisi sana yorgun olup olmadığını soruyorsa hiç yorgun olmadığını söylemek istiyorsan biraz hayır diyebilirim,Turkish
devam etmek istiyorum birisi size sorduğunda yorgun değilim emin misiniz buna yer olmadığını söyleyebileceğinizden oldukça emin misiniz,Turkish
amerika birisine sm göndermek veya onlara bir mesaj göndermek istiyorsanız metne metin söylüyorsunuz böylece size mesaj göndereceğim size whatsapp veya bir telgraf veya kullansam kullanacağım bir mesaj göndereceğim anlamına gelir,Turkish
birini neşelendirmek için tekrar mesaj atıp onlara üzülmemesini söyleyebilirsin buna değmediğini söyleyebilir misin,Turkish
neden ağlıyorsun,Turkish
buna değmez,Turkish
ağladığın sorundan çok daha iyisin gözyaşlarına değmez,Turkish
buna değmez ben şahsen salladığın ifadeyi seviyorum harika olduğun anlamına geliyor,Turkish
aman tanrım,Turkish
salladın rock,Turkish
hayır harika bir çıkardın,Turkish
biri gerçekten iyi çalışmıyorsa rock yaparsınız daha çok çalışmasını istiyorsanız fazladan bir mil gitmeniz gerektiğini söyleyebilirsiniz daha çok çalışmanız gibi fazladan bir mil gitmeniz gerektiği anlamına gelir,Turkish
aynı şeyi söylemenin başka bir yolu oyununuzu hızlandırın daha çok çalışın daha iyi çalışın,Turkish
eğer birisi ağlıyorsa istemiyorsa,Turkish
kendini toparla diyorsun sanki kendini topla kendini topla gibi çalışmayı bırak ağlamayı bırak kendini topla,Turkish
hey birlikte sakinleşin başka bir ifade,Turkish
beni satmanı seviyorum çünkü bazen insanlar seyahatlerini satın aldıkları birini anlatıyorlar çok güzel olduğunu anlatıyorlar,Turkish
onlar sanki aynı şeyi satın almak istiyorum onlara sattığını söyledim bana sattın bunu almam konuşmayla ilgilenmiyorsan beni sattın,Turkish
oturmak gibisin daha umursayamam diyebilirsin çok sıkıcı,Turkish
ilgilenmiyorum,Turkish
biri size bir şey sorarsa daha umursayamazdım sizin için gerçekten çok kolay bir karar tıpkı birinin benim milyon dolarımı almanızı söylemesi siz bunun akıllıca olmadığını söylüyorsunuz,Turkish
onu alacağım,Turkish
hiç akıllıca değil eğer yanlış bir şey yaptıysanız bunu kabul ederseniz evet beyler ben batırdım diyebilirsiniz sizin için gerçekten kolay bir karar olduğu anlamına gelir,Turkish
biliyorum,Turkish
üzgünüm,Turkish
berbat ettim,Turkish
benim hatam,Turkish
ben çuvalladım ben mahvettim eğer benim yerime birinin çalışmasını istiyorsan diyebilirsin,Turkish
benim yerime çalışabilir misin,Turkish
arkadaşımı görüyorum,Turkish
beni koruyabilir misin gitme zamanı geldi millet daha iyi olur demek oluyor şimdiden gitmeliyim biliyorsun,Turkish
aslında,Turkish
şimdi,Turkish
hoşçakal demenin başka bir yolunu bulsam iyi olur,Turkish
kendine iyi bak diyebilirim kendine iyi bak demektir,Turkish
sonra görüşürüz,Turkish
kendine iyi bak,Turkish
videoyu izlerken hangi gün olduğunu bilmiyorum ama örneğin hafta sonu cuma günüyse,Turkish
tanrıya şükür cuma olduğunu söyleyebilir veya göklerin cumartesi hafta sonu keşfi dediğini düşünebilirsiniz,Turkish
çok mutluyum çocuklar i̇ngilizce cümle videoyu beğenerek daha havalı ifadeler biliyorsanız aşağıya yorum yaparak yardımcı olup olmadığını bana bildirin,Turkish
orada bir yerde kırmızı bir düğme olması harika olurdu,Turkish
merhaba hoşgeldin,Turkish
videoda size sohbet sırasında kullanabileceğiniz 100 yaygın çok faydalı cümle vereceğim,Turkish
benden sonra söyleyen bir cümle alıştırması duyduğunuzda,Turkish
telaffuzumu kullandığım tonu dahil olmak üzere kopyalamaya çalış,Turkish
pekala başlayalım,Turkish
temel selamlar nasıl gidiyor,Turkish
bunlar nasıl,Turkish
naber,Turkish
tanıştığıma memnun oldum,Turkish
uzun zamandır görüşemedik,Turkish
nasıl oldun,Turkish
çok teşekkürler,Turkish
sen nasılsın,Turkish
fazla değil,Turkish
olağan,Turkish
gitmeliyim sonra görüşmek bir zevkti,Turkish
iletişimde kalın,Turkish
bilgi için soruyor,Turkish
bana kelimenin anlama geldiğini söyleyebilir misin,Turkish
kütüphanenin nerede olduğunu biliyor musun,Turkish
tereddüt,Turkish
iyi bir soru,Turkish
bir bakayım,Turkish
biraz düşünmeme izin ver,Turkish
tekrarı sormak,Turkish
affedersiniz,Turkish
üzgünüm anlayamadım,Turkish
bunu tekrar etmenin bir sakıncası var,Turkish
biraz daha yavaş konuşabilir misin lütfen,Turkish
bilmiyorum diyor,Turkish
korkarım hiçbir fikrim yok,Turkish
sana yardım edemem üzgünüm,Turkish
beni aşar,Turkish
görüşler,Turkish
bunun hakkında düşünüyorsun,Turkish
konudaki görüşleriniz nelerdir,Turkish
bence iyi bir fikir,Turkish
dürüst olmak gerekirse işe yarayacağını düşünmüyorum,Turkish
bana kalırsa burası şehirdeki iyi restoran,Turkish
bir sorudan kaçınmak,Turkish
konuda bir fikrim yok,Turkish
sana geri dönmeme izin ver,Turkish
söyleme özgürlüğüm yok,Turkish
katılıyorum katılmıyorum,Turkish
daha fazla katılamadım,Turkish
kesinlikle haklısın,Turkish
sana 100 katılıyorum,Turkish
çiviyi kafasına vur,Turkish
katıldığımdan emin değilim,Turkish
korkarım katılmıyorum,Turkish
sanırım yanılıyorsun kibarca sözünü kesmek,Turkish
rahatsız ettiğim için üzgünüm,Turkish
seni orada bir dakika durdurabilir miyim,Turkish
buraya atlamamın sakıncası var,Turkish
devam,Turkish
tabii devam,Turkish
bitirmeme izin ver,Turkish
bir dakika bekleyin,Turkish
öneriler,Turkish
sinemaya gitmeye dersin,Turkish
akşam yemekte pizza yemeye dersin,Turkish
harika olurdu,Turkish
bana uyar,Turkish
bunun hakkında emin değilim,Turkish
hayır sanmıyorum,Turkish
planlar yapmak,Turkish
akşam yapıyorsun,Turkish
yarın için planın var,Turkish
önümüzdeki cumartesi boş musun,Turkish
hafta sonu bir şey yapmak ister misin,Turkish
elbette aklınızda var,Turkish
tüm hafta sonu boşum hadi bir şeyler yapalım,Turkish
hayır üzgünüm bazı planları şimdiden kızdırdım,Turkish
yarın biraz meşgulüm,Turkish
bir şeyler yapmak isterdim ama yapamam,Turkish
izin,Turkish
cep telefonunu kullansam sorun olur,Turkish
yarın izinli olsam olur,Turkish
evet lütfen emin devam,Turkish
hayır hiç değil,Turkish
maalesef hayır demeliyim,Turkish
yapmamanı tercih ederim,Turkish
korkarım yaparım,Turkish
istekte bulunma,Turkish
tuzu uzatır mısın lütfen,Turkish
bana biraz borç verir misin,Turkish
bana konuda yardım edebilir misin diye merak ediyordum,Turkish
elbette hiç sorun değil,Turkish
evet tabiki,Turkish
yardımcı olmaktan memnuniyet duyarım,Turkish
üzgünüm anda yapamam,Turkish
korkarım yapamam,Turkish
teklifler yapmak,Turkish
sana bir bardak getirebilir miyim,Turkish
biraz dondurmaya dersin,Turkish
seni eve bırakmamı ister misin,Turkish
evet lütfen,Turkish
harika olurdu teşekkürler,Turkish
i̇yiyim ama teklif ettiğin için teşekkürler,Turkish
hayır ben iyiyim teşekkürler,Turkish
insanlara teşekkür etmek,Turkish
milyonlarca kez teşekkürler,Turkish
şerefe gerçekten minnettarım,Turkish
çok naziksiniz,Turkish
yeterince teşekkür edemem mühim değil,Turkish
bahsetme,Turkish
istediğin zaman,Turkish
zevkle,Turkish
birinden beklemesini istemek,Turkish
biraz bekler misin lütfen,Turkish
bir saniye bekle,Turkish
bana biraz dayan,Turkish
seninle hemen olacağım özür dileme,Turkish
bunun için gerçekten üzgünüm,Turkish
lütfen özrümü kabul,Turkish
bunun için endişelenme,Turkish
telaşa gerek yok,Turkish
peki yaygın cümleler kelime öbekleri hakkında daha fazla ders istiyorsanız aşağıdaki yorumlar bölümünde bana bildirin,Turkish
ayrıca videoyu beğendiyseniz beğen düğmesine basarak beğenme derslerimi burada youtube almak için abone düğmesini tıklayarak kanala abone olmayı unutmayın,Turkish
mutlu öğreniyorum yakında başka bir derste görüşürüz,Turkish
altın ekmek bir zamanlar küçücük bir köyde marion adında bir kadın yaşardı,Turkish
tek kızı narcisa ile marion derece mütevazı tatlı bir narsizaydı ancak tam tersi yaşadığı gibi kelimelerin ötesinde güzel olduğunu görüyorsunuz,Turkish
bebek eğlenceli yanı kendini sonsuza kadar sevmesiydi narcisa,Turkish
ekmeği pişirmeme yardım öyle değil anne bakıcısı parlak ışıltılı gözlerimi,Turkish
narcisa tohumları ekmeme yardım eder misin niye yapmalıyım niye kadar güzel parmaklarımda kadar kir var daha kötüsü yüzüme iyi gelse narsisa nın sorunu buydu,Turkish
kendini herhangi bir yapamayacak kadar büyük olduğunu düşündü birçok talip evlilikte nergis istemek için geldi,Turkish
güzelliği yerde bilindiğinden ama hepsini çok kaba bir şekilde reddettiğinden dün adamları neden gönderdin iyi görünüyorlardı onlardan biri ciddi anne olamazsın,Turkish
neredeyse bir kuşunki gibi küçük gözleri vardı diğerinin kocaman bir burnu vardı onun yanında olmak istemezdim,Turkish
hapşırdığında durak hayır artık duymak istemiyorum tüm görebildiğim adamların gerçekten iyi olduğuydu canım güzelliği bilmelisin,Turkish
prens şövalye gibi birini hak ettiğimi anlaman gereken şey anne değil,Turkish
canım bir gece uyurken annesi yanına oturup onu izliyordu,Turkish
sevgili çocuğum sen çok güzel sevimlisin ama güzelliğinden başka hiçbir şeyi umursamıyorsun,Turkish
anda nergis uykusunda gülmeye başladı ertesi sabah nergis olduğunda annesi gerçekten komik bir rüya gördüğünde kadar güzel olduğuna çok şaşırdı,Turkish
uyandım burada gülümsüyor kıkırdıyordu tatlım bana hakkında rüya gördüğünü söyle,Turkish
dün gece anne kadar inanılmaz bir rüyaydı bana gelen bir prens vardı,Turkish
benimle evlenmek istediğini altın bir vagonla geldiğini tepeden tırnağa altın giyinmiş olduğunu aptalca bir rüya olduğunu söyledi,Turkish
biliyorsunuz iyi yanı benim altın renginde olan gelinliğimi giydiğim zamandı tabii herkes sadece bana narsizaya bakıyordu rüya hakkında şaşırtıcı bir şey yok,Turkish
çok egoist bir rüyaydı anne dediğini bilmiyorsun rüya benim burada evde yediğim türden daha büyük yiyeceğe ihtiyacım olduğunu anlamamı sağladı altından yapılan ekmekten,Turkish
zavallı nergis annenin kızı nasıl olduğu hakkında çok endişelendiğini bir düşünün,Turkish
gün iki arkadaşı nergisli anneyi ziyarete gelip mellie ydi üçü asırlardır arkadaş olmuştu ama terry ellie nin ikisinin bir sırrı vardı,Turkish
büyülü varlıklardı narcisse annesinin havlu melli hakkında hiçbir şey bilmediği bir şey seni görmek çok güzel çok uzun zaman oldu değil nasıl olsaydın ben çok iyiydim keşke kızım narcisa biraz daha anlayışlı olsaydı marian mellie terry narcisa yemek istediği için nasıl endişelendiğini anlatsaydı daha iyi olabilirdim,Turkish
altından ekmek onunla yapmalıyım belki hayali gerçekleşirse,Turkish
harika olurdu değil tahmin etsem zamanla öğrenmeye başlayacak hadi başka bir şey hakkında konuşalım,Turkish
şimdi daha sonra mellie terry eski arkadaşlarına veda ettiler gece hem anne hem kızı gizlice birbirlerine gülümseyerek uzaklaştılar,Turkish
yatağa hazırlandım anne hakikaten umarım hayalim gerçek olur biliyorsun ertesi gün narcisa annesi dışarıdayken bahçelerinde güzellerdi,Turkish
altın araba onlara doğru geliyordu mücevherler elmaslarla süslenmişti derece çarpıcı görünüyordu,Turkish
durduğunda yakışıklı bir adam oradan çıktı narcisa baktığında onun kadar yakışıklı olduğuna şaşırdı hayalim aslında gerçek ümmete dönüşüyor,Turkish
buraya evlilikte nergis istemek için merhaba geldim ama onun adını sen kim olduğunu nasıl biliyorsun,Turkish
ben iyi talihlerin meleğiyim kızınızın adı güzelliği burada dünya çapında tanınıyor size bir hediye getirdim ama onu çok tanıyorsunuz onunla gidemezsiniz,Turkish
aptal zengin yakışıklı daha isteyebilirim senin teklifini kabul ediyorum,Turkish
bununla birlikte arabasına bindi annesiyle vedalaşmadan melekle birlikte yolculuk ederken araba aniden büyülü bir geçide girdi arabanın muazzam bir şekilde çarptığı fırtınalı bir bölgeden geçti,Turkish
çok korkmuştu endişelenme canım tam vagonun başka bir kapıdan geçip garaj yoluna ulaştığını söylediğinde bunların hepsi yakında bitecek,Turkish
kocaman görkemli bir altın şatodan narcisa gördüğü tüm güzelliğe hayret etti kadar çok zenginliği hak ettiğimi biliyordum onu beğeneceğinizi biliyordum burada güzel elbiselerden lezzetli yiyeceklere kadar bulacağınız şeyi bulacaksınız,Turkish
sarayımda yemeklerden iyi bahsetmişken yolculuktan sonra gerçekten acıktım açlıktan ölüyorum lezzetli yiyeceklerden herhangi birini alabilir miyim elbette burada kokulu melisa sana istersen alacak senin hakkında çok şey duydum seni zavallı canım açsın değil gelip yemek masasına gidelim sana biraz yiyecek alacağım teşekkür ederim yemek odasına gittiler masanın üzerinde narcisa nın şimdiye kadar gördüğü şaşırtıcı yiyecekler vardı çünkü reçel yapılır,Turkish
yakutların zümrüt salataları oradaki ekmek altın altın ekmekten yapılmıştır reçel bir dilim aldığı ekmekle kadar güzel görünecek tadı güzel olacaktır,Turkish
üzerine yakut reçeli kocaman bir ısırık aldım çok sıcak kadar iyi yiyemiyorum altından yapılmış ekmek iyisi ama yiyemiyorsan sana gümüş ekmek gümüş alayım neden olmasın sen,Turkish
başka bir şey ama yiyebileceğim normal ekmek ekmeği istiyorum yüzden benim efendim kabuğumun müstakbel karısı soğuk sadece tüm yiyeceklere baktığım iyi narcisini yemelisin,Turkish
ama yenmez olan şey için kalbi kırıldı yakında ağlamaya başladı bunu istemiyorum ama yemek gerçekten çok iyi,Turkish
burada biraz altın patates deneyin gerçekten çok iyiler benimle evlendikten sonra,Turkish
bunların hepsini yemek zorundasın süslü şeyleri sevdiğini düşündüm hayır seninle evlenmek istemiyorum eve gitmek istiyorum,Turkish
anneme eve gitmeme izin ver melissa terrence birbirlerine baktı güzelce göz kırptı,Turkish
eğer gerçekten istediğin buysa seni eve götürürüm terrence ağlayarak mutsuz olur,Turkish
narsis arabanın içinde eve vardığında yaptığı seçimler hakkında derinlemesine düşünmeye başladı,Turkish
evde oturan annesine sarılmak için koştu hüzünlü abla tatlı kızım seni bir daha göremeyeceğimi sandım,Turkish
anne seni çok seviyorum haklıydın zenginlik şey değil ben onu yiyemediğim için altın ekmek faydasızdı adam olsa bile,Turkish
yakışıklıydı beni hiç umursamıyordu ama canım başkalarına tam olarak böyle davrandığının farkında mısın biliyorum davranış şeklim için çok üzgünüm anne hayır gördüğünden beri sorun değil,Turkish
hatan oldu günden itibaren sana güzel bir şeyler besleyelim,Turkish
narcisa ilk başta mücadele ettiği yollarını değiştirdi ama yavaşça sabırla bir gün çok daha güzel olmaya başladı mellie terry tekrar marian ile buluşmaya geldi merhaba ikiniz yüzden anlat bize marian,Turkish
nasıl narsisizm artık marian onlara hem olan şeyi anlattı hem zamandan beri çok değişti,Turkish
artık altın ekmek istemeyeceğini tahmin ediyorum biliyorsun,Turkish
terry sen aslında meleğe biraz benziyorsun ama görüyorum nasıl olursun ikiniz çok hoşsunuz,Turkish
nature framstående brittisk vetenskaplig veckotidskrift som började utges november 1869 och grundades norman lockyer,Sweedish
världens mest citerade interdisciplinära vetenskapliga tidskrift,Sweedish
fler 700 artiklar har över åren författats drygt 275 nobelpristagare,Sweedish
flesta vetenskapliga tidskrifter numera högt specialiserade men nature bland ett fåtal tidskrifter veckotidskrifterna science proceeding national academy science också framstående exempel som fortfarande publicerar originalartiklar inom ett brett spektrum vetenskapliga områden,Sweedish
det många vetenskapliga områden inom vilka viktiga nya framsteg publiceras antingen artikelform eller som brev nature,Sweedish
wikipedia svenskt uttal wiki och mångspråkig webbaserad encyklopedi,Sweedish
har huvudsak fritt och öppet innehåll som utvecklas sina användare ofta benämnda wikipedianer,Sweedish
består till stor del referat källor skrivna experter,Sweedish
wikipedia lanserades januari 2001 jimmy wale och larry sanger ursprungligen engelskspråkig version och det mest besökta uppslagsverket internet,Sweedish
svenskspråkiga wikipedia startades maj 2001,Sweedish
wikipedia 2020 rankad som världens trettonde och sverige åttonde mest besökta webbplats enligt alexa,Sweedish
wikipedia drivs icke vinstinriktade stiftelsen wikimedia foundation med stöd privata donatorer,Sweedish
projektet bygger wikiprogramvaran mediawiki som uteslutande fri och har öppen källkod,Sweedish
wikipedia grundades januari 2001 internetentreprenören jimmy wale och filosofen larry sanger båda knutna till wale internetföretag bomis,Sweedish
hade 2000 försökt starta uppslagsverket nupedia vilket dock begränsades strikta krav skribenterna,Sweedish
genom att använda wikitekniken det vill säga sökbar webbplats där sidorna enkelt och snabbt kan redigeras besökarna lyckades igång skrivandet,Sweedish
wikipedia var från början enbart engelskspråkigt men mar 2001 togs initiativet till flera språk,Sweedish
först var tyska tätt följt katalanska och japanska,Sweedish
dessa tre var gång före utgången mar,Sweedish
maj 2001 lades ytterligare nio stora språk till,Sweedish
före utgången 2001 fanns wikipedia språk,Sweedish
engelskspråkiga wikipedia har hela tiden varit störst och hade december 2019 miljoner artiklar,Sweedish
första redigeringen gjordes bomis kontorskonto januari 2001 klockan sidan homepage som var namnet förstasidan,Sweedish
klockan skapades första artikeln wikipedia samma användare,Sweedish
namnet wikipedia myntades larry sanger och sammanslagning wiki som hawaiiska och betyder snabb och encyclopedia från grekiskans enkyklios paideia ordagrant rundad bildning eller kunskaper som formar krets betydelsen allmänbildning,Sweedish
svenska var det andra mindre språket efter katalanska som fick egen wikipedia och första redigeringen gjordes maj 2001 linus tolke,Sweedish
äldsta bevarade startsidan för svenskspråkiga wikipedia från juli 2001,Sweedish
svenskspråkiga wikipedia var dock stort sett inaktiv till november 2002,Sweedish
wikipedia finn idag tillgänglig 317 olika språk,Sweedish
269 språkversioner hade september 2020 över ettusen artiklar och språk hade fler miljon artiklar,Sweedish
engelskspråkiga versionen störst idag med 238 145 artiklar 998 856 599 redigeringar sedan start och 141 020 aktiva bidragsgivare senaste månaden,Sweedish
därefter följde september 2020 cebuanospråkiga svenskspråkiga tyska franska och nederländska versionerna ordnade storlek efter antal riktiga artiklar,Sweedish
totalt innehåller wikipedias olika språkversioner 228 586 156 artiklar och svenskspråkiga versionen har 431 103 artiklar,Sweedish
svenskspråkiga wikipedia innefattar emellertid stor andel miljoner eller procent noterat januari 2019 robotskapade artiklar och var september 2020 bara fjortonde plat sett till antal redigeringar sedan start och tjugonde plat sett till antal aktiva inloggade bidragsgivare senaste månaden,Sweedish
även cebuanospråkiga wikipedia innefattar mycket stor andel miljoner eller procent robotskapade artiklar,Sweedish
flesta robotskapade artiklar har skapats svenska lsjbot och handlar djur eller ortnamn,Sweedish
många studenter journalister författare forskare med flera yrkeskategorier hämtar dagligen uppgifter från wikipedia där snabbheten stor fördel jämfört med att leta litteratur och forskningsartiklar,Sweedish
sökmotorer som google leder ofta till wikipedia och driver webbtrafik till wikipedia,Sweedish
wikipediaartiklar ans emellertid främst användbara för att hitta andra mer auktoritativa källor snarare som informationskälla till egna publikationer,Sweedish
svensk undersökning visade 2019 att procent svenska internetanvändarna använde wikipedia varav tio procent gjorde det varje dag,Sweedish
bland som studerar använde procent wikipedia för att söka information,Sweedish
samma undersökning visade 2018 att åldersgruppen upp till använde procent wikipedia,Sweedish
det var fler män kvinnor som använde wikipedia varje vecka procent män och procent kvinnor,Sweedish
det finn ämnesorienterade wikipediasidor som exemplifierar hur wikipedia kan användas släktforskare lärare och vandrare,Sweedish
det vanligt förekommande att lärare synnerhet universitetsnivå avråder studenter från att använda wikipedia som källa och istället rekommenderar att går till mer auktoritativa källor som sin tur anges många wikipediaartiklar därför att studenten med sitt val källor ska bevisa uppsatsens akademiska nivå och vetenskapliga aktualitet,Sweedish
även wikipedia rekommenderar att använder verket för att hitta källor hellre att uppge wikipedia som källa,Sweedish
andra lärare accepterar enstaka hänvisningar till wikipedia eller andra uppslagsverk andra källor inte kan hittas förutsättning att längre uppsatser och examensrapporter inte sin helhet baserade detta utan grundas forskningspublikationer akademiska läroböcker och studentens egna undersökning,Sweedish
wikipedia förekommer princip aldrig källhänvisningar forskningspublikationer,Sweedish
det förekommer att artiklar wikipedia listas bland kurslitteraturen för högskolekurser bland annat sverige 2007 dock med varnande noter för användning med viss försiktighet,Sweedish
forskare kan fler forskningsciteringar begrepp som har myntat och teorier som har lanserat refereras wikipedia enligt nedan,Sweedish
wikipediaartiklar har mycket varierande kvalitet,Sweedish
wikipediaartiklars trovärdighet vilar mycket des källor och att ett stort antal personer bevakar granskar och bidrar till artiklarna medan andra uppslagsverk vilar att des författare experter som ans vara auktoriteter sina områden,Sweedish
wikipediaartikels tillförlitlighet kan bedömas bland annat genom att studera artikelns historik som framgår forskningsresultat nedan,Sweedish
wikipediaartikel som stämmer följande påståenden har således sannolikt hög trovärdighet dessa kriterier gör att engelska språkversionen wikipedia som har flest skribenter flest artiklar och allmänhet längre artiklar förutom svenska förhållanden bör fler trovärdiga artiklar svenska,Sweedish
detta också vanlig uppfattning bland svenska läsare,Sweedish
också vanliga kriterier för källkritik kan tillämpas wikipediaartiklar,Sweedish
det tillåtet att direkt kopiera stora delar artiklarna eller enstaka bilder till egen publikation förutsatt att publicerar samma licens som wikipedia bild kan ligga annan öppen licens och anger källa till artikeln som licensen kräver,Sweedish
publicerar inte fri licens krävs att kommer överens med upphovspersonerna exempelvis med fotograf ersättning,Sweedish
referat och korta citat från wikipedia tillåtna enligt citaträtten som från vilken som helst annan källa,Sweedish
eftersom wikipedia bygger tidskriftsartiklar forskningspublikationer och böcker finn risk för rundgång felaktiga uppgifter professionella författare och skribenter slarvar med att uppge källa hämtar uppgifter från wikipedia,Sweedish
källhänvisning till wikipedia måste vara tillräckligt exakt att läsare själv kan hitta artikeln och artikelns författare artikelhistoriken,Sweedish
accessdatum viktigt eftersom wikipediaartiklar förändras,Sweedish
källförteckningens källbeskrivning kan exempelvis utformas enligt följande använder harvardsystemet som referenssystem vid ieee och vancouversystemet kan källbeskrivning formateras enligt följande källan nummer källförteckningen enligt oxfordsystemet kan samma källbeskrivning utformas alla versioner sidorna wikipedia sparas,Sweedish
därmed det möjligt att länka till version artikel använt,Sweedish
länk till arkivversionen tillhandahålls artiklarnas vänstermarginal,Sweedish
funktionsprincip som ligger till grund för projektet kallas wiki hawaiiska för snabbt,Sweedish
wikiprincipen avser att det går snabbt att hitta artiklar att det enkelt att ändra och länka samman artiklar att publiceringen inte fördröjs redaktionell granskning och godkännande samt att det går snabbt att återställa ändringar till tidigare version artikeln,Sweedish
wiki webbserver och databasserver som möjliggör för ett stort antal människor att tillsammans redigera webbsidor via webbgränssnitt och innefattar funktioner för artikelhistorik och versionshantering,Sweedish
wiki har således stora likheter med ett webbpubliceringssystem,Sweedish
viktiga skillnader att wiki lagras sidorna icke hierarkisk struktur vilket underlättar sökning och länkning samt att wikier traditionellt har saknat funktioner för att hantera linjeorganisationens arbetsflöden och beslutsgång för godkännande publicering,Sweedish
wikipedia använder sig fria wikiprogramvaran mediawiki som licensierad gnu general public license gpl,Sweedish
från början använde wikipedia annan wikiprogramvara usemodwiki som också licensierad gpl,Sweedish
serverklustren finn sedan januari 2013 delstaten virginia och har även speglade data casheservrar datacenter amsterdam som bland annat betjänar europa singapore för asien samt san francisco och texas för amerika,Sweedish
tillsammans konsumerar gwh energi per 2016 vilket motsvarar 700 tyska hushålls årsförbrukning,Sweedish
wikipedias webbsidor kan delas ett antal typer eller namnrymder där vanligaste för var och dessa sidor finn dessutom diskussionssida där främst sidans utformning men inte des ämne diskuteras,Sweedish
varje sida har versionshistorik där ser vilken användaridentitet som har ändrat vad och när sidan,Sweedish
wikipedias artiklar redigeras vanligen genom att använder wikikod wikitext som ett kompakt märkspråk,Sweedish
för nybörjare och andra som inte vill eller kan använda märkspråk finn sedan sommaren 2013 ett alternativt och enklare redigeringsgränssnitt visualeditor,Sweedish
visualeditor nås genom att välja fliken redigera ovanför artikeln medan wikikoden redigeras genom att välja redigera wikitext,Sweedish
båda metoderna kan användas för att wikifiera artikeln det vill säga för att infoga länkar till andra artiklar fotnoter kategorier bilder rubriker tabeller och annan typografisk formatering,Sweedish
wikikod används även för att skapa mallar med innehåll som kan återanvändas flera olika artiklar och var utformning kan anpassas med hjälp olika parametrar,Sweedish
mer komplicerad kodning artiklar och mallar kan även göras märkspråken html för avancerad layout och tex för matematiska formler och notskrift samt programspråket lua för att skapa programmoduler som kan användas avancerade mallar och som körs mediawikiservern,Sweedish
inloggade användare kan anpassa sitt användargränssnitt genom att välja mellan olika skal stilmallar och genom att aktivera olika finesser program skrivna språket javascript,Sweedish
finesser lagras mediawikiservern men körs lokalt användarens webbläsare,Sweedish
mediawikiprogramvaran skriven php,Sweedish
bilder och andra mediafiler lagras allmänhet filarkivet wikimedia common som gemensam för alla wikimedia projekten och kan användas också utomstående,Sweedish
del projekt såsom finsk och engelskspråkiga wikipedia har dessutom egna filer som inte kan användas andra projekt medan innehåll common förutsätts vara fritt tillåts dessa projekt även proprietär medium basen fair use återgivningsrätt,Sweedish
länkar mellan språkversionerna språklänkar eller interwikilänkar lagras sedan 2013 centralt databasen wikidata istället för att läggas med wikikod varje språkversion varje artikel,Sweedish
wikidata kan även siffror namn och annan kvantitativ data motsats till löpande text lagras gemensamt för alla språkversioner,Sweedish
data som gemensamma för många språkversioner behöver sätt bara uppdateras ett ställe,Sweedish
data från wikidata länkas automatiskt allt fler wikipedias faktarutor,Sweedish
visionen att även listor tabeller diagram och kartor ska kunna skapas automatiskt för olika språk något som emellertid kräver komplicerad programmering sökverktyg som sparql och quarry,Sweedish
ett enklare alternativ kan vara att lagra tabelldatafil exempelvis från ett kalkylark sida wikimedia common datanamnrymd vilket underlättar automatiskt skapande diagram och kartor olika språk,Sweedish
wikidata dessutom utformad för att vara del semantiska webben,Sweedish
syftet att underlätta för maskiner exempelvis kalkylprogram artificiell intelligens och bottar att söka tolka analysera visualisera och uppdatera data wikidata,Sweedish
wikidata lagrar därför data ett strukturerat sätt tillsammans med semantisk information som beskriver datats betydelse och relationer exempel stockholm instans huvudstad stockholm tillhör administrativa enheten stockholm län stockholm grundades 1187,Sweedish
wikipedias ursprungliga användargränssnitt kallas des stationära och utformat för webbläsare persondatorer exempelvis stationära datorer med relativt stora skärmar,Sweedish
idag kan wikipediasidor även läsas och redigeras från handhållna enheter såsom mobiltelefoner,Sweedish
redan 2004 möjliggjorde wapediatjänsten tillgång från mobiltelefoner via kallade wap sidor webbliknande teknik avsedd för mobiltelefoner med piltangenter och små skärmar,Sweedish
2006 och 2007 lanserades mobilanpassade wikipedia webbgränssnitt avsedda för mobila plattformar med enkla webbläsare,Sweedish
2009 öppnades nyare version som idag officiella mobila vyn avsedd för smartmobiler såsom symbian telefoner iphone enheter och android enheter,Sweedish
engelskspråkiga wikipedias mobila har adressen wikipedia org och svenskspråkiga mobila vyn wikipedia org,Sweedish
även ett antal mobila appar för ändamålet finn,Sweedish
mobila webbvyn accessas mer ofta stationära vyn för svenskspråkiga wikipedia sedan slutet 2015 särskilt semestermånader och skillnaden växer,Sweedish
mobila wikipediaappar används bara för bråkdel accesserna,Sweedish
wikipedia även tillgängligt via spelkonsoler som playstation nintendo wii och xbox 360,Sweedish
där kan ladda ner databasdumpar åtminstone engelskspråkiga wikipedia men det vanliga webbversionen uppslagsverket och ingen speciellt utvecklad version,Sweedish
wikipedia regel fritt tillgänglig alla delar världen där har fri tillgång till internet,Sweedish
wikipedia censurerar inte sig själv från provocerande eller stötande material men modereras genom konsensusbeslut baserat sin egen raderingspolicy,Sweedish
dock stiftelsen wikimedia foundation skyldiga att efter tid radera innehåll som bryter mot amerikansk lag eftersom servrarna placerade där nämligen upphovsrättsbrott förtal avslöjande personuppgifter och brott mot barnskyddslagstiftning,Sweedish
till skillnad från nätcommunities som har sina servrar sverige wikipedia egentligen inte skyldig att följa lagen elektronisk kommunikation men des amerikanska motsvarigheter,Sweedish
stiftelsens svenska avdelning arbetar emellertid även med europeisk lagstiftning exempelvis dataskyddsförordningen wikipedia påverkas sannolikt inte direkt upphovsrättsdirektivet,Sweedish
likhet med andra sociala medier saknar wikipedia ansvarig utgivare och utgivningsbevis sverige,Sweedish
wikipedias ocensurerade innehåll och att uppslagsverket inte behöver följa andra länders lagar usa har anförts som skäl när det blivit utsatt för restriktioner och blockeringar vissa länder,Sweedish
detta har främst skett länder med internetcensur och inskränkningar yttrande och tryckfriheten senare tid folkrepubliken kina kinesiska brandväggen bland annat sedan april 2019 och turkiet från april 2017 till januari 2020 som skylldes skriverier turkiets inblandning syriska inbördeskriget,Sweedish
nordkorea begränsas allmänhetens tillgång till utländska internetsajter,Sweedish
tillfällig total blockering vissa eller alla språkversioner wikipedia har skett venezuela januari 2019 uzbekistan 2007 2008 2012 2016 pakistan 2006 och 2010 grund hädelse syrien 2008 2009 saudiarabien 2006 och tunisien 2006,Sweedish
innan 2016 filtrerades vissa wikipediasidor ryssland självmord och droger saudiarabien iran och thailand,Sweedish
efter att wikipedia gick över helt till blev det tekniskt mycket svårt för internetleverantörer att filtrera specifika sidor och dessa länder hävde filtreringen,Sweedish
krypteringen gör det dessutom mycket svårt att övervaka vem som läser vilken wikipediaartikel,Sweedish
även länder med hög grad yttrandefrihet har censur och filtrering skett såsom frankrike inrikesdepartementets säkerhetstjänst försökte 2013 att censurera artikel militär radiostation och storbritannien artikel som innehöll bild som kategoriserades som barnpornografi organisationen internet watch foundation blockerades många internetleverantörer 2008,Sweedish
lagförslag italien förhandsgranskning materialet wikipedia ledde till stor uppmärksamhet och förslaget drogs tillbaka,Sweedish
wikipedia kan redigeras vem som helst,Sweedish
detta gör att encyklopedin beroende ett stort antal välmenande skribenter som frivillig basis håller efter lilla grupp skribenter som olika sätt ställer till problem,Sweedish
det sätt genom vilket materialet wikipedia skapas leder även till problem felaktig och vinklad information kan läggas till,Sweedish
grundtanken dock att flesta användare intresserade att bevara och skydda wikipedia och att dessa därför snabbt kommer att återställa efter klotter och bidrag som inte ans hålla tillräckligt hög standard,Sweedish
arbetssättet bygger även idén att samarbete och diskussion mellan alla användare leder till att gruppen helhet utvecklas och att konsensus vad som räknas som neutralt kan uppnås även svårare frågor,Sweedish
grundtankarna går alltså tvärt emot idén att publiceringen kunskap bör begränsas till liten grupp utvalda och speciellt kunniga personer som producerar material hierarkisk arbetsdelning,Sweedish
del användare har användarbefogenheter som ger tillträde till särskilda verktyg som underlättar arbetet mot klotter vandalisering och konflikter,Sweedish
exempelvis väljs vissa användare till administratörer som tillfälligt eller tillsvidare kan blockera användare som inte respekterar riktlinjer och konsensusbeslut,Sweedish
administratörerna kan också hindra anonyma användare eller icke administratörer från redigering sidor som ofta föremål för attacker eller konflikter,Sweedish
gemenskapen poängterar att administratörerna inte skall tillmätas större auktoritet sak utan endast stödja själva processen,Sweedish
flera stora wikipediaversioner dock svenska har infört moderering genom funktionen flagged revision alltså att ändringar som görs nya eller icke inloggade användare inte visa omedelbart för icke inloggade besökare utan fördröjs till någon tillförlitlig etablerad användare har granskat och godkänt,Sweedish
innehållet wikipedia omfattas juridiska skäl lagstiftningen särskilt lagen upphovsrätt virginia där wikipedias servrar numera befinner sig,Sweedish
utöver detta wikipedias redaktionella principer sammanfattade kallade fem pelarna och många policyer och riktlinjer syftar till att utforma innehållet lämpligt sätt,Sweedish
även dessa regler finn lagrade wiki form och wikipedia skribenter kan skriva och revidera dessa policyer och riktlinjer,Sweedish
dessa riktlinjer och policyer tillämpas genom att wikipedia skribenterna kan bort märka eller ändra artikelmaterial som inte uppfyller,Sweedish
regler som icke engelska utgåvorna wikipedia har baseras ofta översättning reglerna engelskspråkiga wikipedia och skrivs sverige utifrån lokala svenskspråkiga diskussioner,Sweedish
wikipedia också internetgemenskap,Sweedish
som sådan har utvecklat egen kultur och egna traditioner och sammanfattas fem grundprinciper olika språkversionerna wikipedia fungerar som stora internetbaserade grupparbeten med målet att skapa encyklopedi,Sweedish
kontakter och diskussioner mellan medlemmarna grupparbetet sker regel samma gränssnitt via artiklarnas eller användarnas diskussionssidor eller genom olika deltagarportalerna,Sweedish
förutom samarbetet och diskussioner online arrangeras olika sorter fysiska träffar mellan wikipediaanvändare,Sweedish
usa finn exempelvis great american wiknic årlig wikipediaträff som sommaren anordnas flera amerikanska städer,Sweedish
ibland samlas wikipediaanvändare lokalt till olika specialevenemang med syftet att bidra till projektet exempelvis genom att ägna dag fotografering ett område fotosafari eller för att redigera tillsammans skrivstuga,Sweedish
skrivstugor har ofta specifika teman där wikipediaartiklar kvinnor ett särskilt vanligt tema,Sweedish
lokalt anordnas ofta mindre och informella träffar exempelvis något café eller pub,Sweedish
svenskspråkiga wikipedia kallas dessa möten wikifika eller wikipub,Sweedish
wikipedias trovärdighet både jämfört med andra uppslagsverk och andra specialiserade källor kan analyseras olika sätt bland annat genom blindtester experter genom statistik genom analys historiska mönster och genom att analysera styrkor och svagheter wikimodellen,Sweedish
wikipedia finn ingen redaktion utan allt arbete utförs mestadels anonyma frivilliga vilket kan förväntas påverka tillförlitligheten negativt,Sweedish
andra sidan finn det fler som kan rätta felen,Sweedish
2014 mätte forskare vid harvard business school hur politiskt vinklat språket andelen ideologiskt laddade formuleringar 000 engelskspråkiga wikipediaartiklar politik,Sweedish
mätte också artiklarnas neutralitet form balansen mellan antal formuleringar som vanliga bland usa demokrater exempelvis poor people tax break och change rule respektive konservativa illegal alien death tax och border security,Sweedish
utvärderade även motsvarande artiklar det traditionella uppslagsverket encyclopedia britannica syfte att jämföra neutraliteten kollektivt författad information med expertgenererat material,Sweedish
artikelhistoriken visade att wikipediaartiklar ett tidigt skede ofta har ett vinklat språk och kan växla mellan huvudsak vänster och högervinkling tidens gång men artiklar som har redigerats flest gånger tusentals gånger har försumbara skillnader vinkling och neutralitet jämfört med encyclopedia britannicas motsvarande artiklar och dessutom mer fördjupade,Sweedish
bidragsgivare till wikipedias politikartiklar som har formulerat sig radikalt tenderar att förändra sitt sätt att skriva att deras bidrag efter några innehåller märkbart färre ideologiskt laddade formuleringar,Sweedish
emellertid antal redigeringar wikipediaartikel endast svagt korrelerat med antal läsare artikeln många populära artiklar nya och har omarbetats gånger,Sweedish
detta gör att läsarens synvinkel fortfarande engelskspråkiga wikipedias politikartiklar mer vinklade encyclopedia britannicas artiklar något oftare mot vänster höger men att balansen olika för olika ämnesområden,Sweedish
wikipedia bedöms dock vara betydligt mer neutral kollektivt och användargenererat material allmänhet internet bloggar sociala nätverk diskussionsforum kommentarsfält och andra wikier sannolikt därför att senare skrivs mindre community wikipedia och har färre innehållsstyrande policyer,Sweedish
därför dessa avsevärt mer känsliga för starka uppfattningar och kontroversiella påståenden som framförs dominerande bidragsgivare,Sweedish
wikipedias diskussionsforum karaktäriseras trot redigeringskrig och kritik för pedanteri och sexism tvärtom sansade diskussioner mellan meningsmotståndare som hittar gemensam konsensus och även vid djupt kontroversiella ämnen,Sweedish
med hänvisning till denna forskning har debattörer därför beskrivit wikipedia som möjlig lösning internet största problem med osaklig polarisering och desinformation,Sweedish
wikipedia öppet för gemensam redigering och kan redigeras anonymt bedöms wikipedias trovärdighet ofta efter hur fort felaktig eller missvisande information som avsiktligen har lagts raderas,Sweedish
engelskspråkiga wikipedia gjordes undersökning 2007 som visade att fem procent det som skrivs wikipedia klotter men att det har tagits bort inom mediantid minuter men enstaka fall kan ligga kvar flera utan att upptäckas,Sweedish
risken att artikelversion läser innehåller klotter beräknades till cirka 004 procent,Sweedish
undersökning som publicerades 2005 tidskriften nature visar att när det gäller artiklar vetenskapliga ämnen var engelskspråkiga wikipedia nästan lika korrekt som encyclopædia britannica,Sweedish
wikipedia hade också ungefär samma antal allvarliga fel artiklarna,Sweedish
uppgifterna har ifrågasatts encyclopædia britannica,Sweedish
jämförelse utförd svenska dagbladet 2006 där nio experter granskade varsin nio artiklar mellan nationalencyklopedin och svenskspråkiga wikipedia var nationalencyklopedin bäst sex fall och wikipedia var bäst tre fall,Sweedish
statens medieråd skrev icke daterad artikel tillgänglig 2015 att stickprov som gjorts visar dock små skillnader,Sweedish
där vinner tillförlitlighet vinner wikipedia aktualitet,Sweedish
ska dock tänka att vissa texter wikipedia bara påbörjade medan andra kan vara betydligt mer utvecklade innehållet,Sweedish
ungefär ett senare togs formuleringen tillförlitlighet och aktualitet bort senare version artikeln,Sweedish
oktober 2005 publicerade brittiska guardian artikel med titeln trust wikipedia kan lita wikipedia,Sweedish
där panel experter ombads granska sju artiklar som berörde deras specialområden och betygsätta artiklarna med poäng,Sweedish
alla artiklarna fick mellan och poäng men flesta fick mellan och poäng,Sweedish
vanligaste kritiken var det vanligaste berömmet var kritik och skepsis mot wikipedia har funnits sedan start och var särskilt framträdande när allmänheten först började upptäcka fenomenet och olika incidenter inträffade första gången,Sweedish
eftersom engelskspråkiga wikipedia största språkupplagan tar mycket kritiken sina exempel därifrån,Sweedish
till skarpaste kritikerna hör ofta personer var bidrag till wikipedia har raderats,Sweedish
wikipedia får kritik för att artiklarnas tillförlitlighet blandad och för att vissa artiklar mycket korta eller har knapphändigt med källhänvisningar,Sweedish
wikipedia får kritik för att författarna hög grad västerländska män ofta med akademisk bakgrund och att balansen mellan artikelämnen och perspektiv kan påverkas dessa författares intresseområden,Sweedish
wikipedias öppenhet gör mottaglig även för redigeringar som inte välmenade,Sweedish
eftersom öppna nätverk fortfarande företeelse för flesta många besökares första redigering rent klotter testar redigera här sidan verkligen det ger sig för att vara,Sweedish
många användare upptäckte wikipedia liknande sätt och eftersom klotter lätt att bort toleransen också ganska hög gentemot företeelsen,Sweedish
det tar inte lång tid innan uppenbart klotter borttaget,Sweedish
däremot tolereras inte avsiktlig vandalism,Sweedish
användare som kontinuerligt förstör artiklar kan utestängas från framtida deltagande projektet genom att administratör blockerar deras användarkonto eller adress,Sweedish
tidig studie gjord ibm 2003 visade att vandalism genomsnitt ta bort mycket snabbt men enstaka fall kan ligga kvar mycket länge,Sweedish
annan tidig studie från 2007 som mätte sidvisningar engelskspråkiga wikipedia med felaktigt vandaliserat innehåll kom fram till att procent allt klotter eller vandalism återställdes innan det hunnit icke inloggade användare,Sweedish
ett annat beteende som ofta som ett problem bidragsgivare som använder flera användarnamn utöver sitt egentliga vilseledande syfte,Sweedish
dessa kallas sock puppet eller marionetter,Sweedish
grundaren larry sanger övergav tidigt projektet och har sedan des varit des kritiker,Sweedish
han menade våren 2020 att wikipedia allvarligt lider bristande neutralitet därför att enligt honom har övergett principen att återge många perspektiv och att inte ställning,Sweedish
engelskspråkiga wikipedia har istället börjat tillämpa princip att undvika falsk balans och tar därför ställning för etablerade vetenskapliga uppfattningar,Sweedish
enligt sanger främställs därför minoritetsuppfattningar bland forskare ibland som pseudovetenskap,Sweedish
sanger ger även exempel icke vetenskaplig religionskritik som har fått utrymme och att wikipedia enligt honom ger vänsterpolitisk kritik större utrymme högerperspektiv,Sweedish
wikipedia har anklagats för att tendens att täcka vissa ämnen oproportionerligt förhållande till hur viktigt ämnet,Sweedish
intervju med guardian 2004 sade dale hoiberg encyclopædia britannicas chefredaktör engelskspråkiga wikipedia intervjun publicerades oktober 2004,Sweedish
mar 2005 hade artikeln kinesisk konst blivit tre gånger stor som orkanen france underartiklar inräknade och artikeln tony blair var större coronation street,Sweedish
wikipedias förespråkare pekar sådana exempel för att visa att vinklingarna kommer att bli mindre med tiden medan motståndare anser att dessa artiklar fick extra uppmärksamhet grund intervjun och att ökningen inte gäller alla artiklar,Sweedish
2006 listade hemsidan wikipedia watch org ett dussintal plagieringar gjorda redaktörer engelska versionen wikipedia,Sweedish
jimmy wale som varit med och grundat wikipedia sade detta sammanhang måste hantera sådana händelser fullaste allvar utan nåd eftersom denna typ plagiering strider till 100 mot alla våra grundläggande principer,Sweedish
wikipedia har kritiserats bland annat larry sanger 2012 för att tillåta sexuellt innehåll sina artiklar bland annat bilder och filmer onani och ejakulation samt även foton från pornografiska filmer flera artiklar,Sweedish
kritikerna menade att sexuellt innehåll visa för frikostigt wikipedia och att bilderna för lättåtkomliga för barn som eventuellt använder wikipedia sitt skolarbete,Sweedish
exempelvis visa det kontroversiella originalomslaget till albumet virgin killer bandet scorpion engelska wikipedia,Sweedish
omslaget föreställer naken minderårig flicka,Sweedish
2008 blockerades artikeln fyra dagar flesta storbritanniens internetleverantörer,Sweedish
detta efter att rapporterats som barnpornografi internet watch foundation ideell organisation som letar efter olagligt innehåll internet och samarbetar med bland annat brittisk polis,Sweedish
ansåg att införandet bilden artikeln var smaklöst,Sweedish
efter att wikipedias grundare larry sanger pekat vad han ansåg vara fall barnpornografi wikipedias bildbank wikimedia common tog wikipedias andra grundare jimmy wale hastigt bort flera bilder med sexuellt innehåll inklusive sakligt material utan att konsultera användarna stort,Sweedish
detta har han fått kritik för och har frivilligt gett upp del privilegier han haft som grundare,Sweedish
2007 utvecklade caltech studenten virgil griffith webbtjänsten wikiscanner som samkör flera register,Sweedish
därigenom upptäcktes det att olika organisationer till exempel cia vatikanen och astra zeneca redigerat vinklat artiklar som rörde deras respektive områden,Sweedish
generellt betraktades företagens beteende som dåligt medan wikiscanner spåddes stor betydelse för att övervaka kvaliteten wikipedia,Sweedish
wikiscanning historien uppmärksammades independent som fastslog att många censureringar som gjorts rad wikipediaartiklar användare med egenintresse hade upptäckts wikipedia har kritiserats för att löst definierade krav vilka ämnen som ans vara tillräckligt kända att det relevanta för uppslagsverket och kan egna artiklar utan att raderas,Sweedish
författaren nicholson baker skrev new york review book att diskussionen kring vad som relevant kontroversiell att ingen kan bilda sig klar uppfattning och hävdade att artiklar ämnen som borde vara relevanta lätt raderas,Sweedish
wikipedia har kritiserats för att liten grupp människor står för största delen innehållet,Sweedish
mätningar wikipedias neutralitet visar att det kan krävas ett mycket stort antal bidrag ofta tusentals för att wikipediaartikel ska uppnå kvalitet som jämförbar med expertförfattad uppslagsverksartikel,Sweedish
det kollaborativa skrivandet därmed ineffektivt och gör att nyskapade artiklar och artiklar som inte har många bidragsgivare kan stora brister,Sweedish
auktoritetsbristen och avsaknad expertgranskning innebär att kvalitetssäkring saknas artiklarnas lägstanivå,Sweedish
när nya bidrag görs till wikipedia handlar det ofta små delar eller delar sida som utsätts för granskning,Sweedish
hög och lågkvalitetsändringar kan blanda sig samma artikel,Sweedish
till exempel historikern roy rosenzweig rent generellt själva skrivandet wikipedias akilleshäl,Sweedish
grupper skriver sällan bra och bidragen wikipedia ofta ojämn kvalitet som beror att meningar och stycken skrivna olika personer har sammanfogats,Sweedish
även artikel faktamässigt korrekt kan lida andra kvalitestsbrister exempelvis att språket har bristande läsbarhet ibland att det ser som att har maskinöversatts flera gånger,Sweedish
orsaken kan vara att olika delar har redigerats olika bidragsgivare med olika grad språkliga färdigheter och olika syn hur tekniskt detaljerat språket ska vara,Sweedish
mindre språkversioner wikipedia kan bristerna bero att mycket innehållet kommer från översättningar gamla versioner wikipediaartiklar andra språk och från nationell nyhetsmedia stället för från aktuella auktoritativa källor,Sweedish
översättningen kan vara bristfällig och kvalitetsbrister kan ligga kvar länge kontrollerar artikeln,Sweedish
bibliotekarien philip bradley säger intervju med guardian oktober 2004 att det huvudsakliga problemet bristen auktoritet,Sweedish
med tryckta publikationer måste utgivaren till att information denne publicerar sanningsenlig deras levebröd hänger det,Sweedish
encyclopædia britannicas före detta chefredaktör robert mchenry och paul vallely har även noterat att wikipedias läsare inte kan veta vem som skrivit artikeln läser kan vara skriven någon som inte expert ämnet,Sweedish
mchenry har också framfört att wikipedia faller att säger sig vara encyklopedi ett ord som inger auktoritet och pålitlighet som oförenligt med koncepten öppenhet och wiki,Sweedish
larry sanger nupedias förre chefredaktör har intervju med kuro5hin sagt att ett wikipedias stora problem anti elitism som finn,Sweedish
wikipedia ber användarna att verifiera innehållet genom att uppge och kontrollera källor,Sweedish
dessa kan praktiken vara bloggar och ibland kan det visa sig att artikel wikipedia verifieras genom att innehållet kontrolleras mot källa som sin tur har använt wikipedia som källa utan att uppge detta,Sweedish
magisteruppsats har det visat sig att över procent gymnasieelever som ingick undersökningsgruppen ser förekomsten källor som det främsta kriteriet bedömningen artikels tillförlitlighet,Sweedish
ett betydligt mindre antal elever bara två procent tycker att författaren till artikeln viktig,Sweedish
detta skiljer sig därför markant från andra uppslagsverk där till exempel aktad författare eller forskare kan ans som trovärdig källa,Sweedish
cult amateur today internet killing culture assaulting economy berättar entreprenören andrew keen sitt missnöje med wikipedia,Sweedish
han menar att amatörer som skriver sidan växer bekostnad forskare och experter,Sweedish
detta bidrar till disharmoni när webben utvecklas och författaren får ett samspel med publiken,Sweedish
gränsen mellan amatör och expert suddas amatörernas bloggar eller redigeringar inte alltid kvalitetssäkrade utan helt enkelt det som blir det mest intressanta och som hörs mest,Sweedish
han menar dock inte att det öppna tekniken där alla välkomna som användare som problemet utan själva implementeringen det krävs balansgång mellan öppenheten och auktoriteten,Sweedish
åren har det inletts flera projekt för att forskare att hjälpa till att stärka kvaliteten wikipedias artiklar,Sweedish
wikipedias regler tillåter inte originalforskning och att nya begrepp myntas där utan måste första publicerats men nya begrepp kan större spridning nämns wikipedia och forskaren som har myntat begreppet kan därmed bli citerad mer ofta studentuppsatser och vetenskapliga publikationer,Sweedish
undersökningar bland annat 2017 har visat att ord som presenterats wikipedia artiklar senare ofta kan dyka upp akademiska uppsatser,Sweedish
akademiska tidskriften rna biology började 2008 koppla samman artikelskrivandet tidskriften och des relaterade databas med skrivandet wikipedia,Sweedish
bokkapitlet wikipedianer wikipedia undervisningen antologin pedagogiskt arbete teori och praktik bibliotekariens roll för studenters och doktoranders lärande red,Sweedish
birgitta hansson anna lyngfelt skriver högskolebibliotekarien jan hjalmarsson hur wikipedia kan användas högre utbildning för att träna studenterna att jämföra källor diskutera och problematisera olika typer digitala källor,Sweedish
han beskriver hur han har arbetat med wikipedia undervisningen inom etnologiämnet södertörns högskola och hur studenterna fick uppgift som innebar att skulle skriva redigera artiklar wikipedia olika för etnologiämnet relevanta vetenskapliga begrepp som,Sweedish
subkultur motkultur genus och intersektionalitet,Sweedish
ett annat exempel hur studenterna kan arbeta med wikipedia inom ramen för sina högskolestudier beskrivs artikeln bildning för vår tids bibliotek skriven karin grönvall och jan hjalmarsson där lyfter fram ett samarbete med ämnet marinarkeologi södertörns högskola,Sweedish
globala enkätundersökningen wikimedia general user survey 2009 genomfördes hösten 2008 bland besökare språkversioner wikipedia främst engelska tyska och spanska versionen dock svenska versionen,Sweedish
deltagarna enkäten var boende 228 olika länder,Sweedish
var från sverige,Sweedish
enkätsvaren var wikipediaförfattare huvudsak icke regelbundna bidragsgivare medan läste wikipedia utan att bidra,Sweedish
var dessutom administratörer,Sweedish
författarna och läsarna var kvinnor,Sweedish
deltagarna var åldrarna,Sweedish
medelåldern bland författarna var och bland läsarna,Sweedish
gällande högsta examen som wikipediaförfattarna hade uppnått hade doktorerat hade högst uppnått master magisterexamen högst kandidatexamen endast gymnasieexamen och endast grundskoleexamen,Sweedish
enligt artikel bara drygt procent som bidrar till wikipedia kvinnor,Sweedish
studie bland internetanvändare som genomfördes 2007 hitwise australiskt marknadsundersökningsföretag och som även återgavs tidningen time fann att wikipedias besökare var nästan jämnt fördelade mellan män och kvinnor men att alla redigeringar gjordes män,Sweedish
2018 rapporterade guardian att studier visar att endast redigerare wikipedia kvinnor,Sweedish
konferensartikeln talk type coordination wikipedia har artiklarnas diskussionssidor undersökts,Sweedish
författarna har klassificerat sidorna elva olika kategorier koordinering redigering fakta som saknas klotter policy och riktlinjer länkar till interna wikipediaresurser andra diskussionssidor topic omröstningar granskning för artikelrekommendation infobox bilder och övrigt,Sweedish
författarna menar att del strategisk planering artikelredigering sker genom diskussionssidorna,Sweedish
tidigare artikel hade samma författare presenterat diskussionssidorna som arena enbart för konfliktlösning,Sweedish
författarna hävdar också att samtalet diskussionssidorna formaliserat vissa etikettregler finn som att signera sina inlägg och policydrivet referenser till riktlinjerna förekommer ofta,Sweedish
beskrivande studie som analyserade engelskspråkiga wikipedias policyer och riktlinjer fram till september 2007 identifierade del intresseväckande statistik även grundprincipen strunta reglerna ignore rule endast sexton ord lång engelskspråkiga wikipedia sidan som förklarar policyn över femhundra ord lång,Sweedish
hänvisar läsarna till sju andra dokument har genererat över 000 ord diskussion och har redigerats över 100 gånger mindre ett,Sweedish
studien jämförde även utvecklingen policyer form tillförda ord jämfört med när först skrevs siffran för deletion ansågs vara rättvis och heltäckande policyn har delats upp flera underpolicyer,Sweedish
wikipedia gör det möjligt att redigera anonymt,Sweedish
som redigerar måste inte uppge sin identitet eller en postadress,Sweedish
studie från 2007 vid dartmouth college franskspråkiga och nederländska wikipedia pekar att motsats till det förväntade sociala mönstret var som redigerade anonymt några mest produktiva bidragsgivarna innehåll med hög klass,Sweedish
förklaringen till detta skulle enligt forskarna ligga att förutsättningarna för att producera det som kan kalla för allmän egendom collective good annorlunda vad gäller wikipedia jämfört med andra sammanhang,Sweedish
det ans allmänt bland sociologer att det behövs kritisk massa när heterogen grupp med individer med både olika förutsättningar och motivation ska komma igång med att producera allmän egendom,Sweedish
denna uppnås med det produktionssätt som till exempel wikipedia har ett enklare och snabbare sätt annars,Sweedish
det blir fler som deltar och kvalitén ökar,Sweedish
med andra ord gör tekniken det möjligt att tidigare outnyttjade resurser genom att tröskeln för att delta sänkts,Sweedish
forskarna valde 000 bidrag registrerade användare och 000 bidrag icke registrerade användare slumpmässigt vardera språkgrupp totalt mer 000 bidrag mar 2005,Sweedish
studie utförd forskare från university washington och lab har försökt analysera redigeringskrig och konflikter engelskspråkiga wikipedias datadump från 2006 wikipedia ett massornas samarbete där formuleringen artiklar inte bestäms definitivt utan genom konsensus,Sweedish
sociala relationerna mellan wikipedianerna leder ibland till konflikter,Sweedish
policyer policy och riktlinjer guideline underlättar ofta konfliktlösning men forskarna har hittat flera exempel där fundamentalt olika tolkningar policyer inte har lett till någon lösning utan tvärtom förhindrat konsensus,Sweedish
författarna har valt att analysera engelskspråkiga wikipedias datadump från 2006,Sweedish
denna dump har försökt hitta redigeringskrig genom att studera artiklar med minst 250 redigeringar des diskussionssidor,Sweedish
detta motsvarade alla diskussionssidor,Sweedish
dessa utvalda diskussionssidor täckte alla redigeringar diskussionssidorna dumpen,Sweedish
dessutom täcker detta urval alla länkar till policyer,Sweedish
sedan har från utvalda diskussionssidorna riktat sig kritiska sektioner genom att välja redigeringar tidsperiod det var både många redigeringar artikelsidan såväl som diskussionssidan,Sweedish
hittade att tillit till konsensus ofta leder till ett antal tillfälliga maktspel,Sweedish
maktspel som uppträdde ofta handlade konsensus aldrig slutgiltig och dispyter diskuteras ofta legitimiteten tidigare konsensus,Sweedish
veteraner vill inte slösa tid frågor som anser lösta medan nybörjare uppfattar att deras perspektiv inte representerats tidigare argument och därför vill lyfta konsensus till diskussion igen,Sweedish
artikelförfattarna menar att wikipedias nätgemenskap främjas det svåra arbetet att söka konsensus och att sådant arbete kanske det största formuleringsarbetet wikipedia och motsätter sig andra forskares åsikt att dessa aspekter samarbetet kostsamt och improduktivt,Sweedish
erkänner dock att del koordinationsarbete kan vara överflödigt men att eventuella verktyg för att underlätta koordinering inte får förstöra sammanhållande funktion som konsensussökande diskussioner också skapar,Sweedish
med koordinationsarbete menar mödan att beskriva och arkivera tidigare diskussioner samt att hitta bland arkiverade diskussioner,Sweedish
det efterfrågar bland annat visualiseringsverktyg för att annotera tidigare konsensus och vilka som var med denna process för att sammanfatta konflikter över tid att lättare kan förstå artikels tillstånd,Sweedish
ett meritsystemverktyg skulle kunna motivera till meningsfulla redigeringar men kan även upphov till konkurrens,Sweedish
ett innehållsdrivet meritsystem riskerar att bidragsgivare rädsla för att sänka sin meritstatus försöker förhindra att deras text ändras,Sweedish
forskare vid carnegie mellon university har utifrån mängd statistik försökt skapa modell för att förstå och förutsäga administratörsval engelskspråkiga wikipedia,Sweedish
modellen har tagit flera faktorer som olika utsträckning påverkade resultatet valet,Sweedish
bland annat kunde visa att antalet artikelredigeringar påverkade väldigt lite men att policy och projektredigeringar höjde chanserna från till per 000 redigeringar,Sweedish
visade även att aktivitet inom olika områden och att skriva redigeringssammanfattningar ökade chanserna att bli vald medan medverkan medlingsärenden över lag sänkte chanserna,Sweedish
modellen använde dock rätt trubbiga mått aktiviteten och forskarna konstaterar att bör analysera vad administratörerna gör mer exakt,Sweedish
forskarna påpekar själva att modellen inte tar vara kvalitén redigeringarna utan bara utgår från kvantiteten men har ändå visat sig kunna förutsäga valresultaten,Sweedish
några exempel faktorer värden inom parentes inte statistiskt säkerställda studien work sustaining order wikipedia banning vandal undersöks hur automatiserade och halvautomatiserade verktyg kombination med samarbete bekämpar vandalism,Sweedish
visar att sådana verktygs användning ökar omfattning som tidigare har uppmärksammat,Sweedish
studien inkluderar fallstudie och ger inblick hur snabbt envis klottrares bidrag återställs och hur klottraren sedan blockeras,Sweedish
studien wikipedians born made study power editor wikipedia från 2009 bekräftar katherine panciera,Sweedish
tidigare undersökningar som visar att relativt liten grupp användare står för stor del redigeringarna och för stor del det material som blir kvar artiklarna,Sweedish
författarna visar att dessa användare går att känna igen från deras första tid wikipedia bland annat genom att gör flera redigeringar per dag,Sweedish
dessa användare hänvisar också ofta till wikipediaprojektets normer såsom att skriva från neutral utgångspunkt,Sweedish
författarna föreslår olika åtgärder för att öka andelen användare som stannar och förblir produktiva,Sweedish
avhandlingen frihetens rike wikipedianer sin praktik sitt produktionssätt och kapitalismen uppsala universitet 2015 undersöker arwid lund hur wikipedianer ser sin roll som bidragsgivare till uppslagsverket,Sweedish
frågeställningarna rör även synen wikipedias roll samhället ljuset kapitalistiska och kommunistiska infallsvinklar,Sweedish
avhandlingen baseras ett antal djupintervjuer med både tillfälliga och mer etablerade svenskspråkiga wikipedianer,Sweedish
som internet största samarbetsprojekt och mest omfattande informationskällor har wikipedia rönt uppmärksamhet olika sammanhang,Sweedish
här listas några exempel svenskspråkiga wikipedia har ännu inte någon sida med namnet machine learning andra orsaker till varför detta meddelande visa letar alla efter snabba sätt att bli mer flytande engelska jag vet att jag förstår vad som händer att det bara finn några ord som kretsar kring vår hjärna och måste göra hela konversationen med bara fantastiskt fantastiskt coolt eller episkt vad sägs os lära dig några smarta nya engelska ord som kan använda ditt dagliga liv och höja ditt ordförråd några minuter,Sweedish
idag ska lära os tio nya smarta ord deras betydelse rotord och exempelmeningar låt os igång hej alla här och tittar,Sweedish
och här videon ska jag dig smarta ord för daglig användning och slutet här videon,Sweedish
jag kommer också att dig ett smart tip för att låta riktigt flytande smart ordnummer,Sweedish
översvämmad översvämmad betyder drunkning eller översvämning men översvämmad används ofta samband med arbete som jag jag överbelastad med arbete jag har för mycket arbete att göra jag har varit överbelastad med arbete hela veckan jag har knappt haft tid att andas låt os titta roten till detta ord,Sweedish
träsk bit våtmark och någon trampar fel ställe ett träsk kan lätt drunkna och verbets form träsk betyder att sjunka här kan använda detta ord,Sweedish
låt os säga att har många uppdrag och att har ett test som kommer och dina vänner kommer till dig och säger,Sweedish
hej varför hänger inte med os,Sweedish
kan säga till jag ledsen men jag överbelastad med arbete eller jag har överraskat några andra ord som kan använda stället för översvämmad jag har för mycket att göra,Sweedish
det finn för mycket min tallrik som jag drunknar jobbet,Sweedish
jag deluged med uppdrag smart ord nummer två catch jag säker att jag har hört detta ord innan catch betyder omöjlig situation där inte kan göra sak inte har gjort andra och inte kan göra andra eftersom inte har gjort första har,Sweedish
jag förvirrade dig låt mig dig några exempel situation med fångst när inte får jobb utan att arbetslivserfarenhet,Sweedish
men kan inte erfarenhet förrän får jobb catch myntades joseph heller han berömda bok med samma namn catch när han beskrev några motstridiga regler som var tillämpliga soldater andra världskriget,Sweedish
ett annat exempel catch att behöver ett banklån eftersom inte har tillräckligt,Sweedish
pengar men skulle inte det banklånet inte bevisar för banken att har tillräckligt med pengar nästa gång fastnar knepig situation kom ihåg,Sweedish
att använda ordet catch,Sweedish
och dessa beundrande utseende från dina vänner andra ord som kan använda stället för fångst paradoxa eller dilemma smarta ord,Sweedish
nummer tre suave suave suave betyder att vara sofistikerad för att vara artig och cool och,Sweedish
välmodig ordet suave har flera olika ursprung men ett mycket intressant ursprung till ordet vilket betyder trevlig eller söt smakprov,Sweedish
han redo och suave speciellt framför damerna eller barack obama suave och polerad kom ihåg när fest nästa gång och ser här personen som,Sweedish
väluppfostrad och kultiverad och sofistikerad,Sweedish
glöm inte att säga hej vem som suave killen där ute hörnet med hjälp detta ord kommer omedelbart att göra ditt ordförråd,Sweedish
väldigt suave smart ord nummer fyra grymt grymt ordet grymt betyder något riktigt dåligt hemskt grymt fruktansvärt fruktansvärt grymt grymt har latinsk rot som heter som betyder rädsla grymt eller hemskt några exempel ordet grymt senaste våldtäktsincidenterna delhi var grymma eller fångar behandlas,Sweedish
ett grymt sätt ibland fängelser används också grymma det dagliga livet för att prata något vanligt felaktigt görande och vill överdriva det,Sweedish
till exempel han bordssätt var grymt eller hennes klädkänsla grymt eller han grammatik grymt,Sweedish
nästa gång hör hemsk handling nyheterna kom ihåg att,Sweedish
kommentera och säg att detta grym handling smart ord nummer häpnadsväckande häpnadsväckande häpnadsväckande betyder fantastiskt häpnadsväckande,Sweedish
använder ofta ordet häftigt här ett annat ord som kan använda istället för häpnadsväckande häpnadsväckande till exempel idag fick jag häpnadsväckande poäng mitt test vilket innebär att jag fick mycket hög poäng eller,Sweedish
jag fick nästan perfekt poäng ordet häpnadsväckande har klassiska latinska rötter från ordet som betyder,Sweedish
att bli bedövad häpnadsväckande används för att beskriva något som fantastiskt bra till exempel ser hon häpnadsväckande klänningen eller vilken underbar utsikt från här balkongen eller jag läser här fantastiska boken som jag inte kan lägga ner vad sägs att går och säga,Sweedish
dina vänner som denna fantastiska kanal för studenter och några andra ord som kan använda istället för fantastiska otroligt fantastiska eller exceptionellt bra innan fortsätter med balanserade fem orden här videon kom ihåg att lägga kommentar här videon,Sweedish
att berätta vilken dessa tio ord som var ditt favorit smarta ord nummer sex fix fix betyder att vara besvärlig situation till exempel pojke jag fix eftersom jag har planerat med två olika vänner för detta kväll,Sweedish
jag har tappat min telefon och jag fix eller vår bus gick sönder morse och jag fix som min vän alltid vänder sig till mig för hjälp när han fix och när det går bra han glömmer bort,Sweedish
mig nästa gång får matta läxor från skolan till exempel och har lämnat din mattebok skolan kan berätta för dina vänner att riktig fix kanske tror att ordet fix har något att göra med att reparera något,Sweedish
men nej fix betyder att vara besvärlig situation andra ord som kan använda istället för fix att jag soppa eller röra eller jag plåga eller bara jag plat smart ord nummer flummox flummox betyder att förvirra någon,Sweedish
mycket att glömmer vad ska göra förvirrade tenderar att vara ett överanvändt ord istället för det varför använder inte flummox till exempel såg pojken helt flummoxed när läraren ställde honom fråga klassen eller hunden var flummoxed vid sin egen reflektion spegeln eller turisten blev uppslukad olika sederna som,Sweedish
han stötte sina resor eller intervju när hon frågades varför ska anställa dig såg hon helt flummoxed nästa gång blir förvirrad några frågor till exempel vid undersökning,Sweedish
kan alltid säga det eftersom jag inte hade jag förberedde mig väldigt bra för provet,Sweedish
jag blev förvirrad några frågor som andra ord som kan använda istället för flummoxade förvirrade förbryllade eller förvirrade smarta ord nummer åtta möte rendezvous rendezvous,Sweedish
ett mycket franskt sätt att säga möte eller datum till exempel jag har ett möte med mina vänner över lunch lördag eller jag planerar att möta mina vänner köpcentret för filmer möte kan användas både som substantiv eller som verb till exempel,Sweedish
jag har ett möte med mina vänner kväll eller jag ska möta mina vänner imorgon,Sweedish
frankrike användes tidigare möte armén för att ange mötesplats för trupperna finn det något lite spännande och hemlighetsfullt ordet möte även medan kan använda möte för alla möten,Sweedish
allmänhet men det vann väldigt lämpligt för ett officiellt möte har ett datum kanske säkert kan ringa att ett möte smart ord nummer tråkigt tråkigt tråkigt förolämpning skulle använda det när försöker kalla någon dum eller ointelligent,Sweedish
eller svag har hört ordet tråkigt geometri trubbig vinkel och spetsig vinkel att tråkig vinkel vinkel större grader men mindre 180 grader,Sweedish
och skarp vinkel denna skarpa vinkel mindre grader skarp som ett ord används för att beteckna skarpt och därför också mentalt skarpt och stumt betecknar trubbigt och,Sweedish
därför också lite långsamt sinnet exempel meningar med stum mannen var trubbig att han gav bort sitt lösenord till falsk uppringare eller det tråkiga barnet,Sweedish
kunde inte,Sweedish
att svara enda fråga testet eller tråkiga mannen hade svårt att förstå även grundläggande instruktioner antar att din situation det dagliga livet din pojkvän eller din flickvän arg dig och vet inte varför kan säg till kanske jag tråkig men jag vet inte varför upprörd smart ord nummer trög trög trög betyder att röra sig långsamt för att vara lite långsammare,Sweedish
vanligt att lite trött och saknas,Sweedish
energi exempel tung lunch gör mig mycket eftermiddagen trög har rötter från ordet som betyder långsam person och snigel ett djur som rör sig riktigt mycket långsamt som snigel exempel,Sweedish
ekonomin har varit mycket trög eller matchen tog fart efter trög start,Sweedish
eller när affärer har varit tröga det här kvartalet kan använda det ditt dagliga liv känner dig väldigt trött dag kan berätta för din mamma eller berätta,Sweedish
dina vänner jag känner mig mycket trög,Sweedish
idag kunde jag göra med energidryck andra ord som kan använda stället för trög kan vara slö eller dra fötterna det var smarta orden och tidigare,Sweedish
jag ger dig det hemliga tipset för att låta väldigt flytande,Sweedish
jag vill påminna dig att letar efter smarta ord att använda ett telefonsamtal lägger jag länk till video,Sweedish
nere beskrivningsrutan för det och det hemliga tipset det hemliga tipset för att låta flytande att använda inte mer ett smart ord eller mening jag känner ibland,Sweedish
blir väldigt glada för,Sweedish
jag har lärt os hel del dessa smarta ord och tenderar att fylla två tre fyra mening som inte låter naturligt,Sweedish
var gången säker att uttalar,Sweedish
ordet rätt sätt fortsätt till google och skriv ordet och sökningen högst upp ser liten högtalarikon klicka högtalaren,Sweedish
och hör uttalet eller två gånger,Sweedish
och redo att och har gillat här videon glöm inte att os tummen upp med kommentar,Sweedish
för mig det att berätta för mig vilka dessa tio ord som din favorit och också,Sweedish
inte redan har tryckt prenumerationsknappen och klockikonen bredvid och glatt tittar,Sweedish
hej killar välkomna till min kanal här videon,Sweedish
jag ska dig bästa engelska fraser som kan använda din vardag,Sweedish
bara ska påbörja din resa,Sweedish
till ett engelsktalande land kan helt använda det här,Sweedish
fraser har lärt dig engelska ett tag och vill fortsätta lära dig,Sweedish
det här bästa videon till att börja med låt os fraser engelska förhoppningsvis minuter,Sweedish
fras nummer ett detta ett annat sätt att fråga,Sweedish
hur mår,Sweedish
hur läget,Sweedish
hur läget,Sweedish
träffar någon och tid hur går det,Sweedish
fras nummer två när inte har träffat någon ett tag säger till honom länge utan att det betyder att inte har sett här personen kanske veckor eller månader länge,Sweedish
tre vill fråga dig vad har gjort,Sweedish
frågar vad har gjort vad som hände ditt liv,Sweedish
vad har gjort för att höja tidigare allt går,Sweedish
kan bara svara kan inte klaga allt riktigt coolt,Sweedish
kan inte klaga nästa fras någon säger till dig något och har inte riktigt nämnt det konversationen som något sätt antar att har ett nytt jobb och frågar honom,Sweedish
hur vet,Sweedish
var fick nyheter som hur mår,Sweedish
vet någon berättar ett coolt skämt kan säga att det bra,Sweedish
det ett bra skämt frasen att det ett bra,Sweedish
vill tacka någon kan säga att det väldigt snällt dig tack mycket för att gör det som väldigt snällt dig det väldigt snällt dig någon,Sweedish
försökte hjälpa dig men kunde inte det resultat kan säga,Sweedish
tack ändå spelar det ingen roll men tack ändå,Sweedish
tack för din insats,Sweedish
nej tack ändå och annan fras som jag använder min post ibland när jag inte har bett någon person,Sweedish
frågar jag och sedan säger jag till slut,Sweedish
tack förhand vilket innebär att jag verkligen hoppas att ska,Sweedish
gör det lite tack förhand,Sweedish
tack förhand någon gjorde ett misstag och han verkligen upprörd över det,Sweedish
kan bara säga inga bekymmer,Sweedish
oroa dig inte oroa dig vilket betyder att inte oroar dig för det,Sweedish
det okej,Sweedish
inga bekymmer föreställ dig att kom hem och det finn alla dina vänner som sitter din soffa,Sweedish
och som vad som händer här som vad gör här,Sweedish
vad händer inte fångade något eller det inte förstod personen alltid kan fråga fick jag rätt,Sweedish
och fortsätt sedan och förklara var fick fick jag rätt,Sweedish
ber någon att inte vara upprörd att inte gråta kan säga det inte till hjärtat,Sweedish
det inte till hjärtat som allvar var inte upprörd det inte till hjärtat,Sweedish
ett annat sätt att fråga inte fångade del fras kan säga att jag inte fick det sista ordet,Sweedish
jag ledsen,Sweedish
kan upprepa det för att jag inte fick det sista ordet han vill att någon ska upprepa hela frasen igen,Sweedish
kan säga ledsen,Sweedish
jag lyssnade inte eftersom kanske var upptagen,Sweedish
kanske pratade telefon och någon pratade med dig och som,Sweedish
herregud,Sweedish
ledsen att jag inte lyssnade,Sweedish
kan upprepa det,Sweedish
jag ledsen,Sweedish
jag lyssnade inte annan fras som jag använder hela tiden,Sweedish
det spelar ingen roll som oroa dig inte tappar ditt kaffe över mig,Sweedish
det som att det inte spelar någon roll,Sweedish
jag kommer att bli bra,Sweedish
jag jag går tvätt ändå,Sweedish
det spelar ingen roll vill önska någon lycka till,Sweedish
och jag gör alltid att kan säga korsade fingrar och korsar fingrarna,Sweedish
håller tummarna,Sweedish
annan fras som amerikaner använder dåligt som förklarar det och,Sweedish
situationen att inte fick något och sedan får extra effekt och får det,Sweedish
och som det som förklarar det som förklarar det,Sweedish
ett annat sätt att berätta för personen att inte vara upprörd att kan säga att saker händer som det okej,Sweedish
saker händer bli inte upprörd inte har namnet person vill prata med honom,Sweedish
kan säga ledsen att störa dig vet att ser,Sweedish
någon upptagen kan alltid säga förlåt att störa dig och sedan kan fortsätta och fråga,Sweedish
ledsen att störa dig,Sweedish
mitt något någon jag ber dig något kan säga,Sweedish
mitt något och någon ber dig att göra något säger jag ledsen,Sweedish
jag kommer att vara med dig minut jag med dig och sedan fortsätter att göra något och säger var var,Sweedish
som när slutade var var och måste upprepa det för vad det ljudet som någon misstag med,Sweedish
det här ett bra sätt att öva var var igen mitt konversation,Sweedish
och förstod inte vad andra personen att kan säga att och med ett frågetecken,Sweedish
vilket betyder vilket uppmanar personen att upprepa igen,Sweedish
höll att säga,Sweedish
någon har jobb med sina drömmar vad kan säga lycklig eller någon kom universitetet sina drömmar som lycklig detta ett sätt att gratulera person som lycklig eller som bara betona att han har tur tur dig ett annat sätt att säga att riktigt arg att säga att jag freaked som jag var arg jag freaked detta super arg,Sweedish
det här som nästan galet,Sweedish
jag freakade annan fras som modersmål använder bra för dig och det kan vara både positivt och negativt när säger att jag blev befordrad och säger bra för dig gillar grattis och ibland säger att jag lämnar denna plat,Sweedish
som bra för dig det skulle vara bättre utan dig och det här negativ mening lyssna verkligen intonationen,Sweedish
något överraskar dig kan också säga att måste skoja mig som min gud,Sweedish
jag kan inte tro det måste skoja mig att berätta för någon att och för att vara glad kan alltid säga muntra upp,Sweedish
vill att någon bara låter som att gråta och klaga något som inte händer kan säga kom jag kan göra det jag,Sweedish
kom igen,Sweedish
kan göra det kan skicka toefl kan skicka gmat får det kom igen,Sweedish
kan göra det någon mår riktigt bra kan berätta för fortsätt det goda arbetet fortsätt det goda arbetet som vara bra som och fortsätt det goda arbetet fortsätt att vara annan fras vardagligt och detta vad amerikaner säga,Sweedish
det lyser vilket betyder att det fantastiskt många amerikaner kalifornien,Sweedish
det tänt och hörde det nog låtar som lyser någon lyckas efter misslyckanden kan säga där går jag till dig att kommer att göra det där går någon frågar dig trött och vill säga att inte trött alls kan inte säga lite nah,Sweedish
jag vill fortsätta jag inte trött det inte när någon frågar säker och ganska säker att kan säga att det inte finn plat för det,Sweedish
det finn inget utrymme för tvivel amerika vill sm någon eller skicka ett meddelande säger text till text jag smsar dig betyder att jag kommer att skicka ett meddelande via whatsapp eller ett telegram eller messenger vad som helst jag använder sm till dig igen för att muntra upp någon för att berätta för att inte vara upprörda kan säga att det inte värt det som varför gråter,Sweedish
det inte värt det,Sweedish
mycket bättre problemet gråter det inte värt dina tårar,Sweedish
det inte värt det jag personligen älskar frasen rockar vilket betyder att fantastisk,Sweedish
herregud,Sweedish
rockar rock,Sweedish
nej har gjort ett fantastiskt jobb,Sweedish
gungar någon inte fungerar riktigt bra och vill att ska arbeta hårdare kan säga att ska extra mil vilket innebär att som att arbeta hårdare ska extra mil,Sweedish
ett annat sätt att säga samma sak kan säga öka ditt spel som att arbeta hårdare arbeta bättre öka ditt spel,Sweedish
någon gråter och inte vill det,Sweedish
det sjunker säger dig ihop som att bokstavligen dig själv och dra dig ihop sluta arbeta sluta gråta dra dig ihop,Sweedish
hej lugna dig själv tillsammans annan fras som,Sweedish
jag älskar att sålde mig eftersom ibland människor beskriver sin resa eller någon köpte och beskriver att det bra,Sweedish
och som att jag vill köpa samma sak och jag säger till att sålde det att sålde mig jag skulle inte köpa det här sålde mig inte intresserad konversationen,Sweedish
som att sitta kan säga att jag inte bryr mig mindre det här tråkigt,Sweedish
jag inte intresserad,Sweedish
jag kunde inte bry mig mindre någon frågar dig något och det här ett väldigt enkelt beslut för dig som någon säger att tar mina miljon dollar och säger att det här brainer,Sweedish
jag tar det,Sweedish
det här brainer betyder att det ett riktigt enkelt beslut för dig har gjort något fel och erkänner att kan säga att jag har skruvat upp killar,Sweedish
jag vet,Sweedish
jag ledsen,Sweedish
jag ställde till det,Sweedish
det här mitt misstag,Sweedish
jag skruvade upp jag skruvade upp det vill att någon ska arbeta istället för mig kan säga,Sweedish
kan täcka mig som kan arbeta istället för mig medan jag jag träffar min vän,Sweedish
kan täcka mig det dag att åka och killar jag skulle hellre åka vilket betyder att jag borde redan,Sweedish
det vet,Sweedish
det faktiskt,Sweedish
,Sweedish
jag skulle hellre ett annat sätt att säga adjö,Sweedish
jag kan säga hand vilket innebär att hand dig själv,Sweedish
senare,Sweedish
hand dig,Sweedish
jag vet inte vilken dag det när tittar här videon men det fredag till exempel helg,Sweedish
kan säga tack himlen fredag eller tror himlen lördag helg upptäckt,Sweedish
jag glad att det var killar engelska låt mig veta det här var till hjälp genom att gilla här videon och kommentera nedan känner till fler coola fraser,Sweedish
det skulle vara bra det finn röd knapp där någonstans,Sweedish
hej och välkommen,Sweedish
här videon kommer jag att dig 100 vanliga och mycket användbara meningar som kan använda samtal,Sweedish
när hör mening öva det efter mig,Sweedish
försök att kopiera mitt uttal exakt inklusive rösttonen som jag använder,Sweedish
okej låt os börja,Sweedish
grundläggande hälsningar hur går det,Sweedish
hur står det till,Sweedish
vad händer,Sweedish
trevligt att träffas,Sweedish
det var länge sedan,Sweedish
hur har varit,Sweedish
jättebra tack,Sweedish
och,Sweedish
inte mycket,Sweedish
det vanliga,Sweedish
jag måste komma igång,Sweedish
det var ett nöje att träffa dig senare,Sweedish
hålla kontakten,Sweedish
frågar efter information,Sweedish
kan berätta vad detta ord betyder,Sweedish
skulle råka veta var biblioteket,Sweedish
tvekande,Sweedish
det bra fråga,Sweedish
låt mig,Sweedish
låt mig tänka ett ögonblick,Sweedish
ber upprepning,Sweedish
ursäkta mig,Sweedish
förlåt jag fick inte det,Sweedish
skulle något emot att upprepa det,Sweedish
kan prata lite långsammare snälla,Sweedish
säger jag vet inte,Sweedish
jag rädd att jag inte har någon aning,Sweedish
kan inte hjälpa dig där förlåt,Sweedish
slår mig,Sweedish
åsikter,Sweedish
vad tycker det,Sweedish
vad tycker detta,Sweedish
jag tycker att det bra idé,Sweedish
jag tror verkligen inte att det kommer att fungera,Sweedish
såvitt jag orolig detta bästa restaurangen stan,Sweedish
undvika fråga,Sweedish
jag har ingen åsikt saken,Sweedish
låt mig komma tillbaka till dig det,Sweedish
jag har inte frihet att säga,Sweedish
håller med och håller inte med,Sweedish
jag kunde inte hålla med mer,Sweedish
har helt rätt,Sweedish
jag håller 100 med dig,Sweedish
träffar spiken huvudet,Sweedish
jag inte säker att jag håller med,Sweedish
jag rädd att jag inte håller med,Sweedish
jag tror att har fel,Sweedish
avbryter artigt,Sweedish
ledsen att avbryta dig,Sweedish
kan jag stoppa dig där ett ögonblick,Sweedish
har något emot jag hoppar här,Sweedish
varsågod,Sweedish
vidare,Sweedish
låt mig avsluta,Sweedish
håll ett ögonblick,Sweedish
förslag,Sweedish
vad säger att går bio,Sweedish
vad sägs att äta pizza till middag ikväll,Sweedish
det skulle vara jättebra,Sweedish
det låter bra,Sweedish
jag inte säker det,Sweedish
nej jag tror inte det,Sweedish
göra planer,Sweedish
vad gör ikväll,Sweedish
har några planer för imorgon,Sweedish
ledig nästa lördag,Sweedish
vill göra något helgen,Sweedish
säker vad har åtanke,Sweedish
jag fri hela helgen låt os göra något,Sweedish
nej förlåt jag har redan galen några planer,Sweedish
jag upptagen morgon,Sweedish
jag skulle gärna göra något men jag kan inte,Sweedish
lov,Sweedish
har något emot jag använder din mobiltelefon,Sweedish
skulle det vara okej jag tog ledigt morgon,Sweedish
snälla fortsätt,Sweedish
nej inte alls,Sweedish
tyvärr måste jag säga nej,Sweedish
jag skulle hellre att inte gjorde det,Sweedish
jag rädd att jag gör det,Sweedish
gör förfrågningar,Sweedish
kan mig saltet snälla,Sweedish
har något emot att låna lite pengar till mig,Sweedish
jag undrade kunde hjälpa mig med det här,Sweedish
säker inga problem,Sweedish
självklart,Sweedish
jag skulle gärna hjälpa,Sweedish
förlåt jag kan inte,Sweedish
jag rädd att jag inte kan ett erbjudande,Sweedish
kan jag skaffa ett glas vatten till dig,Sweedish
vad sägs lite glass,Sweedish
vill att jag ska åka hem till dig,Sweedish
tack,Sweedish
det skulle vara bra tack,Sweedish
jag mår bra men tack för att erbjuder,Sweedish
nej jag bra tack,Sweedish
tacka människor,Sweedish
stort tack,Sweedish
skål jag uppskattar det verkligen,Sweedish
det väldigt snällt dig,Sweedish
jag kan inte tacka dig nog,Sweedish
det inget,Sweedish
nämn inte det,Sweedish
när som helst,Sweedish
mitt nöje,Sweedish
ber någon vänta,Sweedish
kan hålla ögonblick snälla,Sweedish
hänga sekund,Sweedish
med mig bara ett ögonblick,Sweedish
jag har rätt med dig,Sweedish
ber ursäkt,Sweedish
jag verkligen ledsen för det,Sweedish
snälla förlåt mina synder,Sweedish
oroa dig inte för det,Sweedish
inga problem,Sweedish
okej vill mer lektioner vanliga meningar och fraser låt mig veta kommentarfältet nedan,Sweedish
även gillade här videon tummen upp genom att trycka liknande knappen och kom ihåg att prenumerera här kanalen genom att klicka prenumerationsknappen för att mina senaste lektioner här youtube,Sweedish
lyckligt lärande och jag snart annan lektion,Sweedish
det gyllene brödet gång liten bodde kvinna som heter marion,Sweedish
med sin enda dotter var narcisa marion extremt ödmjuk och söt narcisa men var helt tvärtom ser att hon var vacker utöver ord hon var som levande,Sweedish
docka och mest underhållande delen att hon älskade sig själv utan syfte narcisa skulle,Sweedish
hjälp mig att baka brödet inget sätt mamma mjölstädarna alla mina ljusa och glittrande ögon,Sweedish
narcisa skulle hjälpa mig att plantera dessa frön varför skulle jag göra det vad har jag fått smut mina vackra fingrar värre det skulle ansiktet det var problemet med narcisa,Sweedish
hon tyckte sig vara för stor för att göra något arbete som många friare kom för att narcissus äktenskapet,Sweedish
eftersom hennes skönhet var känd vidsträckt men hon avvisade alla väldigt oförskämt varför skickade bort dessa män igår verkade trevliga kan inte vara seriös mamma,Sweedish
hade små ögon nästan som fågel och andra hade enorm näsa jag skulle inte vilja vara nära honom,Sweedish
när han nysade och sista stoppet nej jag vill inte höra mer allt jag kunde var att här männen var riktigt trevliga min kära måste veta skönheten,Sweedish
inte allt mamma måste inse att jag förtjänar någon som prins eller riddare,Sweedish
kära natt när hon sov satt hennes mamma vid hennes sida och tittade henne,Sweedish
min kära barn vacker och vacker men bryr dig inte något annat din skönhet,Sweedish
det ögonblicket började narciss skratta sömnen hennes mamma var mycket förvånad över hur trevlig hon måste riktigt rolig dröm nästa morgon när narcissus,Sweedish
jag vaknade hon var alla leende och fnissar här älskling berätta vad drömde,Sweedish
igår kväll mamma det var fantastisk dröm vet att det var här prinsen som kom fram till mig,Sweedish
och att han ville gifta sig med mig han hade kommit gyllene vagn och han var klädd uppifrån och ner och guld också vilken dum dröm,Sweedish
och vet att bästa delen det var när jag var min bröllopsklänning som var guld också såklart alla stirrade bara mig narcisa det finn inget fantastiskt med drömmen,Sweedish
det var mycket egoistisk drömmamma vet inte vad säger att drömmen har fått mig att inse att jag behöver mat mycket större typ jag äter här hemma bröd guld,Sweedish
tänk bara att stackars narcissemamma var orolig för sin dotter och hur,Sweedish
hon skulle lev sitt liv dagen två vänner kom för att besöka narcissmamma var mellie och terry tre hade varit vänner åldrar men terry och ellie hade hemlighet båda,Sweedish
var magiska varelser något som narcisses mamma visste ingenting terry melli det bra att dig det har varit väldigt länge det hur har varit jag har varit väldigt bra jag skulle varit bättre bara bara vad bara min dotter narcisa var lite mer förstående marian berättade för mellie och terry allt narcisa och hur hon var orolig för henne hon vill äta bröd guld vad gör jag med henne kanske hennes dröm går uppfyllelse,Sweedish
det skulle vara underbart skulle det inte vara bra oavsett jag antar att med tiden kommer hon att lära sig låt os prata något annat,Sweedish
senare vinkade mellie och terry farväl till sin gamla vän och gick bort leende till varandra hemligt natten både mor och dotter,Sweedish
gjorde mig redo för sängmamma jag hoppas verkligen att min dröm går uppfyllelse vet narcisa nästa dag som narcisa och hennes mamma var ute deras trädgård vacker,Sweedish
gyllene vagnen kom ridande upp till var fylld ädelstenar och diamanter och såg väldigt fantastisk,Sweedish
när det stoppade kom stilig och tittade narcisa hon blev helt förvånad över hur stilig han var min dröm faktiskt går uppfyllelse umm,Sweedish
vad hej jag har kommit hit för att narcissus hand äktenskap men hur vet hennes namn och vem,Sweedish
jag terrence ängeln med lycka din dotters namn och skönhet känd över hela världen här jag har gett dig gåva vad men känner knappt honom kan inte med honom,Sweedish
dumt han rik och stilig vad mer kan jag vilja terrence jag accepterar ditt förslag,Sweedish
och med det gick hon vagnen och utan att en säga adjö till sin mor åkte hon med ängeln när färdade vagnen plötsligt magisk portal där reste genom ett stormigt område vagnen stötte enormt och narcissa,Sweedish
var väldigt rädd oroa dig inte min kära allt detta kommer snart att vara över precis som han att vagnen gick genom annan portal och nådde uppfarten,Sweedish
ett stort och magnifikt gyllene slott narcisa blev förvånad över skönhet hon såg att jag visste att jag förtjänar många rikedomar jag visste att skulle vilja det vill här hittar från vackraste klänningarna till godaste matarna allt mitt palats väl talar mat jag verkligen hungrig efter åkturen jag svälter kan jag något goda maten naturligtvis här kött illaluktande melissa hon kommer att dig vad vill jag har hört mycket dig stackars kära hungrig inte kommer går till matbordet och jag ska skaffa dig lite mat tack gick matsalen och där bordet fanns mest häpnadsväckande maten som narcisa någonsin hade sett fantastisk det beror att det sylt som görs,Sweedish
rubiner salladerna smaragder och brödet där borta gjorda guldguldbröd hur härligt detta sylt kommer att och smaka härligt med brödet hon tog skiva med,Sweedish
ruby jam det och tog enorm bit det varmt att jag inte kan äta bra det bröd guld och det finaste också men inte kan äta ska jag skaffa dig silverbröd silver varför inte äter,Sweedish
något annat men jag vill normalt brödbröd som jag kan äta har inte det utseendet till min fru till min far det kallt får bara äta bästa narcis jag tittade mat,Sweedish
men var hjärtskadad för allt det var oätligt hon började snart gråta jag vill inte det här men maten riktigt bra,Sweedish
här prova några gyllene potatis riktigt bra och när gift med mig,Sweedish
måste äta allt detta jag trodde att gillade snygga saker nej jag vill inte gifta mig med dig jag vill åka hem,Sweedish
till min mamma låt mig hem melissa och terrence tittade varandra och blinkade bra,Sweedish
det verkligen vad vill tar jag dig hem med terrence tog gråt och olycklig,Sweedish
narcis hemma vagnen började hon tänka djupt val hon hade gjort när hon kom hem,Sweedish
hon sprang för att krama sin mor som satt huset ledsen eller syster min söta dotter jag trodde att jag aldrig skulle träffa dig igen,Sweedish
mamma jag älskar dig mycket och hade rätt utseende och rikedomar inte allt guldbrödet var värdelöst eftersom jag inte kunde äta det och mannen trot att,Sweedish
han var stilig han brydde sig inte alls mig men min kära inser att det precis behandlade andra jag vet att jag ledsen för hur jag agerade mamma nej det okej eftersom har sett,Sweedish
vad ditt misstag var kom låt os mata dig något trevligt från och med dagen,Sweedish
narcisa förändrade sätt som hon först kämpade men långsamt och tålmodigt började hon bli mycket trevligare dag mellie och terry kom för att träffa marian igen hej två berätta för os marian,Sweedish
vilket sätt narcissism berättade marian båda allt som hade hänt och hon har förändrats mycket från tiden,Sweedish
har hon antar hon att hon inte vill mer guldbröd vet,Sweedish
frotté ser faktiskt lite som ängeln men vad ser jag hur kan vara han trevliga,Sweedish
نيتشر بالإنجليزية nature تعني تعديل تعديل مصدري تعديل ويكي بيانات ويكيبيديا تلفظ وتلحن تلفظ بالإنجليزية ˌwɪkiˈpi والكلمة مشتقة مقطعين ويكي wiki وتعني بلغة هاواي بالغ السرعة والثاني بيديا pedia ومشتق كلمة موسوعة encyclopedia ويكيبيديا موسوعة متعددة اللغات مبنية على الويب ذات محتوى تشغلها مؤسسة ويكيميديا التي منظمة غير ربحية,Arabic
ويكيبيديا موسوعة يمكن لأي مستخدم تعديل وتحرير وإنشاء مقالات جديدة فيها,Arabic
مارس 2009 كان ويكيبيديا مليون مقالة تقريب مكتوبة بما يقارب 292 لغة,Arabic
يوم أغسطس 2009 وصلت ويكيبيديا الإنجليزية لثلاثة ملايين مقالة,Arabic
تكتب المقالات تعاوني بواسطة متطوعين حول العالم والغالبية العظمى محتويات الموسوعة يمكن تعديلها بواسطة شخص يمتلك اتصالا بالإنترنت,Arabic
شهرة ويكيبيديا تنمو بثبات منذ بداية عملها,Arabic
ويكيبيديا الإنجليزية ويكيبيديا اختصار لكلمتين هما ويكي بالإنجليزية wiki نوع مواقع الويب التي يتم تحريرها جماعيا والكلمة الثانية بيديا كلمة encyclopedia والتي تعني بالعربية موسوعة,Arabic
تنتشر خوادم ويكيبيديا الرئيسية تامبا فلوريدا وخوادم أخرى موجودة أمستردام وسيول,Arabic
يعد ويكيبيديا أشهر عشرة مواقع على الإنترنت على مستوى العالم,Arabic
نتيجة لطبيعة ويكيبيديا التي تسمح لأي مستخدم بتعديل مقالاتها شكك النقاد والمحللون بها وتساءلوا مدى مصداقيتها ودقتها,Arabic
بإمكان مستخدم يجري تعديلات على محتويات الموسوعة تزيد احتمالية يضيف مجهولون مستخدمو الموسوعة المسجلون معلومات خاطئة غير مؤكدة يقوم المخربون بحذف أقسام مقالات إضافة تعليقات شخصية آراء متحيزة خاصة المواضيع السياسية والدينية,Arabic
أيضا تثار الشكوك حول حيادية المقالات ويكيبيديا ومدى دقة المعلومات الواردة بهذه المقالات,Arabic
حدد القائمون على موسوعة ويكيبيديا مجموعة السياسات والتعليمات التي يجب على مستخدمي الموسوعة الالتزام بها عند تحرير وتعديل محتويات الموسوعة هذه السياسات تهدف إلى التصدي لمحاولات التخريب وتحاول ضمان مصداقية المعلومات التي تحويها مقالات هذه الموسوعة,Arabic
بدأ مشروع ويكيبيديا يناير 2001 كمتمم لمشروع نيوبيديا الذي يكتبه محررون خبراء,Arabic
وبسبب بطء تطو نيوبيديا فقد جيمي ويلز ولاري سانجر ينشئا مشروعا مفتوحا ليدعم نيوبيديا وهو ويكيبيديا,Arabic
وأصبحت تحتوي على 600 ألف مقالة بالإنجليزية مليون مقالة باللغات الأخرى مجتمعة حسب ذكر جيمي ويليز اللغات الكبرى مثل الألمانية واليابانية والفرنسية واللغات الأوربية الغربية كبيرة أيضا ثلث الزيارات فقط للإنجليزية على عكس يظن البعض ومدى شهرة ويكيبيديا أنها أكبر موقعا العالم وتعددت زيارات الصفحات زيارة صفحات النيويورك تيمز لدى نيويورك تيمز والمواقع الأخرى موظفين مسؤولين الموقع وهم كثيرين يتقاضون مرتبات أما ويكيبيديا فيوجد واحد فقط وهو المطور للبرنامج نفسه وتم تعيينه منذ يناير 2005 والخوادم تتم إدارتها بواسطة متطوعين والتحرير يتم أيضا بواسطة متطوعين,Arabic
تمت محاولة إنشاء موسوعات تعاونية أخرى عبر الإنترنت قبل ويكيبيديا لكن يكن منها ناجح,Arabic
بدأت ويكيبيديا كمشروع تكميلي نيوبيديا وهو مشروع موسوعة مجاني باللغة الإنجليزية على الإنترنت كتب مقالاته خبراء وتمت مراجعته إطار عملية رسمية,Arabic
تأسيسها مارس 2000 بملكية بوميس وهي شركة بوابة إلكترونية,Arabic
شخصياتها الرئيسية كانت الرئيس التنفيذي لشركة بوميس جيمي ويلز ولاري سانجر رئيس تحرير نيوبيديا ولاحق ويكيبيديا,Arabic
ترخيص نيوبيديا البداية بموجب ترخيص نيوبيديا المحتوى الحر الخاص بها ولكن حتى قبل تأسيس ويكيبيديا تحولت نيوبيديا إلى ترخيص التوثيق المجاني gnu بناء على طلب ريتشارد ستالمان,Arabic
يرجع الفضل إلى ويلز تحديد الهدف المتمثل إنشاء موسوعة عامة قابلة للتحرير بينما نسب إلى سانجر استراتيجية استخدام الويكي للوصول إلى هذا الهدف,Arabic
يناير 2001 اقترح سانجر على القائمة البريدية نيوبيديا إنشاء ويكي كمشروع تغذية نيوبيديا,Arabic
تسجيل النطاقات wikipedia com وwikipedia org يوم يناير 2001 و13 يناير 2001 على التوالي وأطلقت ويكيبيديا كانون الثاني 2001 كما اللغة الإنجليزية واحدة طبعة وأعلن عنها سانجر القائمة البريدية نيوبيديا,Arabic
تدوين سياسة ويكيبيديا الخاصة وجهة نظر محايدة الأشهر القليلة الأولى لها,Arabic
بخلاف ذلك كانت هناك قواعد قليلة نسبي البداية وعملت ويكيبيديا بشكل مستقل نيوبيديا,Arabic
الأصل كان بوميس ينوي جعل ويكيبيديا شركة أجل الربح,Arabic
اكتسبت ويكيبيديا مساهمين مبكرين نيوبيديا ومنشورات سلاش دوت وفهرسة محرك بحث الويب,Arabic
كما إنشاء إصدارات اللغة بإجمالي 161 طبعة بنهاية عام 2004,Arabic
تعايش نيوبيديا ويكيبيديا حتى إزالة خوادم الأولى بشكل دائم عام 2003 وتم دمج نصها ويكيبيديا,Arabic
تجاوزت ويكيبيديا الإنجليزية علامة مليوني مقال سبتمبر 2007 مما يجعلها أكبر موسوعة تجميعها على الإطلاق متجاوزة موسوعة يونجل التي إجراؤها خلال عهد أسرة مينج عام 1408 والتي سجلت الرقم القياسي لما يقرب 600 سنوات,Arabic
نقلا مخاوف الإعلانات التجارية وعدم وجود سيطرة ويكيبيديا قام مستخدمو ويكيبيديا الإسبانية بالتشعب ويكيبيديا لإنشاء الموسوعة الحرة بالإسبانية فبراير 2002,Arabic
أعلن ويلز بعد ذلك ويكيبيديا تعرض إعلانات وغيرت مجال ويكيبيديا wikipedia com إلى wikipedia org,Arabic
على الرغم ويكيبيديا الإنجليزية وصلت إلى ثلاثة ملايين مقال أغسطس 2009 إلا نمو الطبعة حيث عدد المقالات الجديدة والمساهمين يبدو أنه بلغ ذروته أوائل عام 2007,Arabic
تمت إضافة حوالي 1800 مقال يومي إلى الموسوعة عام 2006 بحلول عام 2013 كان هذا المتوسط حوالي 800,Arabic
عزا فريق مركز بالو ألتو للأبحاث هذا التباطؤ النمو إلى التفرد المتزايد للمشروع ومقاومته للتغيير,Arabic
يقترح البعض الآخر النمو يتم تسويته بشكل طبيعي لأن المقالات التي يمكن تسميتها الفاكهة المتدلية الموضوعات التي تستحق مقال بوضوح إنشاؤها بالفعل وبنائها على نطاق واسع,Arabic
نوفمبر 2009 وجد باحث جامعة راي خوان كارلوس مدريد ويكيبيديا الإنجليزية فقدت 49000 محرر خلال الأشهر الثلاثة الأولى عام 2009 بالمقارنة فقد المشروع 4900 محرر فقط خلال نفس الفترة عام 2008,Arabic
استشهدت صحيفة وول ستريت جورنال بمجموعة القواعد المطبقة على التحرير والنزاعات المتعلقة بمثل هذا المحتوى بين أسباب هذا الاتجاه,Arabic
عارض ويلز هذه الادعاءات عام 2009 نافيا التراجع وشكك منهجية الدراسة,Arabic
بعد ذلك بعامين عام 2011 أقرت ويلز بوجود انخفاض طفيف مشيرة إلى انخفاض أكثر بقليل 36000 كاتب يونيو 2010 إلى 35800 يونيو 2011,Arabic
المقابلة نفسها زعم ويلز أيض عدد المحررين كان مستقر ومستدام,Arabic
شكك مقال عام 2013 بعنوان decline ويكيبيديا تكنولوجي ريفيو هذا الادعاء,Arabic
كشف المقال أنه منذ عام 2007 فقدت ويكيبيديا ثلث محرريها المتطوعين وهؤلاء الذين زالوا هناك يركزون بشكل متزايد على التفاصيل,Arabic
يوليو 2012 أفادت أتلانتيك عدد المسؤولين انخفاض أيض,Arabic
عدد نوفمبر 2013 مجلة نيويورك صرحت كاثرين وارد ويكيبيديا الموقع السادس الأكثر استخدام يواجه أزمة داخلية,Arabic
كانون الثاني يناير 2007 دخلت ويكيبيديا لأول مرة قائمة العشرة الأوائل لمواقع الويب الأكثر شعبية الولايات المتحدة وفق لشبكات كوم سكور,Arabic
مليون زائر احتلت ويكيبيديا المرتبة متجاوزة نيويورك تايمز رقم وأبل رقم,Arabic
يمثل هذا زيادة كبيرة يناير 2006 عندما كانت المرتبة رقم ويكيبيديا التي تلقت حوالي مليون زائر,Arabic
اعتبارا مارس 2020 ويكيبيديا تحتل المرتبة بين المواقع حيث الشعبية وفق لموقع أليكسا إنترنت,Arabic
عام 2014 تلقت ثمانية مليارات مشاهدة للصفحة شهر,Arabic
فبراير 2014 ذكرت صحيفة نيويورك تايمز ويكيبيديا لديها مليار مشاهدة للصفحة وما يقرب 500 مليون زائر فريد شهري وفق لشركة التصنيف comscore,Arabic
يجادل لوفلاند وريجل بأن ويكيبيديا تتبع تقليد طويل الموسوعات التاريخية التي تراكمت عليها تحسينات تدريجية خلال التراكم الوصمي,Arabic
يناير 2012 شاركت ويكيبيديا الإنجليزية سلسلة الاحتجاجات المنسقة قانونين مقترحين كونغرس الولايات المتحدة قانون وقف القرصنة عبر الإنترنت sopa وقانون حماية الملكية الفكرية pipa بحجب صفحاتها لمدة ساعات,Arabic
شاهد أكثر 162 مليون شخص صفحة شرح التعتيم التي حلت محل محتوى ويكيبيديا مؤقت,Arabic
كانون الثاني يناير 2014 أشارت تقارير سوبود فارما لصحيفة إيكونوميك تايمز إلى أنه يتوقف نمو ويكيبيديا فحسب فقد يقرب عشرة بالمائة مشاهدات صفحاتها العام الماضي,Arabic
كان هناك انخفاض بنحو ملياري شخص بين ديسمبر 2012 وديسمبر 2013,Arabic
تتصدر نسخها الأكثر شيوع الشريحة انخفضت مشاهدات صفحات ويكيبيديا الإنجليزية بنسبة اثني عشر بالمائة وتراجعت تلك الخاصة بالنسخة الألمانية بنسبة بالمائة وخسرت النسخة اليابانية تسعة بالمائة,Arabic
أضاف فارما أنه بينما يعتقد مديرو ويكيبيديا هذا يكون بسبب أخطاء العد يشعر خبراء آخرون مشروع google رسم بياني معرفي الذي إطلاقه العام الماضي يستحوذ على مستخدمي ويكيبيديا,Arabic
عند الاتصال بهذا الأمر أشار كلي شيركي الأستاذ المساعد جامعة نيويورك والزميل مركز بيركمان للإنترنت والمجتمع بجامعة هارفارد إلى أنه يشتبه الكثير رفض عرض الصفحة يرجع إلى الرسوم البيانية المعرفية قائلا إذا كان بإمكانك الحصول على سؤالك صفحة البحث فلست بحاجة إلى النقر فوق,Arabic
بحلول نهاية ديسمبر 2016 احتلت ويكيبيديا المرتبة الخامسة أكثر المواقع شعبية على مستوى العالم,Arabic
يناير 2013 سميت ويكيبيديا 274301 كويكب على اسم ويكيبيديا أكتوبر 2014 تكريم ويكيبيديا بنصب ويكيبيديا التذكاري وفي يوليو 2015 أصبح 106 7473 700 مجلد ويكيبيديا متاح كطباعة ويكيبيديا,Arabic
عام 2019 تسمية نوع النباتات المزهرة فيولا ويكيبيديا,Arabic
أبريل 2019 تحطمت مركبة هبوط إسرائيلية على سطح القمر بيريشيت وتحمل نسخة جميع مقالات ويكيبيديا الإنجليزية تقريب منقوشة على ألواح رقيقة النيكل يقول الخبراء اللوحات ربما نجت الانهيار يونيو 2019 أفاد العلماء جميع الـ ترميز غيغابايت المقالة ويكيبيديا الإنجليزية dna اصطناعي,Arabic
على عكس الموسوعات التقليدية تتبع ويكيبيديا مبدأ التسويف فيما يتعلق بأمان محتواها,Arabic
لقد بدأ مفتوح بالكامل تقريب يمكن لأي شخص إنشاء مقالات ويمكن تحرير مقالة على ويكيبيديا بواسطة قارئ حتى أولئك الذين ليس لديهم حساب على ويكيبيديا,Arabic
سيتم نشر التعديلات على جميع المقالات على الفور,Arabic
ونتيجة لذلك يمكن تحتوي مقالة على معلومات غير دقيقة مثل الأخطاء والتحيزات الأيديولوجية والنص غير المنطقي غير الصلة,Arabic
نظر لتزايد شعبية ويكيبيديا أدخلت بعض الإصدارات بما ذلك النسخة الإنجليزية قيود على التحرير بعض الحالات,Arabic
على سبيل المثال ويكيبيديا الإنجليزية وبعض إصدارات اللغات الأخرى يمكن للمستخدمين المسجلين فقط إنشاء مقال جديد,Arabic
على ويكيبيديا الإنجليزية بين صفحات أخرى تمت حماية بعض الصفحات المثيرة للجدل الحساسة المعرضة للتخريب إلى,Arabic
مقال للتخريب كثير الأحيان يمكن تكون شبه محمية محمية بشكل كامل وهذا يعني أنه ليس هناك سوى مستويات صلاحيات معينة حتى تستطيع تعديله,Arabic
يتم قفل مقال مثير للجدل بشكل خاص حتى يتمكن المسؤولون فقط إجراء تغييرات,Arabic
حالات معينة سمح لجميع المحررين بإرسال تعديلات لكن المراجعة مطلوبة لبعض المحررين اعتماد على شروط معينة,Arabic
على سبيل المثال تحتفظ ويكيبيديا الألمانية بنسخ ثابتة المقالات التي اجتازت مراجعات معينة,Arabic
بعد التجارب المطولة والمناقشات المجتمعية قدمت ويكيبيديا الإنجليزية نظام التغييرات المعلقة ديسمبر 2012,Arabic
هذا النظام تتم مراجعة تعديلات المستخدمين الجدد وغير المسجلين على بعض المقالات المثيرة للجدل المعرضة للتخريب قبل المستخدمين المعروفين قبل نشرها,Arabic
على الرغم عدم مراجعة التغييرات بشكل منهجي فإن البرنامج الذي يشغل ويكيبيديا يوفر أدوات معينة تسمح لأي شخص بمراجعة التغييرات التي أجراها الآخرون,Arabic
ترتبط صفحة التاريخ الخاصة بكل مقالة بكل مراجعة,Arabic
معظم المقالات يمكن لأي شخص التراجع تغييرات الآخرين بالنقر فوق ارتباط صفحة محفوظات المقالة,Arabic
يمكن لأي شخص عرض أحدث التغييرات التي إجراؤها على المقالات ويمكن لأي شخص الاحتفاظ بقائمة مراقبة للمقالات التي تهمه حتى يتم إخطاره بأي تغييرات,Arabic
دورية الصفحات الجديدة عملية يتم خلالها فحص المقالات المنشأة حديث بحث مشاكل واضحة,Arabic
2003 دكتوراه الاقتصاد,Arabic
جادل الطالب أندريا سيفوليلي بأن تكاليف المعاملات المنخفضة للمشاركة ويكي تخلق حافز للتطوير التعاوني وأن ميزات مثل السماح بسهولة الوصول إلى الإصدارات السابقة الصفحة تفضل البناء الإبداعي على التدمير الإبداعي,Arabic
تغيير تعديل يتلاعب بالمحتوى بطريقة تضر بشكل مقصود بسلامة ويكيبيديا يعتبر تخريب,Arabic
تشمل أكثر أنواع التخريب شيوع ووضوح إضافات البذاءة والفكاهة الفظة,Arabic
يمكن يشمل التخريب أيض الإعلانات وأنواع أخرى البريد العشوائي,Arabic
أحيان يرتكب المحررون أعمال تخريب طريق إزالة المحتوى إفراغ صفحة معينة تمام,Arabic
يكون الصعب اكتشاف الأنواع الأقل شيوع التخريب مثل الإضافة المتعمدة لمعلومات معقولة ولكنها خاطئة إلى مقالة,Arabic
يمكن للمخربين تقديم تنسيق غير صلة تعديل دلالات الصفحة مثل عنوان الصفحة تصنيفها التلاعب بالشفرة الأساسية للمقالة استخدام الصور بشكل معطل,Arabic
السهل بشكل عام إزالة التخريب الواضح مقالات ويكيبيديا متوسط الوقت اللازم لكشف التخريب وإصلاحه بضع دقائق,Arabic
ومع ذلك فإن بعض أعمال التخريب تستغرق وقت أطول لإصلاحها,Arabic
حادثة سيرة جون سيجنثالر قدم محرر مجهول معلومات كاذبة سيرة الشخصية السياسية الأمريكية جون سيجنثالر مايو 2005,Arabic
تقديم سيجنثالر كذبا كمشتبه اغتيال جون,Arabic
كينيدي,Arabic
بقي المقال غير مصحح لمدة أربعة أشهر,Arabic
دعا سيجنثالر مدير التحرير المؤسس إيه توداي ومؤسس مركز التعديل الأول لمنتدى الحرية جامعة فاندربيلت جيمي ويلز المؤسس المشارك ويكيبيديا وسأل عما إذا كان لديه طريقة لمعرفة ساهم المعلومات المضللة,Arabic
ويلز بأنه يفعل ذلك على الرغم تعقب الجاني النهاية,Arabic
بعد الحادثة وصف سيجنثالر ويكيبيديا بأنها أداة بحث معيبة وغير مسؤولة,Arabic
أدى هذا الحادث إلى تغييرات السياسة ويكيبيديا استهدفت تحديد تشديد إمكانية التحقق مقالات السيرة الذاتية للناس الأحياء,Arabic
عام 2010 شجع دانيال توش مشاهدي برنامجه توش على زيارة مقال ويكيبيديا الخاص بالعرض وتحريره حسب الرغبة,Arabic
حلقة لاحقة علق على التعديلات التي إجراؤها على المقالة ومعظمها مسيئة والتي إجراؤها قبل الجمهور ودفعت إلى منع المقال التحرير,Arabic
غالب يكون لدى مستخدمي ويكيبيديا نزاعات بشأن المحتوى مما يؤدي إلى إجراء تغييرات متكررة معاكسة لمقالة عرف باسم حرب التحرير,Arabic
العملية عبارة سيناريو مستهلك للموارد حيث يتم إضافة معرفة مفيدة,Arabic
انتقاد هذه الممارسة أيض على أنها تخلق ثقافة تحرير تنافسية قائمة على الصراع مرتبطة بأدوار الذكور التقليدية بين الجنسين مما يساهم التحيز الجنساني على ويكيبيديا,Arabic
يخضع المحتوى ويكيبيديا للقوانين على وجه الخصوص قوانين حقوق النشر للولايات المتحدة وولاية فيرجينيا الأمريكية حيث توجد غالبية خوادم ويكيبيديا,Arabic
بعيد المسائل القانونية تتجسد المبادئ التحريرية لويكيبيديا خمس اعمده وفي العديد سياسات وإرشادات تهدف إلى تشكيل المحتوى بشكل مناسب,Arabic
حتى هذه القواعد مخزنة شكل ويكي ويقوم محررو ويكيبيديا بكتابة ومراجعة سياسات وإرشادات الموقع,Arabic
يمكن للمحررين تطبيق هذه القواعد طريق حذف تعديل المواد غير المتوافقة,Arabic
الأصل استندت القواعد الخاصة بالإصدارات غير الإنجليزية ويكيبيديا إلى ترجمة قواعد ويكيبيديا الإنجليزية,Arabic
لقد تباعدوا منذ ذلك الحين إلى,Arabic
وفق للقواعد الموجودة ويكيبيديا الإنجليزية يجب يكون إدخال ويكيبيديا حول موضوع موسوعي وليس إدخال قاموس نمط قاموس,Arabic
يجب يفي الموضوع أيض بمعايير ويكيبيديا الخاصة الملحوظة مما يعني عموم أنه يجب تغطية الموضوع وسائل الإعلام الرئيسية مصادر المجلات الأكاديمية الرئيسية المستقلة موضوع المقالة,Arabic
علاوة على ذلك تنوي ويكيبيديا نقل المعرفة التي تأسيسها ومعترف بها بالفعل,Arabic
يجب ألا يقدم بحث أصلي,Arabic
الادعاء الذي المحتمل يتم الطعن فيه يتطلب إشارة إلى مصدر موثوق,Arabic
بين محرري ويكيبيديا غالب يتم التعبير هذا على أنه إمكانية التحقق وليس الحقيقة للتعبير فكرة القراء وليس الموسوعة المسؤولون النهاية التحقق صحة المقالات وعمل تفسيراتهم الخاصة,Arabic
يمكن يؤدي هذا بعض الأحيان إلى إزالة المعلومات التي على الرغم صحتها يتم الحصول عليها بشكل صحيح,Arabic
أخير يجب ألا تنحاز ويكيبيديا إلى طرف,Arabic
يجب تتمتع جميع الآراء ووجهات النظر إذا كانت منسوبة إلى مصادر خارجية بنصيب مناسب التغطية داخل المقالة,Arabic
عرف هذا باسم وجهة نظر محايدة npov,Arabic
مجموعة أخرى المتطوعين الإداريون البيروقراطيون المضيفون مدققو المستخدم سفراء بين اللغات الأخرى لويكيبيديا الإداريون مجموعة المستخدمين الذين لهم ميزات خاصة,Arabic
هذه الميزات القدرة على حذف الصفحات واسترجاعها حماية وإزالة حماية الصفحات ومنع المستخدمين التحرير,Arabic
تمول ويكيبيديا بواسطة مؤسسة ويكيميديا الربع الرابع سنة 2005 صرف 321 000 دولار أمريكي على ويكيبيديا المصروفات كانت على المكونات المادية,Arabic
تعتمد ويكيميديا على التبرعات بشكل أساسي,Arabic
بمرور الوقت طورت ويكيبيديا عملية تسوية نزاع شبه رسمية للمساعدة مثل هذه الظروف,Arabic
لتحديد إجماع المجتمع يمكن للمحررين إثارة المشكلات منتديات المجتمع المناسبة السعي للحصول على مدخلات خارجية خلال طلب رأي ثالث طريق بدء مناقشة مجتمعية عامة تعرف باسم طلب التعليق,Arabic
مجلس التحكيم العملية النهائية لتسوية المنازعات,Arabic
على الرغم الخلافات تنشأ عادة الخلاف بين رأيين متعارضين حول كيفية قراءة مقال فإن لجنة التحكيم ترفض صراحة الحكم مباشرة على وجهة النظر المحددة التي ينبغي اعتمادها,Arabic
تشير التحليلات الإحصائية إلى اللجنة تتجاهل محتوى النزاعات وتركز بدلا ذلك على طريقة إدارة النزاعات تعمل كثير لحل النزاعات وإحلال السلام بين المحررين المتضاربين ولكن للتخلص المحررين الذين يعانون مشاكل السماح للمحررين المنتجين بالعودة للمشاركة,Arabic
لذلك تملي اللجنة محتوى المقالات على الرغم أنها تدين أحيان تغييرات المحتوى عندما ترى المحتوى الجديد ينتهك سياسات ويكيبيديا على سبيل المثال إذا اعتبار المحتوى الجديد متحيز,Arabic
تشمل علاجاته التنبيهات المستخدمة الحالات ومنع المحررين تحرير المقالات الموضوعات ويكيبيديا,Arabic
عموم يقتصر الحظر الكامل ويكيبيديا على حالات انتحال الهوية والسلوك المعادي للمجتمع,Arabic
عندما يكون السلوك انتحال للهوية معادي للمجتمع ولكنه مخالف للإجماع ينتهك سياسات التحرير تميل العلاجات إلى تقتصر على التحذيرات,Arabic
مقال وكل مستخدم ويكيبيديا صفحة نقاش مرتبطة,Arabic
هذه تشكل قناة الاتصال الأساسية للمحررين للمناقشة والتنسيق والمناقشة,Arabic
وصف مجتمع ويكيبيديا بأنه مجموعة اجتماعية على الرغم أنه ليس دائم دلالات سلبية تمام,Arabic
تمت الإشارة إلى تفضيل المشروع للتماسك حتى كان يتطلب وسط يتضمن تجاهل أوراق الاعتماد على أنه معاداة النخبوية,Arabic
أحيان يكافئ الويكيبيديون بأوسمة مقابل العمل الجيد,Arabic
تكشف رموز التقدير الشخصية هذه مجموعة واسعة الأعمال القيمة التي تمتد إلى أبعد التحرير البسيط لتشمل الدعم الاجتماعي والإجراءات الإدارية وأنواع أعمال التعبير,Arabic
تتطلب ويكيبيديا المحررين والمساهمين تقديم التعريف,Arabic
نمو ويكيبيديا يكتب ويكيبيديا أصبح أحد الأسئلة المتداولة حول المشروع,Arabic
جادل جيمي ويلز ذات مرة بأن المجتمع مجموعة مكرسة بضع مئات المتطوعين تقدم الجزء الأكبر المساهمات ويكيبيديا وبالتالي فإن المشروع يشبه إلى كبير منظمة تقليدية,Arabic
عام 2008 ذكرت مقالة مجلة slate وفق للباحثين palo alto فإن واحد بالمائة مستخدمي ويكيبيديا مسؤولون حوالي نصف تعديلات الموقع,Arabic
وقد اعترض آرون شوارتز على هذه الطريقة تقييم المساهمات لاحق حيث أشار إلى العديد المقالات التي أخذ عينات منها تحتوي على أجزاء كبيرة محتواها تقاس بعدد الأحرف التي ساهم بها المستخدمون الذين لديهم أعداد تحرير منخفضة,Arabic
وجدت دراسة أجراها باحثون كلية دارتموث عام 2007 المساهمين المجهولين وغير المتكررين ويكيبيديا مصدر موثوق للمعرفة مثل أولئك المساهمين الذين يسجلون الموقع,Arabic
صرح جيمي ويلز عام 2009 أنه اتضح أكثر جميع التعديلات تمت قبل فقط المستخدمين 524 شخصا,Arabic
,Arabic
,Arabic
وفي الحقيقة فإن أكثر نشاطا 1400 شخص قاموا جميع التعديلات,Arabic
ومع ذلك أظهر محرر بيزنس إنسايدر والصحفي هنري بلودجيت عام 2009 أنه عينة عشوائية المقالات يتم إنشاء معظم المحتوى ويكيبيديا يقاس بمقدار النص الذي المساهمة حتى آخر تعديل للعينة بواسطة الغيرالمسجليين حين معظم عمليات التحرير ويتم التنسيق بواسطة المسجليين,Arabic
وجدت دراسة أجريت عام 2008 سكان ويكيبيديين كانوا أقل قبول وانفتاح وضمير الآخرين على الرغم التعليق اللاحق أشار إلى عيوب خطيرة بما ذلك البيانات أظهرت انفتاح أعلى وأن الاختلافات المجموعة الضابطة والعينات كانت صغيرة,Arabic
وفق لدراسة أجريت عام 2009 هناك دليل على تزايد المقاومة مجتمع ويكيبيديا للمحتوى الجديد,Arabic
أظهرت العديد الدراسات معظم المساهمين ويكيبيديا الذكور,Arabic
والجدير بالذكر نتائج استطلاع مؤسسة ويكيميديا عام 2008 أظهرت المائة فقط محرري ويكيبيديا كانوا الإناث,Arabic
لهذا السبب حاولت الجامعات جميع أنحاء الولايات المتحدة تشجيع الإناث على يصبحن مساهمات ويكيبيديا,Arabic
وبالمثل فإن العديد هذه الجامعات بما ذلك ييل وبراون أعطت ائتمان جامعي للطلاب الذين قاموا بإنشاء تحرير مقالة تتعلق بالنساء العلوم التكنولوجيا,Arabic
كتب أندرو ليه الأستاذ والعالم صحيفة نيويورك تايمز السبب وراء اعتقاده عدد المساهمين الذكور يفوق عدد الإناث إلى كبير التعريف على أنه امرأة تعرض نفسها لسلوك قبيح ومخيف,Arabic
أظهرت البيانات الأفارقة ممثلون تمثيلا ناقصا بين محرري ويكيبيديا,Arabic
توزيع 723 855 المقالات بإصدارات بلغات مختلفة اعتبار يناير 2021 يوجد حالي 313 إصدار لغة ويكيبيديا,Arabic
اعتبار كانون الثاني يناير 2021 كانت المراكز الستة الأكبر بترتيب عدد المقالات ويكيبيديا english وcebuano وswedish وgerman وfrench وdutch,Arabic
يدين ثاني وثالث أكبر مواقع ويكيبيديا إلى بوت lsjbot الذي أنشأ المقالات والذي أنشأ اعتبار عام 2013 حوالي نصف المقالات ويكيبيديا السويدية ومعظم المقالات السيبوانية ويكيبيديا واراي واراي,Arabic
هذه الأخيرة لغتا الفلبين,Arabic
بالإضافة إلى المراكز الستة الأولى هناك اثنا عشر موقع آخر ويكيبيديا بها أكثر مليون مقال الروسية والإيطالية والإسبانية والبولندية والواراي والفيتنامية واليابانية والصينية والمصرية والعربية والبرتغالية والأوكرانية ستة أخرى بها أكثر 500 000 مقالة الفارسية والكتالونية والصربية والإندونيسية والنرويجية والكورية لدى آخرين أكثر 100 000 آخرون لديهم أكثر 10000,Arabic
أكبرها ويكيبيديا الإنجليزية لديها أكثر مليون مقال,Arabic
اعتبار يناير 2019 وفق أليكسا يتلقى المجال الفرعي الإنجليزي wikipedia org ويكيبيديا الإنجليزية يقرب حركة المرور التراكمية ويكيبيديا الانقسام المتبقي بين اللغات الأخرى الروسية الصينية اليابانية الإسبانية,Arabic
وتعتمد ويكيبيديا على برنامج ميدياويكي وهو برنامج ويكي مفتوح المصدر مرخص تحت رخصة جنو العمومية,Arabic
مبني بلغة إتش ويعتمد على قواعد بيانات ماي كيو,Arabic
يقدم هذا البرنامج العديد المزايا البرمجية مثل الماكرو والمتغيرات,Arabic
يستخدم هذا البرنامج ويكيبيديا ومشاريع ويكيميديا الأخرى بالإضافة إلى العديد مواقع الويكي,Arabic
تعمل خوادم ويكيبيديا بنظام جنو لينكس,Arabic
300 خادم فلوريدا أمستردام مركز استضافة شركة ياهو سيول,Arabic
تتلقى خوادم ويكيبيديا 000 إلى 000 طلب صفحة الثانية وهذا حسب الوقت اليوم الواحد,Arabic
ويكيبيديا بأنها مجهود لإنشاء وتوزيع موسوعة ذات أفضل جودة ممكنة لكل فرد على الكوكب بلغته الأم,Arabic
النصف الثاني أغسطس 2009 كانت ويكيبيديا تصدر بأكثر 260 لغة,Arabic
الإصدارات ال27 الأولى حيث عدد المقالات واحدة منها يحتوي على أكثر 100 000 مقالة والـ174 الأولى تحتوي منها على أكثر 1000 مقالة,Arabic
الآن تصدر ب301 لغة منها 291 لغة نشطة,Arabic
لما كانت ويكيبيديا موسوعة متاحة عبر الويب فهي موسوعة عالمية وقد يستخدم المشاركون الذين يستخدمون نفس اللغة لهجات متباينة ربما يأتون بلاد مختلفة هذه الحال العديد الويكيبيديات منها الويكيبيديا الإنجليزية والصينية هذا يؤدي إلى اختلافات التهجئة وجهات النظر,Arabic
يتلقى نطاق ويكيبيديا الإنجليزية مجموع زوار ويكيبديا لويكيبيديا الإسبانية لويكيبيديا الألمانية ونفس النسبة لويكيبيديا اليابانية أما ويكيبيديا العربية فتتلقى زوار ويكيبيديا,Arabic
يمكن للمحررين إحدى موسوعات ويكيبيديا يترجموا المقالات لغة إلى لغة أخرى وهذا يلقى تشجيعا مجتمع ويكيبيديا انظر ويكيبيديا ترجمة مقالات للعربية,Arabic
المقالات الموجودة بأكثر لغة يمكن ربطها بروابط إنترويكي يمكن ملاحظة هذه الروابط قائمة الجانب الأيمن صفحة المقال,Arabic
الصور والوسائط المتعددة الأخرى يتم تشاركها خلال مشروع ويكيميديا كومنز,Arabic
جملة الانتقادات التي وجهت لويكيبيديا منذ نشأتها بسبب طريقة تحرير المقالات خلال نظام الويكي الذي يسمح لأي شخص إضافة وتعديل وحذف معلومات معظم مقالات ويكيبيديا اتهم بعض المتخصصين الويكي بكونها ليست ذات مرجعية,Arabic
عبارة ضعيف بمصدر أفضل كتابة جيدة غير موثوقة تدل على المحررين المجهولين يمكن تتبعهم مناقشتهم للاستفادة منهم لمجادلتهم,Arabic
يجيب إداريو الويكي هذا يشجع الزوار الجدد على الإضافة بإغرائهم للتغيير والاستفادة ولو بتلميحات عديدة منهم كما أنه غالبا يدفع هؤلاء المحررين للتسجيل آخر المطاف,Arabic
كما دراسات لتأثير التخريب أثبتت أنه داعي المبالغة بتأثيره غالبا تكون المقالات المحايدة أطول مدة وأكثر استقرارا,Arabic
مختلف صلاحيات إداريي الويكي تمكنهم حماية المقالات التي تحتاج مراقبة مكثفة تتعرض لتخريب متنوع كمقالات البلدان مثلا المقالات المواضيع الدينية والسياسية,Arabic
يوفر المساهمين مصادر لكتاباتهم طبيعة عمل ويكيبيديا هذه جعلتها موضعا للشك مصداقية محتوياتها,Arabic
أجرى خبراء جامعيون أستراليون دراسة حول ويكيبيديا وطريقة تحرير المقالات فيها ووجدوا مواضيع ويكيبيديا يحررها أعضاء يتعاونون فيما بينهم وهم غالبا غير المتخصصين,Arabic
لكن أيضا وجدوا لطريقة الويكي هذه بعض المميزات للموسوعة,Arabic
كما كتاب الويكي ليسوا كلهم ذوي اختصاص الطفولة إلى الكهولة,Arabic
نصح لهذا بقراءة الويكي دائما بنظرة ناقدة,Arabic
لدى الإداريين الحق مسح أية مساهمات غير موثوقة بمصادر تضمن حياديتها ومصداقيتها,Arabic
تتضمن المعلومات التي تقدمها ويكيبيديا حول العلوم والانتقادات والجدال حول تأثير وجودة المعلومات وثقافة محرري ويكيبيديا العلماء وغير المتخصصين إدخال المعلومات إلى ويكيبيديا عام 2016 مؤسسة ويكيبيديا التعليمية ومؤسسة سيمونس تقديم برنامج يسمى عام العلوم هذا البرنامج حيث قام معلموا الويكيبيديا بزيارة المعارض العلمية ودعوا العلماء للمساهمة بمعلومات مجالهم وتخصصهم ويكيبيديا,Arabic
بعض الجامعات لديها برنامج يشجع الطلاب على تعديل مقالات ويكيبيديا العلمية كجزء تجربتهم العلمية ويدعو مجتمع ويكيبيديا العديد الأكادميين لتحرير مقالات ويكيبيديا,Arabic
أيضا قام العديد الأكادميين الإجتماعيين بتشجيع الأفراد على تحرير ويكيبيديا,Arabic
دراسة عام2005 نشرت مجلة نيتشر إجراء مقارنة بين مقالة علمية الويكيبيديا الإنجليزية وبين موسوعة بريتانيكا وجد الخبراء أربع مشاكل جدية الويكيبيديا وموسوعة بريتانيكا ووجدوا أيضا 162 مشكلة أقل جدية ويكيبيديا و123 مشكلة أقل جدية بريتانيكا,Arabic
مجلة أدبيات علمية كتبت لvice تشتكي عام 2017 مقالات ويكيبيديا العلمية تقنية بشكل كبير,Arabic
كما انتقد وشكك العديد العلماء والتنظيمات الإعلامية بمحتوى مقالات الموسوعتين ناحية التأثير العلمي والنقاشات المتعلقة بالعلوم,Arabic
بالإضافة إلى ويكيبيديا أطلقت مؤسسة ويكيميديا العديد المشاريع سميت بالمشاريع الشقيقة ويكي قاموس مشروع قاموس متعدد اللغات بدأ ديسمبر 2002 ويكي اقتباس الذي يضم مجموعة الاقتباسات ويكي الكتب مشروع للكتب المجانية الحرة التي يتم تحريرها تعاونيا,Arabic
ويكيميديا تطلق مشاريع عديدة منذ ذلك الحين,Arabic
أحدث مشاريع ويكيميديا ويكي جامعة مشروع يهدف إلى دعم التعليم الحر واستضافة مصادر تعليمية مجانية,Arabic
مشاريع أخرى مستقلة مؤسسة ويكيميديا استوحت الفكرة طريقة عمل ويكيبيديا التي تعتمد على نظام الويكي والعمل الجماعي هذه المشاريع موسوعة المعرفة وموسوعة الحياة,Arabic
كما إستوحت موسوعة لاروس طريقة عمل ويكيبيديا لإنشاء موسوعة على الإنترنت يحررها مساهمون غير متخصصين لكن اختلاف التطبيق فموسوعة لاروس تسمح لمستخدمها يكتب مقالا ويحق وحده يحرره وهذا النموذج يتفق تطبقه خدمة نول جوجل,Arabic
الفيلم الوثائقي المستقل الأول ويكيبيديا يسمى الحقيقة بالأرقام قصة ويكيبيديا truth number ويكيبيديا story عرض مؤتمر ويكيمانيا 2010,Arabic
تصويره العديد قارات العالم,Arabic
سجل الفيلم تاريخ ويكيبيديا وقدم مقابلات العديد محرري ويكيبيديا حول العالم والآراء المتباينة حولها,Arabic
تعلم الآلة بالإنجليزية machine learning أحد فروع الذكاء الاصطناعي التي تهتم بتصميم وتطوير خوارزميات وتقنيات تسمح للحواسيب بامتلاك خاصية التعلم,Arabic
بشكل عام هناك مستويين التعلم الاستقرائي والاستنتاجي,Arabic
يقوم الاستقرائي باستنتاج قواعد وأحكام عامة البيانات الضخمة,Arabic
المهمة الأساسية للتعلم الآلي استخراج معلومات قيمة البيانات بالتالي قريب جدا التنقيب البيانات بالإنجليزية data mining والإحصاء والمعلوماتية النظرية,Arabic
يستخدم التعلم الآلي العديد المجالات الهندسة إلى الطب,Arabic
يتضمن التعلم الآلي عددا كبيرا حقول التطبيقات معالجة اللغات الطبيعية بالإنجليزية natural language processing وتمييز الأنماط بالإنجليزية syntactic pattern recognition ومحركات البحث بالإنجليزية search engine والتشخيص الطبي والمعلوماتية الحيوية والمعلوماتية الكيميائية تصنيف تسلسلات الدنا تمييز الكلام بالإنجليزية speech recognition وتمييز الكتابة handwriting recognition وحتى تمييز الأشياء بالإنجليزية object recognition رؤية الحاسوب بالإنجليزية computer vision الألعاب الإستراتيجية وتحريك الروبوت بالإنجليزية robot locomotion,Arabic
استخدام مصطلح التعلم الآلي لأول مرة عام 1959 قبل آرثر صموئيل وهو أمريكي عمل شركة,Arabic
الستينيات كان التعلم الآلي يستخدم الغالب لتصنيف الأنماط,Arabic
توم,Arabic
ميتشيل تحديدا مقتبسا واسعة الاقتباس يقال برنامجا حاسوبيا يتعل خبرة بالنسبة إلى صنف الأ شغال وبالنسبة مقياس الإتمام,Arabic
إذا تحس إتمام البرنامج على أشغال بعد خبرة بمقياس,Arabic
يتم تصنيف خورازميات تعلم الآلة إلى عدة أنواع نحن جميع نبحث طرق سريعة لنصبح أكثر طلاقة اللغة الإنجليزية وأنا أعلم أنني أفهم يحدث هناك بضع كلمات تدور حول عقولنا ونحتاج إلى إجراء هذه المحادثة بأكملها باستخدام رائع رائع رائع ملحمي فما رأيك ذلك تعلم بعض الكلمات الإنجليزية الجديدة والذكية التي يمكنك استخدامها حياتك اليومية ورفع مفرداتك دقائق,Arabic
لذلك سوف نتعلم اليوم كلمات ذكية جديدة معانيها كلمات جذرية وجمل أمثلة لذلك دعونا نبدأ هذا وأنتم تشاهدون,Arabic
وفي هذا الفيديو سأعطيك كلمات ذكية للاستخدام اليومي وفي نهاية هذا الفيديو,Arabic
سأقدم أيض تلميح ذكي لجعل رقم الكلمات الذكية بطلاقة,Arabic
الشخص غارق الغرق يعني الغرق الفيضان ولكن غالب يستخدم سياق العمل مثل أنا غارق العمل لدي الكثير العمل الذي يجب القيام لقد غمرني العمل هذا الأسبوع بالكامل لقد كان لدي وقت بالكاد للتنفس الآن دعنا ننظر إلى جذر هذه الكلمة,Arabic
المستنقع عبارة قطعة الأراضي الرطبة وإذا خطا شخص المكان الخطأ مستنقع يمكن يغرق بسهولة وصيغة الفعل المستنقع تعني الغرق لذا إليك كيفية استخدام هذه الكلمة,Arabic
لنفترض لديك الكثير المهام ولديك اختبار قادم وسيأتي أصدقاؤك إليك ويقولون,Arabic
مرحبا لماذا تتسكع معنا يمكنك تقول لهم إنني آسف ولكني غارق العمل أنني غارق بعض الكلمات الأخرى التي يمكنك استخدامها بدلا الغرق لدي الكثير لكى يفعل,Arabic
هناك الكثير على لوحي أنا غارق العمل,Arabic
أنا غارق المهام الكلمة الذكية الثانية catch الآن أنا متأكد أنك لقد سمعت هذه الكلمة قبل catch تعني موقف مستحيل يمكنك فيه فعل شيء تفعل الآخر ولا يمكنك فعل الآخر لأنك تفعل الشيء الأول,Arabic
لقد أربكتك لذا اسمح أقدم بعض الأمثلة على حالة الالتقاط عندما تحصل على وظيفة دون يكون لديك خبرة العمل,Arabic
لكن يمكنك الحصول على الخبرة حتى تحصل على وظيفة وقد صاغ جوزيف هيلر كتابه الشهير الذي يحمل نفس الاسم catch عندما كان يصف بعض القواعد المتناقضة التي كانت تنطبق على الجنود خلال الحرب العالمية الثانية,Arabic
مثال آخر على catch أنك بحاجة إلى قرض مصرفي لأنك تملك يكفي,Arabic
نقود ولكنك تحصل على هذا القرض المصرفي تثبت للبنك لديك يكفي المال لذا تذكر المرة القادمة التي تواجه فيها موقف صعب,Arabic
لاستخدام كلمة catch,Arabic
واحصل على هذه النظرات المثيرة للإعجاب أصدقائك وكلمات أخرى يمكنك استخدامها بدلا catch مفارقة معضلة كلمة ذكية,Arabic
رقم ثلاثة رقيق رقيق رقيق يعني تكون متطور لتكون مهذب ومتوازن ورائع,Arabic
كلمة رقيق لها أصول عديدة ومختلفة ولكن مصدر واحد مثير للاهتمام للكلمة وهو يعني اللطيف المذاق الحلو,Arabic
إنه متوازن ولطيف للغاية خاصة أمام السيدات باراك أوباما لطيف للغاية ولطيف الآن تذكر عندما تكون حفلة المرة القادمة وترى هذا الشخص الذي كذلك,Arabic
مهذب ومثقف ومتطور,Arabic
تنسى تقول ذلك الرجل اللطيف الموجود الزاوية باستخدام هذه الكلمة سوف يصنع مفرداتك على الفور,Arabic
رقيق للغاية كلمة ذكية رقم أربعة فظيعة وكلمة فظيعة تعني شيئ سيئ فظيع فظيع مروع وحشي مروع جذر لاتيني يسمى,Arabic
مما يعني الخوف القاسي الرهيب بعض الأمثلة على كلمة فظيعة حوادث الاغتصاب الأخيرة دلهي كانت فظيعة يتم معاملة السجناء,Arabic
بطريقة فظيعة أحيان السجون الفظيعة تستخدم أيض الحياة اليومية للحديث بعض الأعمال الخاطئة الشائعة وتريد المبالغة فيها,Arabic
على سبيل المثال كانت آداب المائدة فظيعة إحساسها بالملابس فظيع قواعده فظيعة لذلك المرة القادمة التي تسمع فيها عمل مروع الأخبار تذكر ذلك,Arabic
ملاحظة ويقولون هذا عمل فظيع,Arabic
الكلمة الذكية رقم هائلة ورائعة ورائعة وتعني مذهل مذهلا,Arabic
الآن غالب نستخدم كلمة رائع هنا كلمة أخرى يمكنك استخدامها بدلا كلمة رائعة على سبيل المثال حصلت اليوم على درجة هائلة اختباري مما يعني أنني حصلت على درجة عالية,Arabic
حصلت على درجة شبه مثالية فكلمة stupendous لها جذور لاتينية كلاسيكية الكلمة التي تعني,Arabic
يتم استخدام تكون مذهول للغاية لوصف شيء جيد بشكل مذهل على سبيل المثال تبدو رائعة هذا الفستان منظر رائع هذه الشرفة أنا أقرأ هذا الكتاب الرائع الذي يمكنني أخفيه ماذا عنك يخبار,Arabic
أصدقاؤك هذه القناة الرائعة للطلاب وبعض الكلمات الأخرى التي يمكنك استخدامها بدلا الهائلة رائعة بشكل يصدق جيدة بشكل استثنائي لذا قبل نتابع الكلمات الخمس المتوازنة هذا الفيديو تذكر تضع تعليق أسفل هذا الفيديو,Arabic
تخبرني هذه الكلمات العشر كانت كلمتك الذكية المفضلة رقم ستة الإصلاح الإصلاح يعني تكون موقف مزعج على سبيل المثال فتى أنا حالة إصلاح لأنني وضعت خطط صديقين مختلفين لهذا مساء,Arabic
لقد فقدت هاتفي وأنا إصلاح تعطلت حافلتنا هذا الصباح وأنا إصلاح يلجأ صديقي دائم إلي للحصول على المساعدة عندما يكون إصلاح وعندما يكون الذهاب جيد ينسى ذلك,Arabic
أنا لذا المرة القادمة التي تحصل فيها على واجب الرياضيات المنزلي المدرسة على سبيل المثال وإذا تركت كتاب الرياضيات المدرسة فيمكنك إخبار أصدقائك أنك حقيقي الآن فقد تعتقد كلمة الإصلاح لها تفعله بإصلاح شيء,Arabic
ولكن ليس الإصلاح يعني تكون موقف مزعج وبكلمات أخرى يمكنك استخدامها بدلا الإصلاح أنا حساء أنا حالة الفوضى أنا مكان مزعج أنا فقط مكان الكلمة الذكية رقم flummox flummox تعني إرباك شخص,Arabic
لدرجة أنهم نسوا يجب عليهم فعله الآن,Arabic
عند انعكاسه المرآة كان السائح حيرة أمره بسبب العادات المختلفة التي,Arabic
لقد واجهته أثناء رحلاته مقابلة عندما ئلت سبب تعيينك بدت محيرة تمام المرة القادمة إذا كنت مرتبك بشأن أسئلة على سبيل المثال امتحان فأنت,Arabic
يمكن أقول ذلك دائم لأنني لقد استعدت جيد للامتحان لقد شعرت بالحيرة بعض الأسئلة الكلمات الأخرى التي يمكنك استخدامها بدلا الحيرة محيرة محيرة الكلمة الذكية رقم ثمانية موعد موعد التقاء,Arabic
طريقة فرنسية لقول لقاء موعد على سبيل المثال لدي موعد أصدقائي على الغداء يوم السبت أخطط للقاء أصدقائي المركز التجاري حيث يمكن استخدام موعد الأفلام كاسم كفعل فمثلا,Arabic
لدي موعد أصدقائي هذا المساء سألتقي أصدقائي,Arabic
وقت سابق فرنسا استخدم الجيش موعد للإشارة إلى مكان اجتماع للقوات والآن هناك شيء مثير وسري بعض الشيء حول كلمة التقاء حتى الآن بينما يمكنك استخدام موعد لأي اجتماع,Arabic
بشكل عام لكنها فازت يكون مناسب لعقد اجتماع رسمي لذا إذا كان لديك تاريخ فربما يمكنك بالتأكيد الاتصال بأن كلمة التقاء الذكية رقم منفرجة ومنفرجة المنفرجة إهانة ستستخدمها عندما تحاول الاتصال بشخص غبي غير ذكي,Arabic
لقد سمعت الآن كلمة منفرجة الهندسة الزاوية المنفرجة والزاوية الحادة لذا فإن الزاوية المنفرجة زاوية أكبر درجة ولكنها أقل 180 درجة,Arabic
والزاوية الحادة هذه الزاوية الحادة التي تقل درجة حادة حيث يتم استخدام كلمة للدلالة على حاد وبالتالي أيض حادة عقلي ومنفرجة تدل على فظة وبالتالي فهي بطيئة بعض الشيء العقل لذا فإن الجمل المنفرجة الرجل كان بليد لدرجة أنه أعطى كلمة المرور الخاصة إلى متصل مزيف طفل منفرج,Arabic
يكن قادرا,Arabic
للإجابة على سؤال واحد الاختبار واجه الرجل المنفرج صعوبة فهم التعليمات الأساسية افترض الآن وضعك الحياة اليومية صديقك صديقتك غاضب منك ولا تعرف لماذا يمكنك ذلك,Arabic
لهم ربما أكون منفرج ولكني أعرف لماذا أنت مستاء للغاية فالكلمة الذكية رقم بطيئة بطيئة بطيئة تعني تتحرك بطريقة بطيئة لتكون بطيئ نوع,Arabic
المعتاد تبدو متعب ومفتقد,Arabic
مثال الطاقة وجبة غداء ثقيلة تجعلني فترة بعد الظهيرة بطيئ لها جذور الكلمة التي تعني شخص بطيئ والسلج حيوان يتحرك ببطء شديد مثل أمثلة الحلزون,Arabic
كان الاقتصاد بطيئ هذا العام تعافى بعد بداية بطيئة,Arabic
كان العمل بطيئ هذا الربع يمكنك استخدامه حياتك اليومية إذا كنت تشعر بالتعب الشديد يوم يمكنك إخبار والدتك يمكنك معرفة ذلك,Arabic
أصدقاؤك أشعر بالكسل الشديد,Arabic
اليوم يمكنني أفعل مشروب طاقة,Arabic
الكلمات الأخرى التي يمكنك استخدامها بدلا الكسل يمكن تكون خاملة تسحب قدمي لذا كانت هذه الكلمات العشر الذكية وقبل ذلك,Arabic
أعطيك هذه النصيحة السرية لتبدو بطلاقة للغاية وأريد أذكرك أنه,Arabic
إذا كنت تبحث كلمات ذكية لاستخدامها مكالمة هاتفية فأنا أضع رابط لمقطع فيديو,Arabic
مربع الوصف لذلك والآن النصيحة السرية للتحدث بطلاقة عدم استخدام أكثر كلمة جملة ذكية أعرفها بعض الأحيان,Arabic
نحن متحمسون جدا لأن,Arabic
نحن لقد تعلمنا الكثير هذه الكلمات الذكية ونميل إلى كتابة اثنين وثلاثة أربعة منها جملة واحدة تبدو طبيعية,Arabic
لذلك تأكد واحد تلو الآخر نطقك للكلمة,Arabic
انتقل إلى google واكتب الكلمة وفي الجزء العلوي الأيمن سترى رمز مكبر صوت صغير انقر فوق هذا مكبر الصوت,Arabic
وسماع النطق مرة مرتين,Arabic
وأنت على استعداد للذهاب وإذا أعجبك هذا الفيديو فلا تنس تقدم لنا تعليق رائع,Arabic
بالنسبة تحته يخبرني هذه الكلمات العشر المفضل لديك وأيض,Arabic
إذا تكن ضغطت بالفعل على الاشتراك ورمز الجرس المجاور وسعد بالمشاهدة,Arabic
مرحبا رفاق أهلا بكم قناتي هذا الفيديو,Arabic
سأقدم أفضل عبارة إنجليزية يمكنك استخدامها حياتك اليومية,Arabic
لذلك إذا كنت على وشك الشروع رحلتك,Arabic
لدولة ناطقة باللغة الإنجليزية يمكنك استخدام هذا تمام,Arabic
عبارات إذا كنت تتعلم اللغة الإنجليزية لفترة الوقت وتريد استئناف التعلم,Arabic
هذا أفضل فيديو نبدأ لذا دعنا ننتقل إلى عبارة باللغة الإنجليزية ونأمل تكون دقائق,Arabic
العبارة رقم واحد هذه طريقة أخرى للسؤال,Arabic
كيف حالك كيف الحال كيف تسير الأمور كيف تجري الامور,Arabic
حتى تلتقي بشخص وتوقيت كيف تسير الأمور,Arabic
العبارة الثانية عندما شخص منذ فترة فأنت تخبره بعدم رؤيته لفترة طويلة وهذا يعني أنك هذا الشخص ربما أسابيع شهور منذ وقت طويل بدون رؤية رقم العبارة,Arabic
ثلاثة إذا كنت تريد تسألك ماذا كنت تفعل,Arabic
تسأل ماذا كنت تفعل فماذا كان يجري حياتك,Arabic
ماذا كنت تفعل لتربيهم قبل إذا كان شيء يسير حسن يمكنك الإجابة فقط يمكنك الشكوى شيء رائع,Arabic
يمكنك الشكوى العبارة التالية يخبرك شخص بشيء ولم تذكره المحادثة كما يظنون بطريقة لديك وظيفة جديدة وأنت تسأله,Arabic
كيف علمت بذلك,Arabic
أين حصلت على الأخبار مثل كيف,Arabic
تعرف على إذا كان شخص يقول نكتة رائعة يمكنك تقول إنها جيدة,Arabic
هذه مزحة رائعة لذا فإن العبارة جيدة,Arabic
إذا كنت تريد تشكر شخص فيمكنك تقول إنه لطف منك شكر جزيلا على القيام بذلك هذا لطف منك إنه لطف منك إذا كان هناك شخص,Arabic
كان يحاول مساعدتك لكن يستطع الوصول إلى النتيجة التي يمكنك قولها,Arabic
شكرا على حال يهم لكن شكرا على حال,Arabic
شكرا على مجهودك,Arabic
شكر على حال وعبارة أخرى أستخدمها رسالتي الإلكترونية أحيان عندما أطلب شخص,Arabic
أسأل أقول النهاية,Arabic
شكر مقدم مما يعني أنني أتمنى تفعل ذلك,Arabic
افعل ذلك شاكرا لكم مقدما,Arabic
شكر مقدم إذا ارتكب شخص خطأ وهو منزعج ذلك,Arabic
يمكنك فقط تقول تقلق,Arabic
تقلق ولا تقلق مما يعني تقلق بشأنه,Arabic
بأس,Arabic
تقلق تخيل أنك عدت إلى المنزل وهناك جميع أصدقائك جالسين على أريكتك,Arabic
وأنت مثل يحدث هنا مثل ماذا تفعل هنا,Arabic
الذي يحدث إذا تلتقط شيئ تفهم الشخص الذي يمكنك دائم سؤاله فهمتك بشكل صحيح,Arabic
انطلق وشرح أين حصلت فهمتك بشكل صحيح,Arabic
إذا طلبت شخص ألا ينزعج ولا يبكي يمكنك القول تأخذ الأمر على محمل الجد,Arabic
تأخذ الأمر على محمل الجد على محمل الجد تنزعج ولا تأخذ الأمر على محمل الجد,Arabic
طريقة أخرى للسؤال عما إذا تلتقط جزء العبارة يمكنك القول إنني أفهم الكلمة الأخيرة,Arabic
أنا آسف,Arabic
يمكنك تكراره لأنني أفهم الكلمة الأخيرة إذا كان يريد شخص يكرر العبارة بأكملها مرة أخرى,Arabic
يمكنك تقول آسف,Arabic
أكن أستمع لأنك ربما كنت مشغولا,Arabic
ربما كنت تتحدث على الهاتف وكان شخص يتحدث معك وأنت مثل,Arabic
إلهي,Arabic
آسف أكن أستمع,Arabic
ممكن تكررها,Arabic
أنا آسف,Arabic
أكن أستمع إلى عبارة أخرى أستخدمها طوال الوقت,Arabic
يهم مثل تقلق إذا أسقطت قهوتك فوقي,Arabic
يبدو الأمر كما أنه يهم,Arabic
سأكون بخير,Arabic
أنا ذاهب إلى الغسيل على حال,Arabic
يهم إذا كنت ترغب يحالف الحظ شخص,Arabic
وأنا أفعل ذلك دائم يمكنك تقول الأصابع متقاطعة وأنت تتخطى الأصابع هكذا,Arabic
تشابك الاصابع,Arabic
عبارة أخرى يستخدمها الأمريكيون سيئة التي تفسرها,Arabic
الموقف أنك تحصل على شيء تحصل على تأثير إضافي وتحصل عليه,Arabic
وأنت مثل هذا يفسر ذلك,Arabic
هناك طريقة أخرى لإخبار الشخص بأنه ينزعج وهي تقول الأشياء تحدث كما كانت على يرام,Arabic
تحدث الأشياء فلا تنزعج إذا يكن لديك اسم شخص تريد التحدث معه,Arabic
يمكنك تقول آسف لإزعاجك تعلم أنك ترى,Arabic
شخص مشغول يمكنك دائم تقول آسف لإزعاجك يمكنك المضي قدم والسؤال,Arabic
آسف لإزعاجك,Arabic
إذا كنت وسط شيء شخص أسألك شيئ يمكنك قوله أنت منتصف شيء وشخص يطلب منك شخص تفعل شيئ تقوله أنا آسف,Arabic
سأكون معك بعد دقيقة وسأكون معك ومن تستأنف القيام بشيء وتقول أين كنا,Arabic
مثل متى توقفنا مكان وجودنا وعليك تكراره لأنه الصوت الذي يخطئ شخص,Arabic
لذا فهذه طريقة رائعة للتدرب على أين كنا مرة أخرى إذا كنت منتصف محادثة ولم تفهم كان يقوله الشخص الآخر يمكنك تقوله بعلامة استفهام,Arabic
يعني الذي يدفع الشخص للتكرار مرة أخرى كنت تقول,Arabic
إذا حصل شخص على وظيفة أحلامه يمكنك قوله محظوظ دخل شخص إلى الجامعة فإن أحلامه مثل محظوظ فهذه طريقة لتهنئة الشخص المحظوظ مجرد التأكيد على أنه محظوظ بطريقة أخرى كنت غاضب أقول إنني شعرت بالخوف كما كنت غاضب,Arabic
أوه هذا جنوني تقريب,Arabic
لقد أخافت عبارة أخرى يستخدمها المتحدثون الأصليون مفيدة ويمكن يكون هذا إيجابي وسلبي عندما تقول إنني حصلت على ترقية وإذا قالوا جيد فأحب التهنئة وأحيان إذا قلت أنني سأغادر هذا المكان,Arabic
إنها جيدة بالنسبة سيكون أفضل بدونك وهذا معنى سلبي لذا استمع إلى التنغيم,Arabic
إذا فاجئك شيء يمكنك أيض تقول إنه يجب تمزح معي مثل إلهي,Arabic
أستطيع أصدق أنه يجب عليك تمزح تخبر أحد يبتسم ولكي تكون سعيد يمكنك دائم تقول ابتهج ابتهج,Arabic
إذا كنت تريد شخص يبدو وكأنه يبكي ويشكو شيء يحدث يمكنك تقول تعال يمكنك فعل ذلك أنا هيا,Arabic
يمكنك القيام بذلك يمكنك تمرير التوفل يمكنك تمرير gmat التي ستحصل عليها,Arabic
يمكنك القيام بذلك إذا كان هناك شخص يقوم بعمل جيد يمكنك إخبارهم بمواصلة العمل الجيد واستمر العمل الجيد مثل تكون جيد مثلك واستمر العمل الجيد استمر تكون عبارة أخرى عامية وهذا يفعله الأمريكيون,Arabic
هذا مضاء مما يعني الكثير الأمريكيين قالوا هذا مذهل كاليفورنيا أوه هذا مضاء وربما سمعته الأغاني التي يضيء إذا كان شخص ناجح بعد الفشل لذلك يمكنك تقول هناك تذهب أخبرتك أنك ستصل إلى هناك تذهب إذا سألك شخص إذا كنت متعب وتريد تقول أنك لست متعب على الإطلاق أستطيع أقول قليلا ناه,Arabic
أريد أستمر لست متعب ذلك عندما يسألك أحدهم أنت متأكد وأنت متأكد تمام أنه يوجد مكان لذلك يوجد مجال للشك أمريكا إذا كنت تريد إرسال رسالة نصية إلى شخص إرسال رسالة تقولها إلى لذلك سأرسل رسالة نصية تعني أنني سأرسل رسالة عبر whatsapp برقية رسول مهما كان سأستخدمه أرسل رسالة نصية مرة أخرى لتشجيع شخص لتخبره ألا ينزعج يمكنك القول الأمر يستحق ذلك مثل لماذا تبكي يستحق هذا العناء,Arabic
أنت أفضل بكثير المشكلة التي تبكي عليها تستحق دموعك,Arabic
يستحق هذا العناء أنا شخصيا أحب العبارة التي تعني أنك رائع,Arabic
إلهي,Arabic
أنت صخرة لقد قمت بعمل رائع,Arabic
إذا كان شخص يعمل بشكل جيد وتريد منه يعمل بجدية أكبر يمكنك تقول إنه يجب عليك تمضي مسافة إضافية مما يعني أنه مثل العمل بجدية أكبر يجب تقطع ميل إضافي,Arabic
طريقة أخرى لقول نفس الشيء تمام يمكنك تقوله صعد لعبتك مثل العمل بجد والعمل بشكل أفضل تصعيد لعبتك,Arabic
إذا كان هناك يبكي ولا يريد ذلك,Arabic
إنها تغرق وتقول إنها تجمع بين نفسك مثل نفسك حرفي واجمع نفسك توقف العمل توقف البكاء اجمع نفسك,Arabic
مهلا تهدئة نفسك معا عبارة أخرى,Arabic
أحبك بعتني لأن الناس بعض الأحيان يصفون رحلتهم شخص اشتروه ويصفون أنه جيد,Arabic
وهم يشبهونني أريد أشتري نفس الشيء وأقول لهم إنك بعتني بعتني أشتري هذا جيد لقد بعتني إذا تكن مهتم بالمحادثة,Arabic
أنت تحب الجلوس يمكنك القول أنني أستطيع أهتم كثير فهذا ممل,Arabic
أنا لست مهتم,Arabic
يمكنني أقلل اهتمامك إذا سألك أحدهم شيئ وهذا قرار سهل بالنسبة كما يخبرك أحدهم بأنك تأخذ مليون دولار وتقول هذا أمر غير منطقي,Arabic
أنا سأخذه,Arabic
هذا أمر يحتاج إلى تفكير يعني أنه قرار سهل بالنسبة إذا كنت فعلت شيئ خاطئ وتعترف أنه يمكنك القول إنني أفسدت نعم رفاق,Arabic
أنا أعلم,Arabic
أنا آسف,Arabic
انا ثمل,Arabic
هذا خطأي,Arabic
لقد أخفقت الأمر إذا كنت تريد يعمل شخص بدلا مني,Arabic
يمكنك تغطيني مثل يمكنك العمل بدلا مني بينما أنا رؤية صديقي,Arabic
يمكنك تغطيني لقد حان وقت المغادرة ومن الأفضل أذهب رفاق مما يعني أنني يجب أذهب بالفعل,Arabic
أنت تعلم,Arabic
إنها الواقع الساعة مساء,Arabic
الآن,Arabic
الأفضل أذهب بطريقة أخرى لأقول وداع,Arabic
أستطيع أقول اعتني بنفسك مما يعني اعتني بنفسك سوف اراك لاحقا,Arabic
اعتن بنفسك,Arabic
أعرف اليوم الذي تشاهد فيه هذا الفيديو لكن إذا كان يوم الجمعة على سبيل المثال عطلة نهاية الأسبوع,Arabic
يمكنك تقول الحمد لله يوم الجمعة تعتقد السماء قالت اكتشاف السبت نهاية الأسبوع,Arabic
أنا سعيد لأن هذا كان عبارة عبارة باللغة الإنجليزية أخبرني إذا كان هذا مفيد خلال الإعجاب بهذا الفيديو والتعليق أدناه إذا كنت تعرف عبارات رائعة أخرى,Arabic
سيكون ذلك رائع فهناك أحمر مكان,Arabic
أهلا ومرحبا,Arabic
هذا الفيديو سأعطيك 100 جملة شائعة ومفيدة للغاية يمكنك استخدامها المحادثة,Arabic
عندما تسمع جملة تدرب عليها بعدي,Arabic
حاول نسخ النطق الخاص بما ذلك نبرة الصوت التي أستخدمها بالضبط,Arabic
حسنا لنبدأ,Arabic
تحياتي الأساسية كيف الحال كيف الأمور ماذا تفعل تشرفت بمقابلتك,Arabic
وقت طويل رؤية,Arabic
كيف كان حالك عظيم شكرا,Arabic
ماذا عنك ليس كثيرا,Arabic
المعتاد,Arabic
علي أذهب,Arabic
كان دواعي سروري أراك لاحق,Arabic
ابق على تواصل,Arabic
طلب للحصول على معلومات,Arabic
يمكن تخبرني ماذا تعني هذه الكلمة تعرف أين توجد المكتبة متردد,Arabic
هذا سؤال جيد,Arabic
دعنى ارى,Arabic
دعني أفكر للحظة,Arabic
يطلب التكرار,Arabic
عفوا آسف أفهم ذلك,Arabic
تمانع تكرار ذلك يمكنك التحدث ببطء أكثر فضلك قائلا أعرف,Arabic
أخشى أنه ليس لدي فكرة,Arabic
أستطيع مساعدتك هناك آسف,Arabic
يضربني,Arabic
الآراء,Arabic
رأيك ذلك وجهة نظرك حول هذا أعتقد هذه فكرة جيدة,Arabic
بصراحة أعتقد أنها ستنجح,Arabic
بقدر أشعر بالقلق هذا أفضل مطعم المدينة,Arabic
تجنب السؤال,Arabic
ليس لدي رأي الموضوع,Arabic
اسمحوا نعود اليكم هذا الشأن,Arabic
ليس لدي الحرية القول,Arabic
الاتفاق والاختلاف,Arabic
يمكن اقبل المزيد,Arabic
أنت محق تماما,Arabic
أتفق معك 100,Arabic
كنت أصاب كبد الحقيقة على رأسه,Arabic
لست متأكدا موافق,Arabic
أخشى أعارض,Arabic
أعتقد أنك مخطئ,Arabic
المقاطعة بأدب,Arabic
اعتذر على مقاطعتك,Arabic
يمكنني إيقافك هناك للحظة تمانع إذا قفزت هنا استمر,Arabic
بالتأكيد استمر,Arabic
دعني انتهي,Arabic
انتظر لحظة,Arabic
اقتراحات,Arabic
ماذا تقول نذهب الى السينما ماذا تناول البيتزا على العشاء الليلة هذا سيكون رائع,Arabic
يبدو أمرا جيدا,Arabic
لست متأكدا حيال ذلك,Arabic
أعتقد ذلك,Arabic
وضع خطط,Arabic
ماذا ستفعل الليلة لديك خطط للغد انت متفرغ السبت القادم تريد تفعل شيئ نهاية هذا الأسبوع بالتأكيد الذي يدور بالك أنا متفرغ طوال عطلة نهاية الأسبوع فلنفعل شيئ,Arabic
آسف لقد جننت بالفعل بعض الخطط,Arabic
أنا مشغول نوعا غدا,Arabic
أحب أفعل شيئ لكني أستطيع,Arabic
الإذن,Arabic
تمانع استخدام هاتفك الخلوي سيكون بخير أخذت يوم إجازة غدا نعم فضلك تأكد تفضل,Arabic
على الاطلاق,Arabic
لسوء الحظ يجب أقول,Arabic
كنت أفضل تفعل,Arabic
أخشى أفعل,Arabic
تقديم الطلبات,Arabic
يمكن يمرر الملح فضلك تمانع إقراضي بعض المال كنت أتساءل عما إذا كان يمكنك مساعدتي هذا,Arabic
بالتأكيد مشكلة,Arabic
نعم بالطبع,Arabic
سأكون سعيدا للمساعدة,Arabic
آسف أستطيع الآن,Arabic
أخشى أنني أستطيع,Arabic
يقدم عروض,Arabic
أستطيع أحضر كوب ماء ماذا بعض الآيس كريم تريد مني أوصلك للمنزل نعم فضلك,Arabic
ذلك سيكون رائعا شكرا,Arabic
أنا بخير ولكن شكرا على العرض,Arabic
انا بخير شكرا شكر الناس,Arabic
مليون شكرا,Arabic
صحتك أنا أقدر ذلك,Arabic
هذا لطف كبير منك,Arabic
أستطيع شكرك بما فيه الكفاية,Arabic
,Arabic
تذكرها,Arabic
وقت,Arabic
دواعي سروري,Arabic
يطلب شخص الانتظار,Arabic
يمكنك الانتظار لحظة فضلك انتظر ثانية واحدة,Arabic
اصبروا معي لحظة,Arabic
سأكون على معك,Arabic
الاعتذار,Arabic
أنا حقا آسف لذلك,Arabic
ارجو قبول اعتذارى,Arabic
تقلق بشأن ذلك,Arabic
داعى للقلق,Arabic
حسن إذا كنت تريد المزيد الدروس حول الجمل والعبارات الشائعة فأخبرني بذلك قسم التعليقات أدناه,Arabic
أيض إذا أعجبك هذا الفيديو فامنحه إعجاب بالضغط على الإعجاب وتذكر الاشتراك هذه القناة خلال النقر على الاشتراك للحصول على أحدث دروسي هنا على youtube,Arabic
سعيد التعلم وسأراكم درس آخر قريبا,Arabic
الخبز الذهبي قرية صغيرة عاشت امرأة اسمها ماريون,Arabic
ابنتها الوحيدة كانت narcisa ماريون متواضعة للغاية ولطيفة ولكن كان العكس تمام كما ترى كانت جميلة بما يتجاوز الكلمات التي كانت تعيشها,Arabic
الدمية والجزء الأكثر إمتاع أنها أحببت نفسها بلا نهاية,Arabic
ساعدني خبز الخبز هاه بأي حال الأحوال أمي الخادمات الطحين عيني المشرقة والمتألقة,Arabic
narcisa ستساعدني زرع هذه البذور فما الذي يجعلني أفعل ذلك الذي يجعل هذه الأوساخ على أصابعي الجميلة أسوأ ماذا كانت على وجهي جيد كانت هذه مشكلة narcisa,Arabic
لقد اعتقدت أنها أكبر تقوم بأي عمل جاء العديد الخاطبين لطلب النرجس للزواج,Arabic
نظر لأن جمالها كان معروف على نطاق واسع لكنها رفضتهم جميع بوقاحة شديدة فلماذا طردت هؤلاء الرجال بعيد أمس بدوا لطيفين يمكنك تكون جاد أمي واحد منهم,Arabic
كان لديه عيون صغيرة مثل عصفور والآخر لديه أنف ضخم أريد أكون بالقرب منه عندما عطس أوه أوه والمحطة الأخيرة أريد أسمع أكثر ذلك استطعت رؤيته هؤلاء الرجال كانوا لطفاء عزيزي يجب تعرف هذا الجمال,Arabic
ليس شيء عليك تدرك أنني أستحق شخص مثل أمير فارس,Arabic
عزيزتي ذات ليلة عندما كانت نائمة جلست والدتها بجانبها تراقبها,Arabic
طفلي العزيز أنت جميلة ورائعة لكنك تهتم بأي شيء سوى جمالك,Arabic
تلك اللحظة بدأت النرجس بالضحك أثناء نومها كانت والدتها متفاجئة للغاية بمدى روعة حلمها المضحك صباح اليوم التالي عندما كانت نرجس استيقظت كانت الابتسامات والضحكات هنا عزيزتي بماذا كنت تحلم,Arabic
الليلة الماضية حسنا أمي لقد كان حلم رائع كما تعلم هناك هذا الأمير الذي جاء إلي,Arabic
وقال إنه يريد يتزوجني لقد جاء عربة ذهبية وكان يرتدي ملابس أعلى إلى أسفل وذهب وكذلك حلم سخيف,Arabic
وأنت تعرف أفضل جزء منه كان عندما كنت أرتدي فستان زفافي الذي كان الذهب أيض بالطبع كان الجميع يحدق أنا فقط يوجد شيء مدهش هذا الحلم,Arabic
لقد كان حلم مغرور أمي فأنت تعرف تقوله لقد جعلني الحلم أدرك أنني بحاجة إلى طعام أكبر بكثير النوع الذي أتناوله هنا المنزل خبز مصنوع الذهب,Arabic
مجرد التفكير تلك الأم المسكينة النرجسية كانت قلقة للغاية بشأن ابنتها وكيف,Arabic
كانت ستعيش حياتها ذلك اليوم جاء صديقان لزيارة والدتهما النرجسية وهما ميلي وتيري كان الثلاثة منهم أصدقاء منذ زمن طويل لكن تيري وإيلي كان لديهما,Arabic
كانوا كائنات سحرية شيئ تعرفه والدة نارسيس شيئ تيري ميلي الجيد رؤيتك لقد مضى وقت طويل كيف حالك لقد كنت جيد كنت سأكون أفضل كانت ابنتي نرسيسا فقط أكثر تفهم قليلا أخبرت ماريان ميلي وتيري شيء نارسيس وكيف كانت قلقة عليها تريد تأكل الخبز المصنوع الذهب ماذا أفعل بها جيد ربما إذا تحقق حلمها سيكون ذلك رائع أليس كذلك جيد بغض النظر الوقت الذي أعتقد أنها ستنمو لتتعلم فلنتحدث شيء آخر,Arabic
الآن لاحق وقت لاحق لوح ميلي وتيري وداع لصديقهما القديم وذهبا مبتسمين لبعضهما البعض سرا تلك الليلة الأم وابنتها,Arabic
استعدت للنوم أمي آمل يتحقق حلمي فأنت تعلم نارسسا اليوم التالي حيث كانت نارسسا ووالدتها بالخارج حديقتهم الجميلة,Arabic
جاءت عربة ذهبية متجهة إليهم كانت مرصعة بالأحجار الكريمة والماس وتبدو مذهلة للغاية,Arabic
عندما توقفت خرج منه رجل وسيم ونظر إلى نارسسا لقد فوجئت تمام بمدى وسيمه الذي كان حلمي يتحقق بالفعل,Arabic
مرحبا جئت إلى هنا لأطلب الزواج نرجس ولكن كيف تعرف اسمها ومن أنت,Arabic
أنا مرعوب ملاك الحظ السعيد اسم ابنتك وجمالها معروف جميع أنحاء العالم هنا لقد أحضرت هدية ولكنك بالكاد تعرفه يمكنك الذهاب معه,Arabic
سخيف إنه ثري ووسيم أكثر يمكن أريده أكثر ذلك أنا أقبل اقتراحك,Arabic
وبهذا دخلت عربته وبدون حتى تقول وداع لأمها انطلقت الملاك بينما كانوا يسافرون دخلت العربة فجأة إلى بوابة سحرية هناك سارت عبر منطقة عاصفة اصطدمت العربة حولها بشكل هائل ونرجسية,Arabic
كنت خائف تقلق عزيزي فكل هذا سينتهي قريب تمام كما قال العربة مرت عبر بوابة أخرى ووصلت إلى الممر,Arabic
قلعة ذهبية ضخمة ورائعة كانت نارسيسا مندهشة الجمال الذي رأته كنت أعرف أنني أستحق الكثير الثروات كنت أعلم أنك ستعجبك شيء تريده ستجده هنا أجمل الفساتين إلى ألذ الأطعمة كلها قصري أتحدث جيد الطعام فأنا جائع بعد تلك الرحلة,Arabic
أتضور جوعا يمكنني الحصول على هذا الطعام اللذيذ بالطبع هنا ميليسا اللحم ذات الرائحة الكريهة ستحصل على تريد لقد سمعت الكثير عنك أنت مسكين عزيزي أنت جائع ألست تعال لنذهب إلى طاولة الطعام سأحضر بعض الطعام شكر لقد ذهبوا إلى غرفة الطعام وكان هناك على الطاولة أكثر الأطعمة المدهشة التي شاهدها narcisa على الإطلاق وهذا لأنه صنع المربيات,Arabic
الياقوت سلطات الزمرد والخبز الموجود هناك مصنوع الخبز الذهبي الذهبي سيبدو هذا المربى جميل وطعمه الجميل الخبز الذي أخذت شريحة منه,Arabic
مربى الياقوت عليها وأخذت قضمة كبيرة هذا حار يمكنني تناول هذا جيد إنه خبز مصنوع الذهب والأفضل أيض لكن إذا تستطع تناوله فهل يجب أحضر خبز فضي فضي أليس كذلك انت تأكل,Arabic
شيء آخر ولكني أريد خبز عادي يمكنني تناوله أليس كذلك لديك هذا المظهر لذا فالزوجة المستقبلية لصدفة مولاي تكون باردة يجب عليك فقط تناول أفضل أنواع النرجس التي تنظر إليها جميع الأطعمة,Arabic
لكن حزن القلب بسبب كان هناك غير صالح للأكل سرعان بدأت البكاء أريد هذا ولكن الطعام جيد,Arabic
هنا جرب بعض البطاطس الذهبية فهي جيدة وبعد تتزوجني,Arabic
عليك تأكل هذا أعتقد أنك تحب الأشياء الفاخرة أريد أتزوجك أريد العودة إلى المنزل,Arabic
إلى والدتي دعني أذهب إلى المنزل ميليسا ونظر تيرنس إلى بعضهما البعض وغمز بشكل جيد,Arabic
إذا كان هذا تريده فسوف آخذك إلى المنزل حيث أخذ الفزع يبكي ويبكي,Arabic
نارسيس المنزل العربة بدأت تفكر بعمق الخيارات التي اتخذتها عندما وصلت إلى المنزل,Arabic
ركضت لتعانق والدتها التي كانت جالسة المنزل حزينة ولا أخت ابنتي الحلوة اعتقدت أنني أراك مرة أخرى,Arabic
أمي أنا أحبك كثير وكنت تبدو جيد والثروات ليست شيء كان الخبز الذهبي عديم الفائدة لأنني أستطع أكله والرجل رغم ذلك,Arabic
لقد كان وسيم ولم يهتم على الإطلاق ولكن عزيزي تدرك هذه الطريقة التي تعاملت بها الآخرين وأنا أعلم أنني آسف للطريقة التي تصرفت بها أمي بأس بما أنك رأيت,Arabic
خطأك فلنطعمك شيئ لطيف ذلك اليوم فصاعد,Arabic
غيرت narcisa طرقها التي كافحت البداية ولكن ببطء وصبر بدأت تصبح أجمل كثير ذات يوم جاء ميلي وتيري لمقابلة ماريان مرة أخرى,Arabic
كيف أخبرتهم النرجسية الآن ماريان بكل حدث وتغيرت كثير منذ ذلك الوقت,Arabic
أعتقد أنها تريد المزيد الخبز الذهبي الآن هاه تعلمون,Arabic
تيري تبدو الواقع مثل هذا الملاك قليلا على الرغم أراه كيف يمكن تكونا أنتما لطيفان للغاية,Arabic
suche schnellen wegen fließender englisch sprechen,German
weiß verstehe passiert paar worte gehirn umkreisen gesamte unterhaltung einfach unglaublich cool episch führen müssen,German
wäre,German
lernen intelligente neue englische wörter täglichen leben verwenden erweitern wortschatz wenigen minuten,German
heute neue intelligente wörter lernen deren bedeutung wurzelwörter beispielsätze,German
lasst loslegen hey schaut,German
video kluge worte täglichen gebrauch ende video geben,German
intelligenten tipp geben wirklich fließende intelligente wortnummer klingen,German
überflutet überflutet bedeutet ertrinken überfluten überflutet oft zusammenhang arbeiten verwendet,German
arbeit überfüllt arbeit tun ganze woche arbeit überfüllt kaum zeit atmen schauen wurzel wortes,German
sumpf stück feuchtgebiet jemand falschen stelle sumpf tritt leicht ertrinken verbform sumpf bedeutet sinken,German
erfahren wort verwenden,German
nehmen viele aufgaben steht test freunde kommen sagen hey warum hängst,German
kannst sagen leid tut überfüllt arbeit wörter überflutet anstelle überfüllt verwenden kannst,German
teller ertrinke arbeit,German
aufgaben überhäuft smart word nummer zwei catch sicher wort gehört bevor catch unmögliche situation bedeutet sache tun sei getan tun erste getan,German
verwirrt lassen beispiele geben,German
situation job bekommen berufserfahrung,German
erfahrung sammeln job bekommen,German
catch wurde joseph heller berühmten gleichnamigen buch catch geprägt widersprüchliche regeln beschrieb soldaten zweiten weltkriegs galten,German
weiteres beispiel catch bankkredit benötigen genug,German
geld bankkredit erhalten bank beweisen genug geld nächste mal schwierigen situation befinden,German
wort catch verwenden,German
erhalten bewundernden blicke freunden,German
wörter anstelle catch verwenden paradoxe dilemma smart wörter,German
nummer drei höflich höflich höflich bedeutet raffiniert höflich cool,German
gut erzogen wort suave verschiedene ursprünge interessanter ursprung wortes angenehmes süß schmeckendes beispiel bedeutet,German
ausgeglichen höflich besonders damen barack obama höflich poliert,German
denken daran nächste mal party person sehen,German
gut erzogen kultiviert raffiniert,German
vergiss sagen hey wer höfliche typ draußen ecke wort benutzt wortschatz sofort verbessern,German
höflich kluges wort nummer vier grausam grausam wort grausam bedeutet wirklich schlimmes schrecklich schrecklich grausam entsetzlich beleidigend grausam lateinische wurzel namens gefangene behandelt,German
grausame weise manchmal gefängnissen grausam täglichen leben verwendet häufiges fehlverhalten sprechen möchten übertreiben,German
beispiel tischmanieren grausam kleidungssinn grausam grammatik grausam,German
nächste mal schrecklichen tat nachrichten hören denken daran,German
bemerken sagen grausame handlung,German
kluges wort nummer erstaunlich erstaunlich erstaunlich bedeutet erstaunlich erstaunlich,German
verwenden oft wort fantastisch,German
wort anstelle fantastisch erstaunlich verwenden beispiel heute erstaunliche punktzahl test bedeutet hohe punktzahl,German
nahezu perfekte punktzahl erhalten,German
wort stupendous klassische lateinische wurzeln wort bedeutet,German
verblüfft verwendet beschreiben erstaunlich gut beispiel kleid verblüffend aussieht erstaunliche aussicht balkon lese erstaunliche buch aufschreiben geht sagen,German
freunde großartige kanal studenten wörter anstelle großartig verwenden unglaublich fantastisch außergewöhnlich gut,German
bevor ausgewogenen fünf wörtern video fortfahren denken daran kommentar video setzen,German
sagen zehn wörter lieblings smart wort nummer sechs bedeutet schwierigen situation,German
beispiel junge schwierigen situation zwei verschiedenen freunden pläne dafür gemacht abend,German
telefon verloren verlegenheit bus heute morgen kaputt gegangen verlegenheit,German
freund bittet immer hilfe verlegenheit gut läuft vergisst,German
beispiel nächste mal mathe hausaufgaben schule bekommen mathebuch schule gelassen freunden sagen echten verlegenheit befinden reparieren,German
nein fix bedeutet schwierigen situation,German
wörter anstelle fix verwenden suppe,German
chaos punkt mühe punkt smart word nummer flummox flummox bedeutet jemanden verwirren,German
vergessen verwirrt tun meistens überstrapaziertes wort,German
warum verwenden stattdessen flummox,German
junge sah völlig verblüfft lehrer unterricht frage stellte hund flummoxte eigenen spiegelbild touristen tourist unterschiedlichen bräuchen überwältigt,German
begegnete reisen interview gefragt wurde warum einstellen sollten,German
sah beim nächsten mal völlig verblüfft fragen beispiel prüfung verwirrt,German
immer sagen gut prüfung vorbereitet,German
fragen anstelle flummox verwenden verwirrt,German
verwirrt verwirrt verwirrt,German
achte wort nummer acht rendezvous rendezvous rendezvous,German
französische art sagen treffen datum beispiel rendezvous freunden beim mittagessen samstag plane rendezvous freunden einkaufszentrum filme rendezvous sowohl substantiv verb verwendet beispielsweise,German
heute abend rendezvous freunden morgen freunden treffen,German
frankreich wurde früheres rendezvous armee verwendet treffpunkt truppen anzugeben,German
wort rendezvous aufregendes geheimnisvolles sodass rendezvous treffen verwenden,German
allgemeinen gewonnen datum sicher sagen rendezvous smart wort nummer stumpf,German
stumpf stumpf beleidigung verwenden versuchen jemanden dumm unintelligen anzurufen düster wort stumpf geometrie stumpfen winkels spitzen winkels gehört stumpfer winkel winkel größer grad kleiner 180 grad,German
spitzer winkel scharfe winkel weniger grad spitz wort verwendet scharf daher geistig scharf stumpf bezeichnen bedeutet stumpf daher wenig langsam kopf beispielsätze stumpf mann stumpf passwort falschen anrufer stumpfe kind weitergab,German
konnte,German
einzige frage test beantworten stumpfe mann schwierigkeiten grundlegende anweisungen verstehen,German
nehmen freund freundin täglichen situation wütend wissen warum,German
sagen vielleicht stumpf weiß warum verärgert,German
kluges wort nummer träge träge träge bedeutet langsam bewegen langsamer,German
bisschen müde mangelhaft aussehen,German
energiebeispiel macht schweres mittagessen nachmittags träge wurzeln wort bedeutet langsame person schnecke tier wirklich langsam bewegt schneckenbeispiel,German
wirtschaft jahr schleppend spiel schleppenden start erholt,German
geschäft quartal schleppend,German
täglichen leben verwenden tages müde fühlen mutter sagen,German
freunde fühle träge,German
heute energy drink wörter gebrauchen anstelle trägen verwenden,German
könnten träge füße ziehen klugen wörter früher,German
gebe geheimen tipp fließend klingen,German
möchte daran erinnern fall link video setze intelligenten wörtern suchen telefonat verwenden,German
unten beschreibungsfeld dafür geheime tipp geheime tipp fließend klingen mehr kluges wort satz verwenden manchmal kenne,German
aufgeregt,German
ganze menge klugen wörter gelernt neigen zwei drei vier davon satz packen natürlich klingt,German
stellen nacheinander sicher wort richtig aussprechen,German
gehen google geben wort,German
suche ganz oben sehen kleines sprechersymbol sprecher klickt,German
höre aussprache zweimal,German
bereit gehen video gefallen vergiss daumen hoch kommentar geben,German
darunter sagen wörter favorit,German
schaltfläche abonnieren glockensymbol direkt daneben geklickt freuen,German
hey leute willkommen kanal video,German
besten englischen sätze geben alltag verwenden kannst,German
gerade dabei reise anzutreten,German
englischsprachigen land vollständig nutzen,German
sätze weile englisch gelernt lernen aufnehmen möchten,German
beste video anfang,German
lassen hoffentlich minuten sätze englisch schreiben,German
satz nummer eins art fragen,German
gehts,German
gehts,German
geht,German
triffst jemanden hast zeit läuft,German
satz nummer zwei jemanden weile gesehen sagen person lange zeit gesehen,German
bedeutet person vielleicht wochen monate lang gesehen,German
drei fragen möchten getan,German
fragen gemacht leben los,German
hast gemacht erziehen läuft,German
einfach antworten beschweren,German
wirklich cool,German
nächsten satz beschweren,German
jemand sagt gespräch wirklich erwähnt irgendwie vermuten neuen job fragen,German
woher weißt,German
woher hast nachrichten geht,German
jemand coolen witz erzählt sagen guter,German
großartiger witz satz gut,German
jemandem danken willst kannst sagen nett,German
vielen dank dafür nett,German
nett jemand,German
versucht helfen konnte ergebnis erreichen sagen,German
trotzdem danke spielt rolle trotzdem danke,German
vielen dank mühen,German
nein trotzdem danke satz manchmal mail verwende person gefragt,German
frage sage ende,German
vielen dank voraus bedeutet wirklich hoffe,German
mach paar dankeschöns voraus,German
vielen dank voraus jemand fehler gemacht wirklich verärgert darüber,German
einfach sorgen sagen,German
mach sorgen sorgen heißt mach sorgen,German
gut,German
sorge stellen hause gekommen freunde sitzen couch,German
drin los machst,German
los gefangen hast person immer fragen kannst verstanden hast,German
richtig verstanden,German
mach erkläre hingekommen,German
richtig verstanden,German
jemanden bitten verärgert weinen sagen nehmen herzen,German
nimm herzen ernst sei verärgert nimm herzen,German
möglichkeit fragen teil phrase verstanden sagen letzte wort verstanden,German
tut leid,German
kannst wiederholen letzte wort verstanden möchte jemand ganze phrase wiederholt,German
kannst entschuldigen,German
zugehört vielleicht beschäftigt,German
vielleicht telefoniert jemand gesprochen,German
ach lieber gott,German
entschuldigung zugehört,German
kannst wiederholen,German
tut leid,German
satz gehört ganze zeit benutze,German
spielt rolle sorge kaffee fallen lassen,German
wäre egal,German
ordnung,German
gehe sowieso wäsche,German
spielt rolle jemandem glück wünschen möchten,German
mache immer sagen daumen drücken drückt finger,German
daumen drücken,German
satz amerikaner verwenden schlecht erklärt,German
situation bekommen zusätzlichen effekt bekommen bekommen,German
erklärt erklärt,German
möglichkeit person sagen verärgert besteht darin sagen dinge passieren ordnung wäre,German
dinge passieren sei verärgert namen person hast sprechen möchtest,German
entschuldigen stören denen wissen sehen,German
jemand beschäftigt immer entschuldigen stören weitermachen fragen,German
tut leid stören,German
mitten jemandem,German
frage sagen kannst,German
mitten jemand bittet tun sagst,German
tut leid,German
minute,German
,German
machst sagst,German
beispiel wann aufgehört müssen wiederholen geräusch verwechseln leute,German
großartige möglichkeit üben mitten gespräch,German
hast verstanden person gesagt kannst sagen gesagt hast fragezeichen,German
bedeutet person auffordert wiederholen,German
hast gesagt,German
jemand job träumen bekommen glückspilz bezeichnen jemand universität träume gekommen glückspilz möglichkeit person gratulieren glück einfach betonen glück glück art sagen wirklich wütend heißt ausgeflippt wäre wütend ausgeflippt,German
super wütend,German
fast verrückt,German
satz ausgeflippt muttersprachler verwenden gut,German
sowohl positiv negativ sagen befördert wurde gut sagen glückwünsche manchmal sagen ort verlasse,German
gut,German
wäre besser,German
negative bedeutung,German
höre wirklich intonation,German
überrascht kannst sagen veräppeln musst gott,German
glauben veräppeln musst jemandem sagen solle lächeln glücklich,German
willst jemand klingt weinen beschweren passiert kannst sagen komm tun,German
komm schon,German
tun toefl passieren,German
gmat passieren,German
bekommen,German
tun jemandem wirklich gut geht,German
sagen gute arbeit fortsetzt,German
gute arbeit,German
satz umgangssprachlich amerikaner tun sagen,German
beleuchtet bedeutet erstaunlich viele amerikaner kalifornien gesagt,German
beleuchtet hast wahrscheinlich song gehört jemand fehlern erfolgreich sagen schaffen,German
gesagt schaffen jemand fragt müde sagen möchten überhaupt müde bisschen nah sagen,German
möchte weitermachen müde davon jemand fragt sicher ziemlich sicher sagen dafür platz,German
amerika gibt zweifel jemandem sm senden nachricht senden möchten text text sagen sm whatsapp telegramm messenger senden schreiben sm jemanden aufzumuntern sagen verärgert,German
sagen lohnt warum weinen,German
lohnt,German
besser problem weinst tränen wert,German
lohnt,German
persönlich liebe satz rockst bedeutet unglaublich,German
ach lieber gott,German
rockst rockst,German
nein hast tollen job gemacht,German
rocken jemand wirklich gut arbeitet möchten härter arbeitet,German
sagen sollten extrameile gehen bedeutet härter arbeiten extrameile gehen sollten,German
möglichkeit genau sagen sagen steigern spiel härter arbeiten verbessern spiel,German
jemand weint,German
sinkt sagst reiß zusammen nimm buchstäblich reiß zusammen hör arbeiten hör weinen reiß zusammen,German
hey beruhige zusammen satz,German
liebe hast verkauft manchmal leute reise beschreiben jemanden gekauft beschreiben gut,German
gleiche kaufen möchte sage verkauft hast verkauft hast,German
ordnung kaufen,German
hast verkauft gespräch interessiert,German
sitzen,German
kannst sagen egal langweilig,German
interessiert,German
egal jemand fragt wirklich einfache entscheidung jemand sagt million dollar nimmst sagst kinderspiel,German
akzeptiere,German
kinderspiel bedeutet wirklich einfache entscheidung falsch gemacht zugeben sagen vermasselt leute,German
weiß,German
tut leid,German
vermasselt,German
fehler,German
vermasselt vermasselt willst jemand anstelle arbeitet kannst sagen,German
kannst bedecken kannst anstelle arbeiten,German
sehe freund,German
kannst abdecken zeit gehen leute besser gehen bedeutet schon gehen,German
weißt,German
tatsächlich uhr,German
sofort,German
gehe besser verabschieden,German
sagen pas bedeutet aufzupassen,German
sehen später,German
pas,German
weiß tag video sehen freitag beispiel wochenende,German
sagen gott sei dank freitag denken himmel sagte samstag wochenende entdeckung,German
froh jung,German
sätze englisch,German
lassen wissen hilfreich video mögen unten kommentieren weitere coole sätze kennen,German
wäre toll drüben irgendwo roter knopf,German
hallo herzlich willkommen,German
video 100 allgemeine nützliche sätze geben gespräch verwenden,German
satz üben hören üben,German
versuche aussprache genau kopieren einschließlich verwendeten tonfalls,German
okay lass anfangen,German
grundlegende grüße geht,German
geht,German
geht,German
freut kennenzulernen,German
lange gesehen,German
gegangen,German
vielen dank,German
,German
,German
übliche,German
loslegen,German
freude später sehen,German
kontakt bleiben,German
informationen fragen,German
kannst sagen wort bedeutet,German
würdest zufällig wissen bibliothek befindet,German
zögernd,German
gute frage,German
lass sehen,German
lass moment nachdenken,German
wiederholung fragen,German
entschuldigen,German
entschuldigung verstanden,German
ausmachen wiederholen,German
kannst langsamer sprechen,German
bitte,German
sagen weiß,German
fürchte ahnung,German
helfen sorry,German
schlägt meinungen,German
denkst darüber,German
stehen,German
denke gute idee,German
glaube ehrlich gesagt funktionieren,German
beste restaurant stadt,German
frage vermeiden,German
meinung thema,German
lassen darauf zurückkommen,German
steht frei sagen,German
zustimmen zustimmen,German
mehr zustimmen,German
hast absolut recht,German
stimme 100,German
treffen nagel kopf,German
sicher einverstanden,German
fürchte meinung,German
denke liegst falsch,German
höflich unterbrechen,German
entschuldigung unterbreche,German
moment aufhalten,German
stört rein springe,German
gehen geradeaus,German
sicher,German
lass fertig,German
warte moment,German
vorschläge,German
sagst gehen kino,German
wäre heute abend pizza abendessen,German
wäre toll klingt gut sicher,German
nein glaube,German
pläne schmieden,German
machst heute nacht,German
hast pläne morgen,German
nächsten samstag frei,German
willst wochenende unternehmen,German
klar hast,German
ganze wochenende frei lass tun,German
nein sorry schon pläne verrückt gemacht,German
morgen ziemlich beschäftigt,German
gerne tun,German
genehmigung,German
stört handy benutze,German
wäre ordnung morgen tag frei nehmen,German
bitte,German
nein überhaupt,German
leider nein sagen,German
möchte lieber tust,German
fürchte tue,German
anfragen,German
könntest salz geben bitte,German
ausmachen geld leihen,German
gefragt dabei helfen könntest,German
sicher problem,German
natürlich,German
gerne helfen,German
entschuldigung,German
fürchte,German
angebote,German
glas wasser holen,German
wäre eis,German
möchten hause fahre,German
bitte,German
wäre toll danke,German
ordnung danke angebot,German
nein geht gut danke,German
menschen danken,German
tausend dank,German
prost weiß wirklich schätzen,German
nett,German
genug danken,German
schon gut,German
erwähne,German
jederzeit,German
gern geschehen,German
jemanden bitten warten,German
kannst bitte moment warten,German
warte sekunde,German
ertrage moment,German
gleich,German
entschuldige tut wirklich leid,German
bitte akzeptiere entschuldigung,German
mach sorgen,German
sorge,German
okay mehr lektionen gebräuchliche sätze phrasen wünschen lassen kommentarbereich unten wissen,German
video gefallen klicken schaltfläche gefällt denken daran kanal abonnieren schaltfläche abonnieren klicken neuesten lektionen youtube erhalten,German
spaß beim lernen sehen bald weiteren lektion,German
goldene brot winzigen dorf frau namens marion lebte,German
einzigen tochter narcisa marion äußerst bescheiden süß,German
narcisa jedoch genau gegenteil,German
sehen unbeschreiblich schön,German
lebender,German
puppe amüsanteste teil äußersten geliebt,German
hilf brot backen huh fall mama mehlmädchen hellen funkelnden augen,German
narcisa würdest helfen saman pflanzen,German
warum tun,German
ganzen schmutz schönen fingern,German
schlimmer gut gesicht ging problem narcisa,German
hielt groß irgendeine arbeit verrichten,German
viele freier kamen ehe narzissenhand bitten,German
schönheit weit breit bekannt grob zurückwies warum hast männer gestern weggeschickt,German
schienen nett,German
kannst ernst mutter,German
kleine augen fast vogels riesige nase nähe,German
nieste letzte station nein mehr hören sehen konnte männer wirklich nett liebe musst schönheit kennen,German
mutter erkennen musst jemanden prinzen ritter verdiene,German
nachts schlief saß mutter seite beobachtete,German
liebes kind schön lieblich wichtig schönheit,German
moment begann narzisse schlaf lachen,German
mutter äußerst überrascht schön narzisse nächsten morgen wirklich lustigen traum,German
aufgewacht gelächelt gekichert schatz sag wovon hast geträumt,German
letzte nacht mama erstaunlicher traum weißt prinz zukam,German
sagte heiraten goldenen wagen gekommen oben unten gekleidet gold dummer traum,German
weißt beste daran hochzeitskleid natürlich gold,German
natürlich starrten,German
narcisa traum erstaunliches,German
egoistische traummutter weißt sagst,German
traum klar gemacht essen brauche größer art hause esse,German
brot gold,German
denken arme narzissenmutter besorgt tochter,German
leben tag leben zwei freunde kamen narzissenmutter besuchen,German
mellie terry,German
drei seit ewigkeiten freunde terry ellie beide geheimnis,German
magische wesen narcisses mutter terry melli wusste,German
schön sehen schon lange,German
,German
gut,German
wäre besser wäre tochter narcisa verständnisvoller wäre,German
marian erzählte mellie terry narcisa sorgen machte essen möchte brot gold mache gut vielleicht traum wahr,German
wäre wunderbar wäre gut egal denke zeit wachsen lernen lass reden,German
später winkten mellie terry alten freund abschied gingen lächelten nacht heimlich mutter tochter,German
hoffe traum wahr weißt narcisa nächsten tag narcisa mutter draußen garten wunderschön,German
goldene wagen kam zugeritten,German
edelsteinen diamanten besetzt sah äußerst atemberaubend,German
aufhörte kam gutaussehender mann heraus sah narcisa,German
völlig überrascht gutaussehend traum tatsächlich wahr ähm,German
hallo hierher gekommen narzissenhand ehe fragen woher kennst namen wer,German
schrecklich engel glücks,German
name schönheit tochter ganzen welt bekannt,German
geschenk gebracht kennen kaum,German
gehen,German
dumm reich gutaussehend,German
mehr,German
akzeptiere vorschlag,German
stieg wagen mutter verabschieden ritt engel davon unterwegs,German
wagen betrat plötzlich magisches portal stürmisches gebiet fuhr,German
wagen rumpelte gewaltig herum narzissa,German
verängstigt mach sorgen lieber,German
bald vorbei sagte wagen portal fuhr auffahrt erreichte,German
riesigen prächtigen goldenen schloss narcisa erstaunt schönheit sah,German
wusste viele reichtümer verdiene,German
wusste mögen,German
finden schönsten kleidern leckersten lebensmitteln palast gerade essen spreche fahrt wirklich hungrig,German
verhungern,German
irgendetwas leckeren essen,German
fleisch stinkt melissa,German
besorgen willst,German
gehört hole essen danke gingen esszimmer tisch erstaunlichste essen narcisa jemals erstaunlich gesehen marmeladen gemacht wurden,German
rubinen salate smaragden brot drüben goldgoldenem brot schön marmelade brot aussehen schmecken scheibe genommen,German
rubinmarmelade darauf nahm großen bissen heiß gut essen brot gold feinste essen kannst silberbrot silber holen huh warum isst,German
möchte normales brotbrot essen,German
siehst zukünftige frau vaters,German
kalt,German
musst besten narzissen essen essen angesehen,German
gebrochenem herzen ungenießbar,German
fing bald weinen,German
essen wirklich gut,German
probieren paar goldene kartoffeln wirklich gut nachdem verheiratet,German
musst essen,German
dachte magst ausgefallene dinge,German
nein heiraten,German
hause gehen,German
mutter lass hause gehen melissa terrence sahen zwinkerten gut,German
wirklich willst bringe hause,German
angst nahm weinen unglück,German
narcis hause kutsche begann tief entscheidungen nachzudenken getroffen hause ankam,German
rannte mutter umarmen traurig haus saß schwester süßen tochter,German
dachte nie sehen,German
mama liebe hattest rechtes aussehen reichtum goldbrot nutzlos mann essen konnte,German
gutaussehend überhaupt gekümmert lieber weißt genau umgegangen,German
weiß leid tut verhalten mama,German
nein ordnung seit gesehen hast,German
fehler lass tag schönes geben,German
narcisa änderte art weise kämpfte zuerst langsam geduldig wurde tages netter mellie terry kamen marian entgegen hallo zwei sag marian,German
narzissmus erzählt marian beiden passiert seit zeit verändert,German
denke goldbrot mehr,German
terry siehst tatsächlich bisschen engel sehe könntest,German
zwei seid nett,German
ಗಳವ ಗಗಳನ ನನಗ ಪದಗಳ ಅಥವ ಯವನ ಬಳಸ ವನದಲ ಬಳಸಬಹ ಪದಗಳನ ಷಗಳಲ ಶವನ,Kannada
ಪದಗಳನ ಥಗಳ ಪದಗಳ ಹರಣ ಯಗಳನ,Kannada
ಬಳಕ ಪದಗಳನ,Kannada
ಗಳವ,Kannada
ಅಥವ ಆದರ ಶವನ ಲಸದ ಭದಲ ಬಳಸಲ ಲಸದಲ ನನಗ ಲಸವ ಲಸದಲ ಸಮಯ ಪದದ ಲವನ,Kannada
ಥಳದಲ ಅವರ ಲಭವ ಗಬಹ ಪದವ ಪದವನ ಬಳಸಬಹ,Kannada
ಬರಲ ಅವರ,Kannada
ಅವರ ಳಬಹ ಆದರ ಲಸದಲ ಅಥವ ಗದಲ ಬಳಸಬಹ ಪದಗಳನ,Kannada
ಲಸದಲ,Kannada
ರಮನ ರಸನಗ ಎರಡ ಪದವನ ಲಸವನ ದಲನ ಯದನ,Kannada
ದಲಕ ಲಸದ ಭವವ ಹರಣ ಗಳನ,Kannada
ಎರಡನ ಸಮಯದಲ ವಯವ ಯಮಗಳನ ಅವರ ತಕದಲ ಅವರ ವವರ ಭವವನ,Kannada
ಹರಣ,Kannada
ಆದರ ಹಣವ ಲವನ,Kannada
ಪದವನ ಬಳಸಲ,Kannada
ಥಳದಲ ಬಳಸಬಹ ಇತರ ಪದಗಳ ಅಥವ,Kannada
,Kannada
ಪದವ ಹಲವ ಲಗಳನ ಆದರ ಪದದ ಹಲಕ ದಕರ ಅಥವ ಹರಣ,Kannada
ಅವನ ಗಸರ ಅಥವ ಳವನ,Kannada
ನಡತ,Kannada
ಪದವನ ಬಳಸ ಶವನ,Kannada
ಪದವ ರಮಣಕ ಲವನ ಅಥವ ಪದದ ಹರಣ ಘಟನ ಅಥವ,Kannada
ಗಳಲ ಯವನ ವನದಲ ಬಳಸಲ ಅದನ ಬಯಸ,Kannada
ಹರಣ ಅವನ ನಡವಳ ಅಥವ ಅವಳ ಅಥವ ಅವನ ಕರಣ,Kannada
ಯವನ,Kannada
,Kannada
ಪದವನ ಬಳಸ ಹರಣ ಥಳದಲ ಬಳಸಬಹ ಪದವ ಅಥವ,Kannada
ಪದವ ಗಳನ ಪದದ,Kannada
ಯಚಕ ಯಕರವ ತಮವ ಬಳಸಲ ಹರಣ ಅವಳ ಅಥವ ಅಥವ ತಕವನ,Kannada
ಬದಲ ಬಳಸಬಹ ಇತರ ಪದಗಳ ಅಥವ ರಣವ ಸಮತ ಪದಗಳನ,Kannada
ಪದಗಳಲ ನನಗ ಹರಣ ಇದಕ ಎರಡ ಗಳನ,Kannada
ಅಥವ ಅವನ,Kannada
ಲಸವನ ತಕವನ ಳಬಹ ಪದಕ ಸಬಹ ಏನನ,Kannada
ಆದರ ಬದಲ ಬಳಸಬಹ ಇತರ ಪದಗಳ ಅಥವ ಯವಸ ಅಥವ ಅಥವ ದಲಗ,Kannada
ಅವರ ಅವರ ಅದಕ ಬದಲ ಬಳಸಬ ಹರಣ,Kannada
ಷಕನ ತರಗತ ಅಥವ ಬದಲ ಅಥವ,Kannada
ಅವನ ಸಮಯದಲ ಅಥವ ಶನವ ದರಲ ಅವಳ ದಲಕ,Kannada
ಳಬಹ ಧಪಡ ಬದಲ ಬಳಸಬಹ ಇತರ ಪದಗಳ ದಲಕ ಅಥವ ದಲಕ,Kannada
ಅಥವ ಕವನ ಹರಣ lunch ಸಮಯದಲ ಅಥವ ಚಲನಚ ರಗಳನ ಮಪದವ ಅಥವ ಪದವ ಬಳಸಬಹ ಹರಣ,Kannada
ಅಥವ,Kannada
ಥಳವನ ಬಳಸ ಪದದ ಚನಕ ರಹಸ ಬಳಸಬಹ,Kannada
ಆದರ ಕವನ ಯಬಹ ಅಥವ ರಯತ ಅದನ ಬಳಸ,Kannada
ಅಥವ ನದಲ ಪದವನ ಆದರ 180,Kannada
ಪದವನ ಬಳಸಲ ಮನಸ ಹರಣ ಯಗಳ ಅವನ ನಕಲ ವವರ ಅಥವ,Kannada
,Kannada
ಅಥವ ಗಳನ ವನದಲ ಅಥವ ಡಬಹ,Kannada
ಅವರ ಆದರ ಅಸಮ ನನಗ ನಗತ ನಗತ ನಗತ ನಗತ ಗದಲ,Kannada
,Kannada
ಹರಣ lunch ಸಮಯದಲ ನಗತ ಬಸವನ ಹರಣ,Kannada
ಅಥವ ನಗತ ಯವನ,Kannada
ಅಥವ ಕದಲ ಯವಹ ಳಬಹ ಅಥವ ಳಬಹ ಅದನ ವನದಲ ಬಳಸಬಹ,Kannada
,Kannada
ಎನರ ಡಬಲ ನಗತ ಥಳದಲ ಬಳಸಬಹ ಇತರ ಪದಗಳ ಆಲಸ ಅಥವ ದಗಳನ ಯಬಹ ಪದಗಳ,Kannada
ರಹಸ ಸಲಹ ಗಳವ,Kannada
ಬಯಸ,Kannada
ಬಳಸಲ ಪದಗಳನ,Kannada
ಅದಕ ವರಣ ರಹಸ ಗಳವ ರಹಸ ನನಗ ಅಥವ ಯವನ ಬಳಸಬ,Kannada
,Kannada
ಪದಗಳನ ಬಹಳಷ ಗಳಲ ಎರಡ ಯದಲ ಒಲವ,Kannada
ಸಮಯದಲ ತಪಡ,Kannada
ಪದವ ಪದವನ ಟದಲ,Kannada
ಅಥವ ಎರಡ,Kannada
ಟಪಟ ನಮಗ,Kannada
ಇದರ ನನಗ ಪದಗಳಲ,Kannada
ಬಟನ ಅದರ ಕದಲ,Kannada
,Kannada
ವನದಲ ಬಳಸಬಹ ಗಳನ,Kannada
ಣವನ,Kannada
ಇದನ ಬಳಸಬಹ,Kannada
ಸಮಯದವರ ಬಯಸ,Kannada
ಯಕವ ಷಗಳಲ ಗಳನ,Kannada
,Kannada
,Kannada
,Kannada
,Kannada
,Kannada
ಪದಗ number ಎರಡ ಸಮಯದವರ ಅವನ ಇದರರ ರಗಳ ಅಥವ ಗಳವರ,Kannada
ಬಯಸ,Kannada
ವನದಲ,Kannada
ಗಳನ,Kannada
ಸಬಹ,Kannada
ಏನನ ಗವನ ಅವರ like ಅದನ ಅವನನ,Kannada
,Kannada
,Kannada
ಯವನ ಳಬಹ,Kannada
,Kannada
ಬಯಸ ಳಬಹ ದಗಳ,Kannada
ರಯತ ಆದರ ಳಬಹ ಶವನ,Kannada
ದಗಳ ಆದರ ದಗಳ,Kannada
ರಯತ ದಗಳ,Kannada
ದಗಳ ಬಳಸ,Kannada
,Kannada
ದಗಳ ಇದರರ,Kannada
,Kannada
ದಗಳ ಅವನ ಅದರ ಅಸಮ,Kannada
ಳಬಹ,Kannada
ಇದರರ ಅದರ,Kannada
ತಮವ,Kannada
,Kannada
,Kannada
ಏನನ ಅಥವ ಳಬಹ,Kannada
ತದನ,Kannada
ಅಳಬ ಅದನ ದಯಕ ಳಬಹ,Kannada
ದಯಕ ಅಸಮ ಅದನ ದಯಕ,Kannada
ಪದಗ ಗವನ ಪದವನ ಳಬಹ,Kannada
,Kannada
ಅದನ ಸಬಹ ಪದಗ ಬಯಸ ಪದವನ,Kannada
ಳಬಹ,Kannada
ರತರ ರಬಹ,Kannada
,Kannada
,Kannada
,Kannada
ಅದನ ಸಬಹ,Kannada
,Kannada
ಬಳಸ,Kannada
ಷಯವಲ,Kannada
,Kannada
,Kannada
,Kannada
ಟವನ ಬಯಸ,Kannada
ಗಳನ ಳಬಹ ಗಳನ,Kannada
,Kannada
ಬಳಸ ಅದನ,Kannada
ಏನನ ಮವನ ಅದನ,Kannada
ಅದನ ಅದನ,Kannada
ಅಸಮ ಳಬಹ,Kannada
ಅವರ ಬಯಸ ಸರನ ಅಸಮ,Kannada
ಳಬಹ,Kannada
ರತರ ಳಬಹ ಳಬಹ,Kannada
,Kannada
ಯದಲ ಏನನ ಳಬಹ,Kannada
ಯದಲ ವದನ,Kannada
ಷದಲ ಏನನ,Kannada
ಅದನ,Kannada
ಯದಲ,Kannada
ಇತರ,Kannada
ಇದರರ,Kannada
,Kannada
ಅವರ ಕನಸ ಲಸವನ ಅಥವ ಅವರ ಕನಸ ಲಯಕ ಅಥವ ಅವನ,Kannada
,Kannada
ಬಳಸ negative ಮಕವ ರಬಹ ಅವರ ಯದನ ಥಳವನ,Kannada
ಅವರ ಯವರ ತಮವ ದವನ,Kannada
ಳಬಹ,Kannada
,Kannada
ಳಬಹ,Kannada
ಬಯಸ ಳಬಹ ಅದನ ಡಬಹ,Kannada
,Kannada
ಅದನ ಡಬಹ ಸಬಹ ಗಬಹ,Kannada
ತಮವ ಇದನ ಡಬಹ ಲಸವನ ಅವರ ಳಬಹ ಯವರ ಲಸವನ,Kannada
,Kannada
ಅದನ ಗಳಲ ಯಗಳ ಯಶಸ ಳಗಬಹ ಗಬಹ ಅದನ ಬಯಸ ಳಬಹ,Kannada
ಬಯಸ ಅದಕ ಥಳವ ಳಬಹ,Kannada
ಬಯಸ ಅಥವ ಯವನ ಶವನ ಅವರ ಬಯಸ ಅವಕ ಯವನ ಅಥವ ಅಥವ ಶವನ,Kannada
ಅಸಮ ಳಬಹ,Kannada
,Kannada
ಅದರ ಸಮಸ,Kannada
ಪದಗ love,Kannada
,Kannada
,Kannada
,Kannada
ತಮವ ಅವರ ರಮವಹ ಬಯಸ ಳಬಹ ಟಪಟ,Kannada
ಆಟದ ತವನ ಟಪಟ ಆಟವನ ತಮಗ,Kannada
ಬಯಸದ,Kannada
ಷರಶ,Kannada
ಪದಗ together,Kannada
ಜನರ ಸವನ ಅಥವ ಅವರ ಅವರ ಅದನ,Kannada
ಅವರ ಷಯವನ ಬಯಸ ಅದನ ಅವರ ಇದನ ಆಸಕ,Kannada
ಳಬಹ ರಸವ,Kannada
ನನಗ ಆಸಕ,Kannada
ಏನನ ನನಗ ಲಭವ ತನಲ,Kannada
ಅದನ,Kannada
ತನಲ ಲಭವ ಅದನ ಗರನ ಳಬಹ,Kannada
ನನಗ,Kannada
,Kannada
,Kannada
,Kannada
ಬದಲ ಬಯಸ ಅದನ,Kannada
ಆವರ ಳಬಹ,Kannada
ತನನ,Kannada
ಆವರ ಸಬಹ ಸಮಯ,Kannada
,Kannada
ತವವ,Kannada
,Kannada
ಗದಲ,Kannada
ಳಬಹ ಇದರರ,Kannada
,Kannada
,Kannada
ನನಗ ಆದರ ಯದಲ,Kannada
ದಗಳ ಳಬಹ ಅಥವ,Kannada
ಗರಲ ಟಪಡ ಯಕವ ನನಗ,Kannada
ಬಟನ,Kannada
ನಮಸ,Kannada
ಬಳಸಬಹ 100 ಉಪಯ ಯಗಳನ,Kannada
ಸವನ,Kannada
ಬಳಸ ಒಳಗ ಖರವ ನಕಲ ರಯತ,Kannada
,Kannada
ಶಯಗಳ,Kannada
,Kannada
,Kannada
,Kannada
ಲದವರ,Kannada
,Kannada
ದಗಳ,Kannada
,Kannada
,Kannada
,Kannada
,Kannada
,Kannada
ಕದಲ,Kannada
,Kannada
ಪದದ ನನಗ ಳಬಹ,Kannada
,Kannada
,Kannada
,Kannada
ನನಗ,Kannada
,Kannada
,Kannada
,Kannada
ಅದನ,Kannada
ಅದನ ಮನಸ,Kannada
ಡಬಲ ದಯವ,Kannada
ನನಗ,Kannada
ನನಗ,Kannada
,Kannada
,Kannada
ಯಗಳ,Kannada
ಅದರ,Kannada
ಯಗಳ,Kannada
,Kannada
,Kannada
ಟಣದ,Kannada
,Kannada
ಷಯದಲ ನನಗ,Kannada
ಅದನ,Kannada
,Kannada
,Kannada
,Kannada
,Kannada
100,Kannada
,Kannada
ನನಗ,Kannada
,Kannada
,Kannada
ನಯವ,Kannada
,Kannada
ಸಬಹ,Kannada
ಮನಸ,Kannada
,Kannada
,Kannada
,Kannada
,Kannada
ಸಲಹ,Kannada
ಚಲನಚ ರಗಳ,Kannada
dinner,Kannada
,Kannada
ನನಗ,Kannada
ಅದರ ನನಗ,Kannada
,Kannada
,Kannada
,Kannada
ಗಳನ,Kannada
,Kannada
ಯದಲ ಬಯಸ,Kannada
ಮನಸ,Kannada
ಯದಲ,Kannada
ಗಳನ,Kannada
ರತವ,Kannada
ಏನನ ಟಪಡ ಆದರ ನನಗ,Kannada
,Kannada
ಬಳಸ ಮನಸ,Kannada
,Kannada
ದಯವ ತಪಡ,Kannada
,Kannada
ಟವಶ,Kannada
ಬಯಸ,Kannada
,Kannada
ಗಳನ,Kannada
ನನಗ ಸಬಹ,Kannada
ದಯವ,Kannada
ನನಗ ಹಣವನ ಬಯಸ,Kannada
ಇದಕ ಡಬಹ,Kannada
,Kannada
,Kannada
ಷಪಡ,Kannada
ನನಗ,Kannada
ನನಗ,Kannada
ಗಳನ,Kannada
ತರಬಹ,Kannada
,Kannada
ಬಯಸ,Kannada
ದಯವ,Kannada
ದಗಳ,Kannada
ಆದರ ದಗಳ,Kannada
ಯವನ ದಗಳ,Kannada
ಜನರ ದಗಳ,Kannada
ದಗಳ,Kannada
ಅದನ,Kannada
,Kannada
,Kannada
,Kannada
ಅದನ,Kannada
ಸಮಯದಲ,Kannada
,Kannada
,Kannada
ದಯವ ಡಬಹ,Kannada
,Kannada
,Kannada
,Kannada
,Kannada
ಅದರ,Kannada
ದಯವ,Kannada
ಅದರ,Kannada
,Kannada
ಯಗಳ ಠಗಳನ ಬಯಸ ಗದಲ ನನಗ,Kannada
ಟಪಟ ಬಟನ ಠಗಳನ ಬಟನ,Kannada
ರದಲ ಠದಲ,Kannada
ಲದಲ,Kannada
ಅವಳ ಮಗಳ ಆದರ ಅವಳ ಪದಗಳ ದರವ,Kannada
ಅವಳ,Kannada
ನನಗ,Kannada
ಜಗಳನ ನನಗ ಅದನ ದರವ ಸಮಸ,Kannada
ಲಸವನ ಅವಳ ಡವಳ ಅವಳ,Kannada
ಅವಳ ರದವರ ಆದರ ಅವಳ ಅವರ ಲರನ ಅಸಭ ಷರನ ಅವರ ಯವರ ಅವರಲ,Kannada
ಅವನ ಇರಲ ಬಯಸ,Kannada
ಅವನ ಬಯಸ ಡಬಹ ಯವರ ಯವನ,Kannada
ಅಥವ,Kannada
ಅವಳ ಮಲಗ ಅವಳನ,Kannada
ದರವ ಆದರ ಯವನ,Kannada
ಷಣದಲ ನಗಲ ಅವಳ ಕನಸನ ಯಪಟ,Kannada
ಚರವ ಅವಳ ಯತಮ ಕನಸ,Kannada
ಕನಸ,Kannada
ಅವರ ಬಯಸ ಅವರ ಅವರ ನವನ ಕನಸ,Kannada
ಅದರ ಕನಸ,Kannada
ಕನಸ ಕನಸ ನನಗ ನನಗ,Kannada
ಮಗಳ,Kannada
ಅವರ ಅವರ ವಯಸ ಆದರ ರಹಸ ಯವನ,Kannada
,Kannada
ಯವನ ಮಗಳ ಅವಳ ಅವಳ ಬಯಸ ಅವಳ ಕನಸ ನನಸ ಅವಳ,Kannada
ಸಮಯಕ es ಅವಳ,Kannada
ಮಗಳ ರಹಸ ಪರಸ,Kannada
ಕನಸ ನನಸ ಅವಳ ಟದಲ ದರವ,Kannada
ಅವರ ನಗಳ ರಗಳ,Kannada
ಅದರ ಅವಳ ಕನಸ ದರವ,Kannada
ಆದರ ಅವಳ,Kannada
ಮಗಳ ಆದರ ಅವನ,Kannada
ಅವರ ದರರ ಪವನ,Kannada
ಅದರ ಅವಳ ಅವನ ಅವರ ರಟರ,Kannada
,Kannada
ಅವರ ಯವನ ಯಚಕ ನನಗ ಬಯಸ ಬಯಸ ಣಬಹ ಅರಮನ,Kannada
ಬಳಲ ಅವರ table ಟಕಕ ರವನ ದಗಳ ಅವರ room ಯಕರವ ಗಳನ,Kannada
ಯಗಳ ದರವ ದರವ,Kannada
ಅದರ ಇದನ ತಮವ ಆದರ ಅದನ,Kannada
,Kannada
ಆದರ ನಬಹ ರವನ,Kannada
ಆದರ ಲದಕ ಅವಳ ರದಲ ನನಗ ಅಳಲ ಆದರ,Kannada
ಗಳನ ರಯತ,Kannada
ಷಯಗಳನ ಟಪಟ ಬಯಸ,Kannada
ಬರನ,Kannada
,Kannada
ಅವಳ ಆಳವ,Kannada
ಅವಳ ಅಥವ ಮಗಳ,Kannada
ಜಕವ ಅದನ,Kannada
ಅವನ ದರವ ಅವನ ಆದರ ಇತರರ ನನಗ ನನಗ ನನಗ,Kannada
,Kannada
ಯದನ,Kannada
ಗಗಳನ ಬದಲ ಆದರ ಅವಳ ಆಗಲ ಅವರನ ನಮಗ,Kannada
ಅವರ ಲವನ ಅವಳ ಸಮಯದ ಬದಲ,Kannada
ಅವಳ ಬಯಸ es,Kannada
ಆದರ ಅವನ ಗಬಹ ಯವರ,Kannada
hottest may day record temperature pas 34c come recorded warmest may night sunday temperature reached,Tamil
saudi arabia spending spree reached end line mb vison 2030 project seemed stuff science fiction reality bitten,Malayalam
bbc news app top story breaking news live reporting follow news topic match interest,Dutch
spur admit football success driving decision tottenham say football success driving decision non executive chairman peter charrington admitted failing vowed rebuild open letter club supporter,Portugeese
trump say iran nearing peace deal pope leo weighs rise president trump say deal iran end largely negotiated pope leo xiv weighed today rise first encyclical,Malayalam
morning news brief trump tout breakthrough negotiation end iran middle eastern country react news potential deal end africa race contain fast spreading ebola outbreak,Dutch
far right elam party inspired golden dawn make gain cyprus election strongly anti turkish party double seat although mainstream party see vote crumble predicted anti immigrant far right party inspired greece defunct neo nazi golden dawn made biggest gain sunday parliamentary election cyprus elam greek national people front pushed closure checkpoint ethnically split island vociferously anti turkish doubled seat member legislature securing vote href reading,Portugeese
shock iran unites middle east rival pushing trump towards peace region adapting diminished power washington fails land knockout blow tehran safeguard ally href east crisis live update shock iran fallout driven rival middle east get behind peace deal pushing trump administration accept tentative agreement href face furious opposition israel supporter washington diplomatic effort come region reshaping adapt diminished power washington inability land knockout blow iran force opening strait hormuz safeguard gulf ally tehran friend region regime survival meant neighbour find accommodation href reading,Dutch
texas officer rescue infant car trapped floodwaters video show officer firefighter surrounding white car partially submerged fast moving water authority texas rescued infant saturday vehicle became trapped floodwaters beeville south san antonio href released sunday beeville police department showed officer firefighter surrounding white car partially submerged fast moving water one first responder approached car distressed vehicle asked get kid href reading,English
parquet demande renvoi jean christophe lagarde affaire fausse information publiée point raquel garrido alexis corbière ministère public demande renvoi ancien député udi saint denis 2017 2022 ancien assistant parlementaire rudy employé mairie drancy noam escroquerie bande organisée recel biens provenant vol,Tamil
incendie criminel près lyon trois jeunes an mi examen enquête révèle drame pourrait être lié règlement comptes plongeant quartier stupeur inquiétude,French
sachsen anhalt afd kirchen bekämpft afd sachsen anhalt kirchen an geld pläne fall wahlsiegs schwer durchsetzbar katholiken protestanten bereiten harte zeiten,Malayalam
cem özdemir stil regierens ändern baden württembergs ministerpräsident erklärt bürokratieabbau schaffen hühnerställe tun warum afd politikern hand gibt,Italian
rubio indien außenminister betreibt schadensbegrenzung grund besucht marco rubio subkontinent kurz gipfel trump viele fürchten rückzug usa indopazifik,Malayalam
kino cafés club retten traditionsreiche cafés kino club verschwinden oft rettung öffentliche hand gerufen warum engagieren,Italian
tote hosen doku ard versenkt mal swr produziert außergewöhnlichen film toten hosen erste zeigt doku samstagnachts eins programmplanung wirkt sabotage fordert unterkomplexe schlagzeilen heraus,Tamil
wiesbaden biebrich panzergeschoss rheinufer entdeckt spaziergänger meldet pfingstmontag granate höhe biebricher schlosses wiesbaden kampfmittelräumdienst rückt schnell entwarnung geben,Sweedish
fußball transferticker mailand stellt führungsetage trainer frei wichtigsten transfer news fußball transfermarkt vereinswechsel vertragsverlängerungen bundesliga international überblick,Dutch
tom feiling japan anfühlt aussterbenden land leben einst japan vorbild technischen fortschritt heute zeigt welt wohin wirtschaftliche stagnation überalterung vereinsamung führen tom feiling reist land europa warnung dienen,English
blood flow restriction training fühlt muskel platzen neue trainingsmethode verspricht muskelwachstum leichteren gewichten funktioniert blood flow restriction training wirklich sicher,English
bücher podcast mutter spricht martin piekar roman fällen stammbaums alkohol angst wut liebe fällen stammbaums erzählt martin piekar sicht sohnes geschichte geflüchteten gespräch neues literaturrätsel,Spanish
abhängigkeit usa deutschland hängt trump digitaler kette kette warum deutsche verwaltung digital amerika abhängig dagegen tun,Malayalam
humanitäre katastrophe warum stoppt niemand sterben sudan land erlebt schwerste humanitäre katastrophe unserer zeit betrifft westen weniger direkt kriege weltpolizei gibt,Dutch
interview jugendlichen ausländer darf eben faxen semin milen jahre gehen frankfurt zusammen boxen gespräch welt jahren social medium klassischen deutschen,English
neues finanzplatz nächster kriseneinsatz aufsicht neuen revolut europachef fehlt zulassung bank hauck verliert vorstand wertpapieraufsicht esma sucht neuen chef schon gehört,Spanish
jason lee wilson mann perfekten countrysong schrieb amerika heute verstehen countrysänger jason lee wilson tennessee besuchen vorfahren cherokee indianer zählen,Tamil
handtuch hals gezerrt tote kind bretagne gefunden jugendliche festgenommen jähriger wurde montagmorgen gewahrsam genommen jährige meldete später polizei elfjährige opfer lag flussufer rennes fischer kind schreien gehört,Malayalam
harald krassnitzer klar verwesungszustand begonnen harald krassnitzer spielt verlorene mann demenzkranken interview spricht liebesgeschichten verrät warum gute seiten tatort aufzuhören,Malayalam
rhein main liveblog frankfurt endlich koalition los frankfurt hessen lesen aktuelle news nachrichten news ticker heute heute wichtig erfahren,Dutch
uraufführung schauspiel frankfurt rettet kafka unserer liebe darf mal gescheite künstlerische witze roy chen unterhaltsamer zirkus kafka kammerspielen schauspiels frankfurt uraufgeführt,Tamil
spracherkennung wörter worte künstliche intelligenz spracherkennung besser einfacher gemacht drei apps mac zeigen stand technik,Turkish
clemens heller wiener glut wissenschaftsadministrator schweigen joachim nettelbeck gerade deshalb versucht erfolgsgeheimnis kollegen mentor clemens heller herauszufinden,Malayalam
essen paris kocht französin britisch frau französin marion seibel gastro club frau gegründet lädt paris essen serviert ausgerechnet britische speisen,French
kinder krisen eltern beitragen inneren schutzschild kindes stärken viele kinder heute psychisch belastet expertin erklärt eltern erkennen stimmt gegensteuern gibt tipps kind neues geschwisterchen vorbereitet,Malayalam
versteigerungen new york auktionssälen explodieren preise milliardenumsätze millionenlosen großen new yorker frühjahrsauktionen schießen preise spitzenwerke moderner kunst rekordhöhen nächste boom topsegment markts,English
hellbrisen deutschland stromsystem limit pfingstwochenende strommarkt verrückt spielen solaranlagen müssen endlich besser gesteuert system digitalisiert,Tamil
петербург подготовил подписанию пмэф несколько десятков соглашений губернатор города александр беглов отметил значительная часть направлена развитие передовой промышленности,Russian
беглов инфраструктура петербурга подготовлена приему участников пмэф губернатор также напомнил город продолжает крупнейшие дорожные проекты,Russian
украине раскрыли масштабную схему незаконной легализации иностранцев сумму тыс выходцы юго восточной азии северной африки получали пакет документов оформления фиктивного приглашения обучение,Russian
страна украине сотрудника тцк прокатили капоте житель черкасс вел прямую трансляцию время поездки сообщило издание,Russian
кабмин выделил резервного фонда 347 млн рублей ремонт школы донецком средства также пойдут благоустройство пришкольной территории,Russian
вучич отказ санкций против затормозил переговоры вступлении сербии сербский лидер начала спецоперации заявил вводить рестрикции против москвы,Russian
афк система выплатить дивиденды 2025 год совет директоров рекомендовал делать принимая внимание текущую денежно кредитную политику стоящую афк система задачу снижению размера своих обязательств,Russian
россии предложили ввести оплату проезда транспорте кодам остановках vii международном транспортном фестивале транспортфест санкт петербурге также обсуждалось создание единой цифровой системы учета льготных перевозок,Russian
призовой фонд фестиваля фильмов казахстане составит млн astana film festival пройдет сентября октября,Russian
митрополита илариона долго кормили задержания чехии редакция telegram канала митрополита сообщила вечером задержания питание предоставлено около полуночи,Russian
первое издание книги гарри поттере продали тыс аукционный дом hansons назвал экземпляр крайне редким,Russian
решетников готова наращивать поставки кофе тропических фруктов бразилии министр экономического развития отметил россия также открыта взаимодействию сфере здравоохранения фармацевтики,Russian
леонела мантурова сыграет валентину терешкову фильме чайка отметили компании атмосфера кино подготовка съемкам заняла около года,Russian
видит перспективы сооружения атомных энергоблоков бразилии министр экономического развития максим решетников заявил россия также настроена дальнейшее сотрудничество сфере,Russian
лизаалерт пропавшую петербурге восьмилетнюю девочку нашли ребенка увезла мать которая лишена родительских прав,Russian
студентов атакованного всу колледжа пригласили учебу курганской области регион также готов принять качестве вожатых детские лагеря летний период,Russian
тасс бригаде всу волчанском районе ротации около года информация появилась стало известно пропаже вести роты подразделения районе села избицкое сообщили российских силовых структурах,Russian
тасс работников заповедника киево печерской лавры заставляют посещать службы пцу таких службах бывает человек рассказали российских силовых структурах,Russian
тасс беговом районе москвы пройдут работы применением вертолетной техники плановые инженерно технические работы пройдут мая,Russian
разработан набор тестов оценки качества работы мышечного управления техникой это позволит выявить недостатки повысить качество работы,Russian
пашинян намерен подать иск против карапетяна слова доме канаде премьер министр армении заявил лидер партии сильная армения попросит прощения,Russian
путин подписал закон отпуске родителям детям военных инвалидностью документ устанавливает такая возможность также появится родителей детей числе совершеннолетних некоторых военнослужащих холосты,Russian
усилили профилактические меры защиты исторической правды новыми направлениями профилактики становятся недопущение умаления значения подвига народа защите отечества также исполнение воинской обязанности несение военной службы,Russian
туристов лишили жизни сбросили кишащую крокодилами реку сафари парке африки,Russian
обнародованы новые подробности найденном признаков жизни липецком мужчине,Russian
мужчина потратил годы переэкзаменовку ради работы такси,Russian
около российского города затонула лодка людьми,Russian
женщина параплане столкнулась самолетом небе европой записала это видео,Russian
россии ответили слова зеленского ударе возмездия,Russian
перечислены опаснейшие народные методы снятия зубной боли,Russian
россиянка показала лучший номер отеля китайском городе рассмешила подписчиков,Russian
летний турист пригласил номер отеля трансгендеров лишился сотен тысяч рублей,Russian
мать пятерых детей оказалась коме третий день прилета канары,Russian
опубликовано видео работы иностранных журналистов месте удара всу старобельску,Russian
захарова объяснила блокирование западом информации трагедии старобельске,Russian
молния лишила жизни туриста горе индонезии,Russian
путин подписал закон защите исторической правды президент россии href target _blank владимир путин мая подписал закон который обеспечивать защиту против искажения исторической правды соответствующий документ опубликован мая официальном href правовой информации,Russian
ставрополье сотрудница магазина магнит жестоко убила бездомных котят светлограде ставропольского края сотрудница магазина магнит жестоко расправилась бездомными котятами которые ждали новых хозяев возле магазина сообщили пресс службе благотворительного фонда кусочек счастья бездомной кошки соцсети вконтакте уточняется жительница города нашла коробку котятами попыталась пристроить животных социальные сети волонтеры прибыли магазину котята мертвы сотрудница торговой точки призналась убила животных свернув шеи сломав позвоночники это произошло мая,Russian
заброшенный завод кургансельмаш начнет производить арматуру кургане начали реконструировать бывшие заброшенные цеха завода кургансельмаш обновленной площадке будут производить трубопроводную арматуру сообщил глава региона вадим шумков подчеркнул губернатор проект получил поддержку стороны государства областной столице запланировано строительство модернизация пяти крупных промышленных производств среди цех бывшего керамзитного завода пишет href предприятиях создано около тыс новых рабочих мест,Russian
россии упростили порядок отстранения управления авто пьяном виде президент россии href target _blank владимир путин подписал закон который сокращает количество необходимых процессуальных документов освидетельствовании водителей состояние алкогольного опьянения соответствующий документ мая опубликован официальном href правовой информации,Russian
астрономы узнали способности черных дыр разрушать атмосферу экзопланет исследователи флоридского технологического института руководством ведущего автора джордана вааса выяснили сверхмассивные черные дыры центрах галактик могут делать экзопланеты непригодными жизни огромном удалении ядра разрушая атмосферы озоновые слои мая сообщил журнал href today,Russian
единая россия обеспечила принятие 100 законов развития арктики партия единая россия государственной думе обеспечила принятие около 100 федеральных законов сфере развития дальнего востока арктической зоны мая заявил секретарь генсовета единой россии владимир якушев шестом партийном форуме результат владивостоке это арктика ред особая территория огромными возможностями задачами которые требуют нестандартных точных решений многом формируется будущее россии цитирует href,Russian
единые учебники информатике старшеклассников появятся 2027 году россии единые государственные учебники информатике старшеклассников появятся 2027 году мая сообщил министр просвещения сергей кравцов,Russian
разбитый футболистами спартака кубок россии изготовят заново передадут клубу российский футбольный союз рфс изготовит новый трофей замену кубку россии который сломал футболист спартака пабло солари мая сообщил директор департамента мероприятий маркетинговых коммуникаций рфс кирилл терешин,Russian
глава мид эстонии выступил против посредничества переговорах украине европе следует выступать посредником переговорах конфликту href target _blank украине мая сообщил министр иностранных дел эстонии маргус цахкна роль посредника подразумевает занятие нейтральной позиции начала поиска компромисса украиной россией это абсолютно наша цель приводит слова телеканал href,Russian
путин подписал закон праве привлекать защиты арестованных рубежом президент россии href target _blank владимир путин подписал закон позволяющий привлекать вооруженные силы защиты россиян арестованных решению иностранных судов участия соответствующий документ мая размещен официальном href правовой информации отмечается это закон разработан защиты прав россиян тех арестовали начали иное преследование против участия россии,Russian
покровка театр объяснили идею поддержки артистов чаевыми идея поддержки артистов чаевыми является заменой государственной поддержки театра системы оплаты труда мая беседе известиями рассказал художественный руководитель покровка театр дмитрий бикбаев государственный театр продолжает выполнять культурную миссию артисты получают заработную плату установленном порядке собираем никаких дополнительных платежей участвуем движении денежных средств это исключительно возможность зрителя выразить личную благодарность артисту чья работа особенно тронула отметил бикбаев,Russian
пути дата центрам почему финтех компании вкладывают миллиарды инфраструктуру американский гигант nextera energy покупает dominion energy freedom holding строит крупнейший кластер центральной азии,English
shaman опубликовал видео посольства сша рассказал папке списком фамилий заслуженный артист россии певец ярослав дронов известен псевдонимом shaman мая telegram канале опубликовал видео посольства href target _blank сша href target _blank москве заявил прольет свет правды хотели молчал привет россия это shaman сказал музыкант заявил распоряжении оказалась папка списком фамилий пообещал вскоре пролить свет правды,Russian
фестиваль новое движение объявил внеконкурсные программы фильм открытия третий фестиваль молодого кино новое движение который пройдет мая июня великом новгороде объявляет фильм открытия внеконкурсные программы году фестиваль представит спецпрограммы обращенные самой разной аудитории авторское кино разных регионов россии самые яркие короткометражные фильмы семейные картины отдельной частью фестиваля станет выставка современного искусства наследие авангарда посвященная художественной преемственности переосмыслению идей русского авангарда современными авторами,Russian
врачи рассказали пользе вреде жевательной резинки здоровья специалисты объяснили жевательная резинка влияет состояние зубов когнитивные функции мозга также назвали правила использования подробности материале известий правила гигиены,Russian
турецкий беспилотный автобус попал аварию швеции первый день эксплуатации беспилотный автобус производства турецкой компании karsan попал дтп шведском гетеборге первый день линии мая сообщило агентство href резко затормозил сзади въехал трамвай заявил пресс секретарь компании vasttrafik которой принадлежал автобус патрик уточнил инцидент поднял вопрос внедрении беспилотного общественного транспорта инфраструктуру города,Russian
россии упростили порядок отстранения управления авто пьяном виде президент подписал закон который сокращает число документов оформляемых освидетельствовании нетрезвых водителей,Russian
лавров атака всу старобельск останется эпизодом который ответили сергей лавров прокомментировал атаку всу колледж старобельске заявил останется просто эпизодом который ответили,Russian
путин подписал закон списании долгов бойцам сво владимир путин подписал закон прекращении обязательств участников сво заключивших контракт мая текущего года взятым подписания кредитам,Russian
приморье опытный водитель погиб дтп непристегнутого ремня приморье свердловской области дтп погибли несколько человек ленобласти урале подростки питбайке электросамокате сбили детей пенсионерку,Russian
приморье застрелили медведя бродившего поселку несколько дней хищник несколько дней появлялся рядом жилыми домами боялся людей специалисты считают зверя мог вытеснить леса шум техники вырубка возле лэп,Russian
юар туристов убили время сафари бросили съедение крокодилам супруги исчезли поездки сафари маршруту позже тела ножевыми ранениями обнаружили реки полиция проверяет версию нападения браконьеров угон автомобиля,Russian
новые удары возмездия летят важным точкам киева главная новость мая василий дандыкин проанализировал атаку всу ярославль военный эксперт также назвал ключевые цели удары которым способны предотвратить ракетные удары российским городам,Russian
shaman видео посольства сша заявил прольет свет правды ярослав дронов раскрыл содержание папки которую принес американскому диппредставительству,Russian
киберэксперт зыков рассказал какие данные публиковать интернете эксперт цифровой безопасности отметил фотографии документов геолокация снимки работы могут стать источником данных мошенников злоумышленников,Russian
стало известно прятался зеленский время ударов орешником зеленского несколько тайных бункеров разных областях украины прятался момент ударов орешником эксклюзивном комментарии aif рассказал политик экс депутат верховной рады спиридон килинкаров,Russian
хоценко омская область уступает сочи числу солнечных дней году встрече кремле хоценко рассказал путину омской области столько солнечных дней сколько сочи,Russian
наследный принц дубая показал видео прыжка парашютом palm jumeirah наследный принц дубая шейх хамдан показал видео котором исполняет трюки время прыжка парашютом,Russian
психолог кочетова объяснила помочь людям синдромом плюшкина специалист советует выбрасывать чужие вещи согласия поскольку это усилить тревожность окончательно разрушить доверие семье,Russian
россиянам рассказали распознать обман жестам позе специалисты невербальной коммуникации отмечают эмоции человека часто проявляются голос пластику мимику изменения цвета кожи,Russian
политолог данилин назвал настоящую причину слов вучича возможной отставке президент сербии вучич заявил скором времени подать отставку политолог данилин назвал причину решения,Russian
евродепутат пиперя румыния потеряла миллиарды членства значительная часть европейских средств ушла инфраструктуру медицину дорогостоящие консультации проекты ощутимого результата заявил георге пиперя,Russian
истерика нато лондон устроил цирк вокруг полета хили границ британский самолет министром обороны джоном хили борту потерял сигнал время пролета возле границ генерал майор попов объяснил почему эта ситуация является просто раздуванием паники,Russian
time около жителей украины живут психическими расстройствами эксперты предупреждают последствия конфликта могут сказаться нескольких поколениях украинцев,Russian
раскрыто тихановская самом деле приехала киев светлана тихановская мая приехала киев политолог вакаров объяснил причину внезапного визита,Russian
нижнем новгороде задержали водителя устроившего пьяное дтп дебош нижнем новгороде задержан водитель который справился управлением похвалинском съезде вылетел встречную полосу врезался автомобиль,Russian
прикрывали элиту защищавшая квартал зеленского пво разнесла дом пво повредила дом киеве котором находятся квартиры зеленского миндича генерал попов заявил системы пво могли защищать целый квартал домов живет элита,Russian
собянин сообщил запуске производств территории оэз москвы 2026 году 2026 году территории особой экономической зоны технополис москва планируется открыть новых уникальных производств,Russian
